ISO-10303-21;
HEADER;
FILE_DESCRIPTION(('KiCad electronic assembly'),'2;1');
FILE_NAME('Sienkiewicz_LED.step','2026-05-02T10:38:10',('Pcbnew'),(
    'Kicad'),'Open CASCADE STEP processor 7.8','KiCad to STEP converter'
  ,'Unknown');
FILE_SCHEMA(('AUTOMOTIVE_DESIGN { 1 0 10303 214 1 1 1 1 }'));
ENDSEC;
DATA;
#1 = APPLICATION_PROTOCOL_DEFINITION('international standard',
  'automotive_design',2000,#2);
#2 = APPLICATION_CONTEXT(
  'core data for automotive mechanical design processes');
#3 = SHAPE_DEFINITION_REPRESENTATION(#4,#10);
#4 = PRODUCT_DEFINITION_SHAPE('','',#5);
#5 = PRODUCT_DEFINITION('design','',#6,#9);
#6 = PRODUCT_DEFINITION_FORMATION('','',#7);
#7 = PRODUCT('Sienkiewicz_LED 1','Sienkiewicz_LED 1','',(#8));
#8 = PRODUCT_CONTEXT('',#2,'mechanical');
#9 = PRODUCT_DEFINITION_CONTEXT('part definition',#2,'design');
#10 = SHAPE_REPRESENTATION('',(#11,#15,#19,#23,#27,#31,#35,#39,#43,#47,
    #51,#55,#59,#63,#67,#71,#75,#79,#83,#87,#91),#95);
#11 = AXIS2_PLACEMENT_3D('',#12,#13,#14);
#12 = CARTESIAN_POINT('',(0.,0.,0.));
#13 = DIRECTION('',(0.,0.,1.));
#14 = DIRECTION('',(1.,0.,-0.));
#15 = AXIS2_PLACEMENT_3D('',#16,#17,#18);
#16 = CARTESIAN_POINT('',(-2.,-16.,1.6));
#17 = DIRECTION('',(-0.,0.,1.));
#18 = DIRECTION('',(1.110223024625E-16,-1.,0.));
#19 = AXIS2_PLACEMENT_3D('',#20,#21,#22);
#20 = CARTESIAN_POINT('',(-6.,16.,1.6));
#21 = DIRECTION('',(0.,-0.,1.));
#22 = DIRECTION('',(1.110223024625E-16,1.,0.));
#23 = AXIS2_PLACEMENT_3D('',#24,#25,#26);
#24 = CARTESIAN_POINT('',(6.,-16.,1.6));
#25 = DIRECTION('',(-0.,0.,1.));
#26 = DIRECTION('',(1.110223024625E-16,-1.,0.));
#27 = AXIS2_PLACEMENT_3D('',#28,#29,#30);
#28 = CARTESIAN_POINT('',(-16.,2.,1.6));
#29 = DIRECTION('',(0.,0.,1.));
#30 = DIRECTION('',(-1.,1.224646799147E-16,0.));
#31 = AXIS2_PLACEMENT_3D('',#32,#33,#34);
#32 = CARTESIAN_POINT('',(2.,-16.,1.6));
#33 = DIRECTION('',(-0.,0.,1.));
#34 = DIRECTION('',(1.110223024625E-16,-1.,0.));
#35 = AXIS2_PLACEMENT_3D('',#36,#37,#38);
#36 = CARTESIAN_POINT('',(-16.,-6.,1.6));
#37 = DIRECTION('',(0.,0.,1.));
#38 = DIRECTION('',(-1.,1.224646799147E-16,0.));
#39 = AXIS2_PLACEMENT_3D('',#40,#41,#42);
#40 = CARTESIAN_POINT('',(6.,16.,1.6));
#41 = DIRECTION('',(0.,-0.,1.));
#42 = DIRECTION('',(1.110223024625E-16,1.,0.));
#43 = AXIS2_PLACEMENT_3D('',#44,#45,#46);
#44 = CARTESIAN_POINT('',(-6.,-16.,1.6));
#45 = DIRECTION('',(-0.,0.,1.));
#46 = DIRECTION('',(1.110223024625E-16,-1.,0.));
#47 = AXIS2_PLACEMENT_3D('',#48,#49,#50);
#48 = CARTESIAN_POINT('',(16.,6.,1.6));
#49 = DIRECTION('',(0.,0.,1.));
#50 = DIRECTION('',(1.,0.,0.));
#51 = AXIS2_PLACEMENT_3D('',#52,#53,#54);
#52 = CARTESIAN_POINT('',(-2.,16.,1.6));
#53 = DIRECTION('',(0.,-0.,1.));
#54 = DIRECTION('',(1.110223024625E-16,1.,0.));
#55 = AXIS2_PLACEMENT_3D('',#56,#57,#58);
#56 = CARTESIAN_POINT('',(16.,-6.,1.6));
#57 = DIRECTION('',(0.,0.,1.));
#58 = DIRECTION('',(1.,0.,0.));
#59 = AXIS2_PLACEMENT_3D('',#60,#61,#62);
#60 = CARTESIAN_POINT('',(16.,2.,1.6));
#61 = DIRECTION('',(0.,0.,1.));
#62 = DIRECTION('',(1.,0.,0.));
#63 = AXIS2_PLACEMENT_3D('',#64,#65,#66);
#64 = CARTESIAN_POINT('',(2.,16.,1.6));
#65 = DIRECTION('',(0.,-0.,1.));
#66 = DIRECTION('',(1.110223024625E-16,1.,0.));
#67 = AXIS2_PLACEMENT_3D('',#68,#69,#70);
#68 = CARTESIAN_POINT('',(-16.,6.,1.6));
#69 = DIRECTION('',(0.,0.,1.));
#70 = DIRECTION('',(-1.,1.224646799147E-16,0.));
#71 = AXIS2_PLACEMENT_3D('',#72,#73,#74);
#72 = CARTESIAN_POINT('',(-16.,-2.,1.6));
#73 = DIRECTION('',(0.,0.,1.));
#74 = DIRECTION('',(-1.,1.224646799147E-16,0.));
#75 = AXIS2_PLACEMENT_3D('',#76,#77,#78);
#76 = CARTESIAN_POINT('',(16.,-2.,1.6));
#77 = DIRECTION('',(0.,0.,1.));
#78 = DIRECTION('',(1.,0.,0.));
#79 = AXIS2_PLACEMENT_3D('',#80,#81,#82);
#80 = CARTESIAN_POINT('',(0.,7.,-0.12));
#81 = DIRECTION('',(0.,-1.224646799147E-16,-1.));
#82 = DIRECTION('',(1.,0.,0.));
#83 = AXIS2_PLACEMENT_3D('',#84,#85,#86);
#84 = CARTESIAN_POINT('',(0.,-3.,-0.12));
#85 = DIRECTION('',(0.,-1.224646799147E-16,-1.));
#86 = DIRECTION('',(1.,0.,0.));
#87 = AXIS2_PLACEMENT_3D('',#88,#89,#90);
#88 = CARTESIAN_POINT('',(10.16,1.285,-0.12));
#89 = DIRECTION('',(1.499759782662E-32,1.224646799147E-16,-1.));
#90 = DIRECTION('',(-1.,1.224646799147E-16,0.));
#91 = AXIS2_PLACEMENT_3D('',#92,#93,#94);
#92 = CARTESIAN_POINT('',(0.,0.,0.));
#93 = DIRECTION('',(0.,0.,1.));
#94 = DIRECTION('',(1.,0.,-0.));
#95 = ( GEOMETRIC_REPRESENTATION_CONTEXT(3) 
GLOBAL_UNCERTAINTY_ASSIGNED_CONTEXT((#99)) GLOBAL_UNIT_ASSIGNED_CONTEXT(
(#96,#97,#98)) REPRESENTATION_CONTEXT('Context #1',
  '3D Context with UNIT and UNCERTAINTY') );
#96 = ( LENGTH_UNIT() NAMED_UNIT(*) SI_UNIT(.MILLI.,.METRE.) );
#97 = ( NAMED_UNIT(*) PLANE_ANGLE_UNIT() SI_UNIT($,.RADIAN.) );
#98 = ( NAMED_UNIT(*) SI_UNIT($,.STERADIAN.) SOLID_ANGLE_UNIT() );
#99 = UNCERTAINTY_MEASURE_WITH_UNIT(LENGTH_MEASURE(1.E-07),#96,
  'distance_accuracy_value','confusion accuracy');
#100 = PRODUCT_RELATED_PRODUCT_CATEGORY('part',$,(#7));
#101 = SHAPE_DEFINITION_REPRESENTATION(#102,#108);
#102 = PRODUCT_DEFINITION_SHAPE('','',#103);
#103 = PRODUCT_DEFINITION('design','',#104,#107);
#104 = PRODUCT_DEFINITION_FORMATION('','',#105);
#105 = PRODUCT('LED_1206_3216Metric','LED_1206_3216Metric','',(#106));
#106 = PRODUCT_CONTEXT('',#2,'mechanical');
#107 = PRODUCT_DEFINITION_CONTEXT('part definition',#2,'design');
#108 = ADVANCED_BREP_SHAPE_REPRESENTATION('',(#11,#109),#1632);
#109 = MANIFOLD_SOLID_BREP('',#110);
#110 = CLOSED_SHELL('',(#111,#151,#198,#277,#301,#341,#372,#389,#422,
    #446,#513,#634,#701,#725,#756,#789,#845,#869,#893,#917,#950,#962,
    #1025,#1050,#1067,#1091,#1109,#1127,#1145,#1162,#1179,#1210,#1235,
    #1260,#1284,#1301,#1332,#1356,#1373,#1401,#1426,#1450,#1475,#1522,
    #1539,#1551,#1573,#1585,#1603,#1621));
#111 = ADVANCED_FACE('',(#112),#146,.F.);
#112 = FACE_BOUND('',#113,.F.);
#113 = EDGE_LOOP('',(#114,#124,#132,#140));
#114 = ORIENTED_EDGE('',*,*,#115,.T.);
#115 = EDGE_CURVE('',#116,#118,#120,.T.);
#116 = VERTEX_POINT('',#117);
#117 = CARTESIAN_POINT('',(-1.,-0.8,0.44));
#118 = VERTEX_POINT('',#119);
#119 = CARTESIAN_POINT('',(-0.9,-0.8,1.1));
#120 = LINE('',#121,#122);
#121 = CARTESIAN_POINT('',(-1.,-0.8,0.44));
#122 = VECTOR('',#123,1.);
#123 = DIRECTION('',(0.149805379428,0.,0.988715504225));
#124 = ORIENTED_EDGE('',*,*,#125,.T.);
#125 = EDGE_CURVE('',#118,#126,#128,.T.);
#126 = VERTEX_POINT('',#127);
#127 = CARTESIAN_POINT('',(0.9,-0.8,1.1));
#128 = LINE('',#129,#130);
#129 = CARTESIAN_POINT('',(-0.9,-0.8,1.1));
#130 = VECTOR('',#131,1.);
#131 = DIRECTION('',(1.,0.,0.));
#132 = ORIENTED_EDGE('',*,*,#133,.T.);
#133 = EDGE_CURVE('',#126,#134,#136,.T.);
#134 = VERTEX_POINT('',#135);
#135 = CARTESIAN_POINT('',(1.,-0.8,0.44));
#136 = LINE('',#137,#138);
#137 = CARTESIAN_POINT('',(0.9,-0.8,1.1));
#138 = VECTOR('',#139,1.);
#139 = DIRECTION('',(0.149805379428,0.,-0.988715504225));
#140 = ORIENTED_EDGE('',*,*,#141,.T.);
#141 = EDGE_CURVE('',#134,#116,#142,.T.);
#142 = LINE('',#143,#144);
#143 = CARTESIAN_POINT('',(1.,-0.8,0.44));
#144 = VECTOR('',#145,1.);
#145 = DIRECTION('',(-1.,0.,2.775557561563E-17));
#146 = PLANE('',#147);
#147 = AXIS2_PLACEMENT_3D('',#148,#149,#150);
#148 = CARTESIAN_POINT('',(0.,-0.8,0.757147194234));
#149 = DIRECTION('',(1.313075150093E-49,1.,1.103763151667E-32));
#150 = DIRECTION('',(0.,-1.103763151667E-32,1.));
#151 = ADVANCED_FACE('',(#152),#193,.T.);
#152 = FACE_BOUND('',#153,.T.);
#153 = EDGE_LOOP('',(#154,#164,#172,#178,#179,#187));
#154 = ORIENTED_EDGE('',*,*,#155,.T.);
#155 = EDGE_CURVE('',#156,#158,#160,.T.);
#156 = VERTEX_POINT('',#157);
#157 = CARTESIAN_POINT('',(-1.,0.8,0.44));
#158 = VERTEX_POINT('',#159);
#159 = CARTESIAN_POINT('',(-1.,0.6,0.44));
#160 = LINE('',#161,#162);
#161 = CARTESIAN_POINT('',(-1.,0.8,0.44));
#162 = VECTOR('',#163,1.);
#163 = DIRECTION('',(0.,-1.,0.));
#164 = ORIENTED_EDGE('',*,*,#165,.T.);
#165 = EDGE_CURVE('',#158,#166,#168,.T.);
#166 = VERTEX_POINT('',#167);
#167 = CARTESIAN_POINT('',(-1.,-0.6,0.44));
#168 = LINE('',#169,#170);
#169 = CARTESIAN_POINT('',(-1.,0.8,0.44));
#170 = VECTOR('',#171,1.);
#171 = DIRECTION('',(0.,-1.,0.));
#172 = ORIENTED_EDGE('',*,*,#173,.T.);
#173 = EDGE_CURVE('',#166,#116,#174,.T.);
#174 = LINE('',#175,#176);
#175 = CARTESIAN_POINT('',(-1.,0.8,0.44));
#176 = VECTOR('',#177,1.);
#177 = DIRECTION('',(0.,-1.,0.));
#178 = ORIENTED_EDGE('',*,*,#115,.T.);
#179 = ORIENTED_EDGE('',*,*,#180,.F.);
#180 = EDGE_CURVE('',#181,#118,#183,.T.);
#181 = VERTEX_POINT('',#182);
#182 = CARTESIAN_POINT('',(-0.9,0.8,1.1));
#183 = LINE('',#184,#185);
#184 = CARTESIAN_POINT('',(-0.9,0.8,1.1));
#185 = VECTOR('',#186,1.);
#186 = DIRECTION('',(0.,-1.,0.));
#187 = ORIENTED_EDGE('',*,*,#188,.F.);
#188 = EDGE_CURVE('',#156,#181,#189,.T.);
#189 = LINE('',#190,#191);
#190 = CARTESIAN_POINT('',(-1.,0.8,0.44));
#191 = VECTOR('',#192,1.);
#192 = DIRECTION('',(0.149805379428,0.,0.988715504225));
#193 = PLANE('',#194);
#194 = AXIS2_PLACEMENT_3D('',#195,#196,#197);
#195 = CARTESIAN_POINT('',(-1.,0.8,0.44));
#196 = DIRECTION('',(-0.988715504225,0.,0.149805379428));
#197 = DIRECTION('',(0.149805379428,0.,0.988715504225));
#198 = ADVANCED_FACE('',(#199),#272,.F.);
#199 = FACE_BOUND('',#200,.F.);
#200 = EDGE_LOOP('',(#201,#211,#219,#227,#233,#234,#242,#250,#258,#266)
  );
#201 = ORIENTED_EDGE('',*,*,#202,.F.);
#202 = EDGE_CURVE('',#203,#205,#207,.T.);
#203 = VERTEX_POINT('',#204);
#204 = CARTESIAN_POINT('',(-1.54,-0.8,6.E-02));
#205 = VERTEX_POINT('',#206);
#206 = CARTESIAN_POINT('',(-1.45,-0.8,6.E-02));
#207 = LINE('',#208,#209);
#208 = CARTESIAN_POINT('',(-1.54,-0.8,6.E-02));
#209 = VECTOR('',#210,1.);
#210 = DIRECTION('',(1.,0.,0.));
#211 = ORIENTED_EDGE('',*,*,#212,.T.);
#212 = EDGE_CURVE('',#203,#213,#215,.T.);
#213 = VERTEX_POINT('',#214);
#214 = CARTESIAN_POINT('',(-1.54,-0.8,0.44));
#215 = LINE('',#216,#217);
#216 = CARTESIAN_POINT('',(-1.54,-0.8,6.E-02));
#217 = VECTOR('',#218,1.);
#218 = DIRECTION('',(0.,0.,1.));
#219 = ORIENTED_EDGE('',*,*,#220,.T.);
#220 = EDGE_CURVE('',#213,#221,#223,.T.);
#221 = VERTEX_POINT('',#222);
#222 = CARTESIAN_POINT('',(-1.45,-0.8,0.44));
#223 = LINE('',#224,#225);
#224 = CARTESIAN_POINT('',(-1.54,-0.8,0.44));
#225 = VECTOR('',#226,1.);
#226 = DIRECTION('',(1.,0.,0.));
#227 = ORIENTED_EDGE('',*,*,#228,.T.);
#228 = EDGE_CURVE('',#221,#116,#229,.T.);
#229 = LINE('',#230,#231);
#230 = CARTESIAN_POINT('',(-1.54,-0.8,0.44));
#231 = VECTOR('',#232,1.);
#232 = DIRECTION('',(1.,0.,0.));
#233 = ORIENTED_EDGE('',*,*,#141,.F.);
#234 = ORIENTED_EDGE('',*,*,#235,.T.);
#235 = EDGE_CURVE('',#134,#236,#238,.T.);
#236 = VERTEX_POINT('',#237);
#237 = CARTESIAN_POINT('',(1.45,-0.8,0.44));
#238 = LINE('',#239,#240);
#239 = CARTESIAN_POINT('',(-1.54,-0.8,0.44));
#240 = VECTOR('',#241,1.);
#241 = DIRECTION('',(1.,0.,0.));
#242 = ORIENTED_EDGE('',*,*,#243,.T.);
#243 = EDGE_CURVE('',#236,#244,#246,.T.);
#244 = VERTEX_POINT('',#245);
#245 = CARTESIAN_POINT('',(1.54,-0.8,0.44));
#246 = LINE('',#247,#248);
#247 = CARTESIAN_POINT('',(-1.54,-0.8,0.44));
#248 = VECTOR('',#249,1.);
#249 = DIRECTION('',(1.,0.,0.));
#250 = ORIENTED_EDGE('',*,*,#251,.F.);
#251 = EDGE_CURVE('',#252,#244,#254,.T.);
#252 = VERTEX_POINT('',#253);
#253 = CARTESIAN_POINT('',(1.54,-0.8,6.E-02));
#254 = LINE('',#255,#256);
#255 = CARTESIAN_POINT('',(1.54,-0.8,6.E-02));
#256 = VECTOR('',#257,1.);
#257 = DIRECTION('',(0.,0.,1.));
#258 = ORIENTED_EDGE('',*,*,#259,.F.);
#259 = EDGE_CURVE('',#260,#252,#262,.T.);
#260 = VERTEX_POINT('',#261);
#261 = CARTESIAN_POINT('',(1.45,-0.8,6.E-02));
#262 = LINE('',#263,#264);
#263 = CARTESIAN_POINT('',(-1.54,-0.8,6.E-02));
#264 = VECTOR('',#265,1.);
#265 = DIRECTION('',(1.,0.,0.));
#266 = ORIENTED_EDGE('',*,*,#267,.F.);
#267 = EDGE_CURVE('',#205,#260,#268,.T.);
#268 = LINE('',#269,#270);
#269 = CARTESIAN_POINT('',(-1.54,-0.8,6.E-02));
#270 = VECTOR('',#271,1.);
#271 = DIRECTION('',(1.,0.,0.));
#272 = PLANE('',#273);
#273 = AXIS2_PLACEMENT_3D('',#274,#275,#276);
#274 = CARTESIAN_POINT('',(-1.54,-0.8,6.E-02));
#275 = DIRECTION('',(0.,1.,0.));
#276 = DIRECTION('',(0.,-0.,1.));
#277 = ADVANCED_FACE('',(#278),#296,.T.);
#278 = FACE_BOUND('',#279,.T.);
#279 = EDGE_LOOP('',(#280,#281,#282,#290));
#280 = ORIENTED_EDGE('',*,*,#180,.T.);
#281 = ORIENTED_EDGE('',*,*,#125,.T.);
#282 = ORIENTED_EDGE('',*,*,#283,.F.);
#283 = EDGE_CURVE('',#284,#126,#286,.T.);
#284 = VERTEX_POINT('',#285);
#285 = CARTESIAN_POINT('',(0.9,0.8,1.1));
#286 = LINE('',#287,#288);
#287 = CARTESIAN_POINT('',(0.9,0.8,1.1));
#288 = VECTOR('',#289,1.);
#289 = DIRECTION('',(0.,-1.,0.));
#290 = ORIENTED_EDGE('',*,*,#291,.F.);
#291 = EDGE_CURVE('',#181,#284,#292,.T.);
#292 = LINE('',#293,#294);
#293 = CARTESIAN_POINT('',(-0.9,0.8,1.1));
#294 = VECTOR('',#295,1.);
#295 = DIRECTION('',(1.,0.,0.));
#296 = PLANE('',#297);
#297 = AXIS2_PLACEMENT_3D('',#298,#299,#300);
#298 = CARTESIAN_POINT('',(-0.9,0.8,1.1));
#299 = DIRECTION('',(0.,0.,1.));
#300 = DIRECTION('',(1.,0.,-0.));
#301 = ADVANCED_FACE('',(#302),#336,.T.);
#302 = FACE_BOUND('',#303,.T.);
#303 = EDGE_LOOP('',(#304,#305,#306,#314,#322,#330));
#304 = ORIENTED_EDGE('',*,*,#283,.T.);
#305 = ORIENTED_EDGE('',*,*,#133,.T.);
#306 = ORIENTED_EDGE('',*,*,#307,.F.);
#307 = EDGE_CURVE('',#308,#134,#310,.T.);
#308 = VERTEX_POINT('',#309);
#309 = CARTESIAN_POINT('',(1.,-0.6,0.44));
#310 = LINE('',#311,#312);
#311 = CARTESIAN_POINT('',(1.,0.8,0.44));
#312 = VECTOR('',#313,1.);
#313 = DIRECTION('',(0.,-1.,0.));
#314 = ORIENTED_EDGE('',*,*,#315,.F.);
#315 = EDGE_CURVE('',#316,#308,#318,.T.);
#316 = VERTEX_POINT('',#317);
#317 = CARTESIAN_POINT('',(1.,0.6,0.44));
#318 = LINE('',#319,#320);
#319 = CARTESIAN_POINT('',(1.,0.8,0.44));
#320 = VECTOR('',#321,1.);
#321 = DIRECTION('',(0.,-1.,0.));
#322 = ORIENTED_EDGE('',*,*,#323,.F.);
#323 = EDGE_CURVE('',#324,#316,#326,.T.);
#324 = VERTEX_POINT('',#325);
#325 = CARTESIAN_POINT('',(1.,0.8,0.44));
#326 = LINE('',#327,#328);
#327 = CARTESIAN_POINT('',(1.,0.8,0.44));
#328 = VECTOR('',#329,1.);
#329 = DIRECTION('',(0.,-1.,0.));
#330 = ORIENTED_EDGE('',*,*,#331,.F.);
#331 = EDGE_CURVE('',#284,#324,#332,.T.);
#332 = LINE('',#333,#334);
#333 = CARTESIAN_POINT('',(0.9,0.8,1.1));
#334 = VECTOR('',#335,1.);
#335 = DIRECTION('',(0.149805379428,0.,-0.988715504225));
#336 = PLANE('',#337);
#337 = AXIS2_PLACEMENT_3D('',#338,#339,#340);
#338 = CARTESIAN_POINT('',(0.9,0.8,1.1));
#339 = DIRECTION('',(0.988715504225,0.,0.149805379428));
#340 = DIRECTION('',(0.149805379428,0.,-0.988715504225));
#341 = ADVANCED_FACE('',(#342),#367,.T.);
#342 = FACE_BOUND('',#343,.T.);
#343 = EDGE_LOOP('',(#344,#352,#360,#366));
#344 = ORIENTED_EDGE('',*,*,#345,.F.);
#345 = EDGE_CURVE('',#346,#156,#348,.T.);
#346 = VERTEX_POINT('',#347);
#347 = CARTESIAN_POINT('',(-1.45,0.8,0.44));
#348 = LINE('',#349,#350);
#349 = CARTESIAN_POINT('',(-1.54,0.8,0.44));
#350 = VECTOR('',#351,1.);
#351 = DIRECTION('',(1.,0.,0.));
#352 = ORIENTED_EDGE('',*,*,#353,.F.);
#353 = EDGE_CURVE('',#354,#346,#356,.T.);
#354 = VERTEX_POINT('',#355);
#355 = CARTESIAN_POINT('',(-1.45,0.6,0.44));
#356 = LINE('',#357,#358);
#357 = CARTESIAN_POINT('',(-1.45,0.1,0.44));
#358 = VECTOR('',#359,1.);
#359 = DIRECTION('',(0.,1.,0.));
#360 = ORIENTED_EDGE('',*,*,#361,.F.);
#361 = EDGE_CURVE('',#158,#354,#362,.T.);
#362 = LINE('',#363,#364);
#363 = CARTESIAN_POINT('',(-1.495,0.6,0.44));
#364 = VECTOR('',#365,1.);
#365 = DIRECTION('',(-1.,0.,0.));
#366 = ORIENTED_EDGE('',*,*,#155,.F.);
#367 = PLANE('',#368);
#368 = AXIS2_PLACEMENT_3D('',#369,#370,#371);
#369 = CARTESIAN_POINT('',(-1.54,-0.8,0.44));
#370 = DIRECTION('',(0.,0.,1.));
#371 = DIRECTION('',(1.,0.,-0.));
#372 = ADVANCED_FACE('',(#373),#384,.T.);
#373 = FACE_BOUND('',#374,.T.);
#374 = EDGE_LOOP('',(#375,#376,#377,#378));
#375 = ORIENTED_EDGE('',*,*,#188,.T.);
#376 = ORIENTED_EDGE('',*,*,#291,.T.);
#377 = ORIENTED_EDGE('',*,*,#331,.T.);
#378 = ORIENTED_EDGE('',*,*,#379,.T.);
#379 = EDGE_CURVE('',#324,#156,#380,.T.);
#380 = LINE('',#381,#382);
#381 = CARTESIAN_POINT('',(1.,0.8,0.44));
#382 = VECTOR('',#383,1.);
#383 = DIRECTION('',(-1.,0.,2.775557561563E-17));
#384 = PLANE('',#385);
#385 = AXIS2_PLACEMENT_3D('',#386,#387,#388);
#386 = CARTESIAN_POINT('',(0.,0.8,0.757147194234));
#387 = DIRECTION('',(1.313075150093E-49,1.,1.103763151667E-32));
#388 = DIRECTION('',(0.,-1.103763151667E-32,1.));
#389 = ADVANCED_FACE('',(#390),#417,.T.);
#390 = FACE_BOUND('',#391,.T.);
#391 = EDGE_LOOP('',(#392,#401,#409,#416));
#392 = ORIENTED_EDGE('',*,*,#393,.F.);
#393 = EDGE_CURVE('',#394,#158,#396,.T.);
#394 = VERTEX_POINT('',#395);
#395 = CARTESIAN_POINT('',(-1.06,0.6,0.5));
#396 = CIRCLE('',#397,6.E-02);
#397 = AXIS2_PLACEMENT_3D('',#398,#399,#400);
#398 = CARTESIAN_POINT('',(-1.06,0.6,0.44));
#399 = DIRECTION('',(-0.,1.,0.));
#400 = DIRECTION('',(1.,0.,0.));
#401 = ORIENTED_EDGE('',*,*,#402,.F.);
#402 = EDGE_CURVE('',#403,#394,#405,.T.);
#403 = VERTEX_POINT('',#404);
#404 = CARTESIAN_POINT('',(-1.06,-0.6,0.5));
#405 = LINE('',#406,#407);
#406 = CARTESIAN_POINT('',(-1.06,-0.8,0.5));
#407 = VECTOR('',#408,1.);
#408 = DIRECTION('',(0.,1.,0.));
#409 = ORIENTED_EDGE('',*,*,#410,.T.);
#410 = EDGE_CURVE('',#403,#166,#411,.T.);
#411 = CIRCLE('',#412,6.E-02);
#412 = AXIS2_PLACEMENT_3D('',#413,#414,#415);
#413 = CARTESIAN_POINT('',(-1.06,-0.6,0.44));
#414 = DIRECTION('',(-0.,1.,0.));
#415 = DIRECTION('',(1.,0.,0.));
#416 = ORIENTED_EDGE('',*,*,#165,.F.);
#417 = CYLINDRICAL_SURFACE('',#418,6.E-02);
#418 = AXIS2_PLACEMENT_3D('',#419,#420,#421);
#419 = CARTESIAN_POINT('',(-1.06,-0.8,0.44));
#420 = DIRECTION('',(0.,1.,0.));
#421 = DIRECTION('',(1.,0.,0.));
#422 = ADVANCED_FACE('',(#423),#441,.T.);
#423 = FACE_BOUND('',#424,.T.);
#424 = EDGE_LOOP('',(#425,#433,#434,#435));
#425 = ORIENTED_EDGE('',*,*,#426,.F.);
#426 = EDGE_CURVE('',#221,#427,#429,.T.);
#427 = VERTEX_POINT('',#428);
#428 = CARTESIAN_POINT('',(-1.45,-0.6,0.44));
#429 = LINE('',#430,#431);
#430 = CARTESIAN_POINT('',(-1.45,-0.7,0.44));
#431 = VECTOR('',#432,1.);
#432 = DIRECTION('',(0.,1.,0.));
#433 = ORIENTED_EDGE('',*,*,#228,.T.);
#434 = ORIENTED_EDGE('',*,*,#173,.F.);
#435 = ORIENTED_EDGE('',*,*,#436,.F.);
#436 = EDGE_CURVE('',#427,#166,#437,.T.);
#437 = LINE('',#438,#439);
#438 = CARTESIAN_POINT('',(-4.5E-02,-0.6,0.44));
#439 = VECTOR('',#440,1.);
#440 = DIRECTION('',(1.,0.,0.));
#441 = PLANE('',#442);
#442 = AXIS2_PLACEMENT_3D('',#443,#444,#445);
#443 = CARTESIAN_POINT('',(-1.54,-0.8,0.44));
#444 = DIRECTION('',(0.,0.,1.));
#445 = DIRECTION('',(1.,0.,-0.));
#446 = ADVANCED_FACE('',(#447),#508,.F.);
#447 = FACE_BOUND('',#448,.F.);
#448 = EDGE_LOOP('',(#449,#459,#468,#476,#485,#493,#499,#500,#501,#502)
  );
#449 = ORIENTED_EDGE('',*,*,#450,.F.);
#450 = EDGE_CURVE('',#451,#453,#455,.T.);
#451 = VERTEX_POINT('',#452);
#452 = CARTESIAN_POINT('',(-1.54,-0.8,-6.938893903907E-18));
#453 = VERTEX_POINT('',#454);
#454 = CARTESIAN_POINT('',(-1.45,-0.8,0.));
#455 = LINE('',#456,#457);
#456 = CARTESIAN_POINT('',(-1.6,-0.8,0.));
#457 = VECTOR('',#458,1.);
#458 = DIRECTION('',(1.,0.,0.));
#459 = ORIENTED_EDGE('',*,*,#460,.F.);
#460 = EDGE_CURVE('',#461,#451,#463,.T.);
#461 = VERTEX_POINT('',#462);
#462 = CARTESIAN_POINT('',(-1.6,-0.8,6.E-02));
#463 = CIRCLE('',#464,6.E-02);
#464 = AXIS2_PLACEMENT_3D('',#465,#466,#467);
#465 = CARTESIAN_POINT('',(-1.54,-0.8,6.E-02));
#466 = DIRECTION('',(0.,-1.,0.));
#467 = DIRECTION('',(0.,0.,1.));
#468 = ORIENTED_EDGE('',*,*,#469,.T.);
#469 = EDGE_CURVE('',#461,#470,#472,.T.);
#470 = VERTEX_POINT('',#471);
#471 = CARTESIAN_POINT('',(-1.6,-0.8,0.44));
#472 = LINE('',#473,#474);
#473 = CARTESIAN_POINT('',(-1.6,-0.8,0.));
#474 = VECTOR('',#475,1.);
#475 = DIRECTION('',(0.,0.,1.));
#476 = ORIENTED_EDGE('',*,*,#477,.T.);
#477 = EDGE_CURVE('',#470,#478,#480,.T.);
#478 = VERTEX_POINT('',#479);
#479 = CARTESIAN_POINT('',(-1.54,-0.8,0.5));
#480 = CIRCLE('',#481,6.E-02);
#481 = AXIS2_PLACEMENT_3D('',#482,#483,#484);
#482 = CARTESIAN_POINT('',(-1.54,-0.8,0.44));
#483 = DIRECTION('',(0.,1.,0.));
#484 = DIRECTION('',(0.,-0.,1.));
#485 = ORIENTED_EDGE('',*,*,#486,.T.);
#486 = EDGE_CURVE('',#478,#487,#489,.T.);
#487 = VERTEX_POINT('',#488);
#488 = CARTESIAN_POINT('',(-1.45,-0.8,0.5));
#489 = LINE('',#490,#491);
#490 = CARTESIAN_POINT('',(-1.6,-0.8,0.5));
#491 = VECTOR('',#492,1.);
#492 = DIRECTION('',(1.,0.,0.));
#493 = ORIENTED_EDGE('',*,*,#494,.F.);
#494 = EDGE_CURVE('',#221,#487,#495,.T.);
#495 = LINE('',#496,#497);
#496 = CARTESIAN_POINT('',(-1.45,-0.8,0.375));
#497 = VECTOR('',#498,1.);
#498 = DIRECTION('',(0.,0.,1.));
#499 = ORIENTED_EDGE('',*,*,#220,.F.);
#500 = ORIENTED_EDGE('',*,*,#212,.F.);
#501 = ORIENTED_EDGE('',*,*,#202,.T.);
#502 = ORIENTED_EDGE('',*,*,#503,.F.);
#503 = EDGE_CURVE('',#453,#205,#504,.T.);
#504 = LINE('',#505,#506);
#505 = CARTESIAN_POINT('',(-1.45,-0.8,0.375));
#506 = VECTOR('',#507,1.);
#507 = DIRECTION('',(0.,0.,1.));
#508 = PLANE('',#509);
#509 = AXIS2_PLACEMENT_3D('',#510,#511,#512);
#510 = CARTESIAN_POINT('',(-1.6,-0.8,0.));
#511 = DIRECTION('',(0.,1.,0.));
#512 = DIRECTION('',(0.,-0.,1.));
#513 = ADVANCED_FACE('',(#514,#603),#629,.F.);
#514 = FACE_BOUND('',#515,.F.);
#515 = EDGE_LOOP('',(#516,#524,#525,#533,#541,#549,#557,#565,#573,#581,
    #589,#597));
#516 = ORIENTED_EDGE('',*,*,#517,.F.);
#517 = EDGE_CURVE('',#205,#518,#520,.T.);
#518 = VERTEX_POINT('',#519);
#519 = CARTESIAN_POINT('',(-1.45,-0.6,6.E-02));
#520 = LINE('',#521,#522);
#521 = CARTESIAN_POINT('',(-1.45,-0.7,6.E-02));
#522 = VECTOR('',#523,1.);
#523 = DIRECTION('',(0.,1.,0.));
#524 = ORIENTED_EDGE('',*,*,#267,.T.);
#525 = ORIENTED_EDGE('',*,*,#526,.F.);
#526 = EDGE_CURVE('',#527,#260,#529,.T.);
#527 = VERTEX_POINT('',#528);
#528 = CARTESIAN_POINT('',(1.45,-0.6,6.E-02));
#529 = LINE('',#530,#531);
#530 = CARTESIAN_POINT('',(1.45,-0.9,6.E-02));
#531 = VECTOR('',#532,1.);
#532 = DIRECTION('',(0.,-1.,0.));
#533 = ORIENTED_EDGE('',*,*,#534,.F.);
#534 = EDGE_CURVE('',#535,#527,#537,.T.);
#535 = VERTEX_POINT('',#536);
#536 = CARTESIAN_POINT('',(1.,-0.6,6.E-02));
#537 = LINE('',#538,#539);
#538 = CARTESIAN_POINT('',(-4.5E-02,-0.6,6.E-02));
#539 = VECTOR('',#540,1.);
#540 = DIRECTION('',(1.,0.,0.));
#541 = ORIENTED_EDGE('',*,*,#542,.T.);
#542 = EDGE_CURVE('',#535,#543,#545,.T.);
#543 = VERTEX_POINT('',#544);
#544 = CARTESIAN_POINT('',(1.,0.6,6.E-02));
#545 = LINE('',#546,#547);
#546 = CARTESIAN_POINT('',(1.,-0.8,6.E-02));
#547 = VECTOR('',#548,1.);
#548 = DIRECTION('',(0.,1.,0.));
#549 = ORIENTED_EDGE('',*,*,#550,.F.);
#550 = EDGE_CURVE('',#551,#543,#553,.T.);
#551 = VERTEX_POINT('',#552);
#552 = CARTESIAN_POINT('',(1.45,0.6,6.E-02));
#553 = LINE('',#554,#555);
#554 = CARTESIAN_POINT('',(-1.495,0.6,6.E-02));
#555 = VECTOR('',#556,1.);
#556 = DIRECTION('',(-1.,0.,0.));
#557 = ORIENTED_EDGE('',*,*,#558,.F.);
#558 = EDGE_CURVE('',#559,#551,#561,.T.);
#559 = VERTEX_POINT('',#560);
#560 = CARTESIAN_POINT('',(1.45,0.8,6.E-02));
#561 = LINE('',#562,#563);
#562 = CARTESIAN_POINT('',(1.45,-0.1,6.E-02));
#563 = VECTOR('',#564,1.);
#564 = DIRECTION('',(0.,-1.,0.));
#565 = ORIENTED_EDGE('',*,*,#566,.F.);
#566 = EDGE_CURVE('',#567,#559,#569,.T.);
#567 = VERTEX_POINT('',#568);
#568 = CARTESIAN_POINT('',(-1.45,0.8,6.E-02));
#569 = LINE('',#570,#571);
#570 = CARTESIAN_POINT('',(-1.54,0.8,6.E-02));
#571 = VECTOR('',#572,1.);
#572 = DIRECTION('',(1.,0.,0.));
#573 = ORIENTED_EDGE('',*,*,#574,.F.);
#574 = EDGE_CURVE('',#575,#567,#577,.T.);
#575 = VERTEX_POINT('',#576);
#576 = CARTESIAN_POINT('',(-1.45,0.6,6.E-02));
#577 = LINE('',#578,#579);
#578 = CARTESIAN_POINT('',(-1.45,0.1,6.E-02));
#579 = VECTOR('',#580,1.);
#580 = DIRECTION('',(0.,1.,0.));
#581 = ORIENTED_EDGE('',*,*,#582,.F.);
#582 = EDGE_CURVE('',#583,#575,#585,.T.);
#583 = VERTEX_POINT('',#584);
#584 = CARTESIAN_POINT('',(-1.,0.6,6.E-02));
#585 = LINE('',#586,#587);
#586 = CARTESIAN_POINT('',(-1.495,0.6,6.E-02));
#587 = VECTOR('',#588,1.);
#588 = DIRECTION('',(-1.,0.,0.));
#589 = ORIENTED_EDGE('',*,*,#590,.F.);
#590 = EDGE_CURVE('',#591,#583,#593,.T.);
#591 = VERTEX_POINT('',#592);
#592 = CARTESIAN_POINT('',(-1.,-0.6,6.E-02));
#593 = LINE('',#594,#595);
#594 = CARTESIAN_POINT('',(-1.,-0.8,6.E-02));
#595 = VECTOR('',#596,1.);
#596 = DIRECTION('',(0.,1.,0.));
#597 = ORIENTED_EDGE('',*,*,#598,.F.);
#598 = EDGE_CURVE('',#518,#591,#599,.T.);
#599 = LINE('',#600,#601);
#600 = CARTESIAN_POINT('',(-4.5E-02,-0.6,6.E-02));
#601 = VECTOR('',#602,1.);
#602 = DIRECTION('',(1.,0.,0.));
#603 = FACE_BOUND('',#604,.F.);
#604 = EDGE_LOOP('',(#605,#615,#623));
#605 = ORIENTED_EDGE('',*,*,#606,.T.);
#606 = EDGE_CURVE('',#607,#609,#611,.T.);
#607 = VERTEX_POINT('',#608);
#608 = CARTESIAN_POINT('',(0.554256258422,0.64,6.E-02));
#609 = VERTEX_POINT('',#610);
#610 = CARTESIAN_POINT('',(0.554256258422,-0.64,6.E-02));
#611 = LINE('',#612,#613);
#612 = CARTESIAN_POINT('',(0.554256258422,0.64,6.E-02));
#613 = VECTOR('',#614,1.);
#614 = DIRECTION('',(0.,-1.,0.));
#615 = ORIENTED_EDGE('',*,*,#616,.T.);
#616 = EDGE_CURVE('',#609,#617,#619,.T.);
#617 = VERTEX_POINT('',#618);
#618 = CARTESIAN_POINT('',(-0.554256258422,0.,6.E-02));
#619 = LINE('',#620,#621);
#620 = CARTESIAN_POINT('',(0.554256258422,-0.64,6.E-02));
#621 = VECTOR('',#622,1.);
#622 = DIRECTION('',(-0.866025403784,0.5,0.));
#623 = ORIENTED_EDGE('',*,*,#624,.T.);
#624 = EDGE_CURVE('',#617,#607,#625,.T.);
#625 = LINE('',#626,#627);
#626 = CARTESIAN_POINT('',(-0.554256258422,0.,6.E-02));
#627 = VECTOR('',#628,1.);
#628 = DIRECTION('',(0.866025403784,0.5,0.));
#629 = PLANE('',#630);
#630 = AXIS2_PLACEMENT_3D('',#631,#632,#633);
#631 = CARTESIAN_POINT('',(-1.54,-0.8,6.E-02));
#632 = DIRECTION('',(0.,0.,1.));
#633 = DIRECTION('',(1.,0.,-0.));
#634 = ADVANCED_FACE('',(#635),#696,.F.);
#635 = FACE_BOUND('',#636,.F.);
#636 = EDGE_LOOP('',(#637,#647,#653,#654,#655,#656,#664,#672,#681,#689)
  );
#637 = ORIENTED_EDGE('',*,*,#638,.F.);
#638 = EDGE_CURVE('',#639,#641,#643,.T.);
#639 = VERTEX_POINT('',#640);
#640 = CARTESIAN_POINT('',(1.45,-0.8,0.));
#641 = VERTEX_POINT('',#642);
#642 = CARTESIAN_POINT('',(1.54,-0.8,-6.938893903907E-18));
#643 = LINE('',#644,#645);
#644 = CARTESIAN_POINT('',(1.,-0.8,0.));
#645 = VECTOR('',#646,1.);
#646 = DIRECTION('',(1.,0.,0.));
#647 = ORIENTED_EDGE('',*,*,#648,.F.);
#648 = EDGE_CURVE('',#260,#639,#649,.T.);
#649 = LINE('',#650,#651);
#650 = CARTESIAN_POINT('',(1.45,-0.8,0.375));
#651 = VECTOR('',#652,1.);
#652 = DIRECTION('',(0.,0.,-1.));
#653 = ORIENTED_EDGE('',*,*,#259,.T.);
#654 = ORIENTED_EDGE('',*,*,#251,.T.);
#655 = ORIENTED_EDGE('',*,*,#243,.F.);
#656 = ORIENTED_EDGE('',*,*,#657,.F.);
#657 = EDGE_CURVE('',#658,#236,#660,.T.);
#658 = VERTEX_POINT('',#659);
#659 = CARTESIAN_POINT('',(1.45,-0.8,0.5));
#660 = LINE('',#661,#662);
#661 = CARTESIAN_POINT('',(1.45,-0.8,0.375));
#662 = VECTOR('',#663,1.);
#663 = DIRECTION('',(0.,0.,-1.));
#664 = ORIENTED_EDGE('',*,*,#665,.T.);
#665 = EDGE_CURVE('',#658,#666,#668,.T.);
#666 = VERTEX_POINT('',#667);
#667 = CARTESIAN_POINT('',(1.54,-0.8,0.5));
#668 = LINE('',#669,#670);
#669 = CARTESIAN_POINT('',(1.,-0.8,0.5));
#670 = VECTOR('',#671,1.);
#671 = DIRECTION('',(1.,0.,0.));
#672 = ORIENTED_EDGE('',*,*,#673,.F.);
#673 = EDGE_CURVE('',#674,#666,#676,.T.);
#674 = VERTEX_POINT('',#675);
#675 = CARTESIAN_POINT('',(1.6,-0.8,0.44));
#676 = CIRCLE('',#677,6.E-02);
#677 = AXIS2_PLACEMENT_3D('',#678,#679,#680);
#678 = CARTESIAN_POINT('',(1.54,-0.8,0.44));
#679 = DIRECTION('',(0.,-1.,0.));
#680 = DIRECTION('',(0.,0.,1.));
#681 = ORIENTED_EDGE('',*,*,#682,.F.);
#682 = EDGE_CURVE('',#683,#674,#685,.T.);
#683 = VERTEX_POINT('',#684);
#684 = CARTESIAN_POINT('',(1.6,-0.8,6.E-02));
#685 = LINE('',#686,#687);
#686 = CARTESIAN_POINT('',(1.6,-0.8,0.));
#687 = VECTOR('',#688,1.);
#688 = DIRECTION('',(0.,0.,1.));
#689 = ORIENTED_EDGE('',*,*,#690,.T.);
#690 = EDGE_CURVE('',#683,#641,#691,.T.);
#691 = CIRCLE('',#692,6.E-02);
#692 = AXIS2_PLACEMENT_3D('',#693,#694,#695);
#693 = CARTESIAN_POINT('',(1.54,-0.8,6.E-02));
#694 = DIRECTION('',(0.,1.,0.));
#695 = DIRECTION('',(0.,-0.,1.));
#696 = PLANE('',#697);
#697 = AXIS2_PLACEMENT_3D('',#698,#699,#700);
#698 = CARTESIAN_POINT('',(1.,-0.8,0.));
#699 = DIRECTION('',(0.,1.,0.));
#700 = DIRECTION('',(0.,-0.,1.));
#701 = ADVANCED_FACE('',(#702),#720,.T.);
#702 = FACE_BOUND('',#703,.T.);
#703 = EDGE_LOOP('',(#704,#712,#713,#714));
#704 = ORIENTED_EDGE('',*,*,#705,.F.);
#705 = EDGE_CURVE('',#308,#706,#708,.T.);
#706 = VERTEX_POINT('',#707);
#707 = CARTESIAN_POINT('',(1.45,-0.6,0.44));
#708 = LINE('',#709,#710);
#709 = CARTESIAN_POINT('',(-4.5E-02,-0.6,0.44));
#710 = VECTOR('',#711,1.);
#711 = DIRECTION('',(1.,0.,0.));
#712 = ORIENTED_EDGE('',*,*,#307,.T.);
#713 = ORIENTED_EDGE('',*,*,#235,.T.);
#714 = ORIENTED_EDGE('',*,*,#715,.F.);
#715 = EDGE_CURVE('',#706,#236,#716,.T.);
#716 = LINE('',#717,#718);
#717 = CARTESIAN_POINT('',(1.45,-0.9,0.44));
#718 = VECTOR('',#719,1.);
#719 = DIRECTION('',(0.,-1.,0.));
#720 = PLANE('',#721);
#721 = AXIS2_PLACEMENT_3D('',#722,#723,#724);
#722 = CARTESIAN_POINT('',(-1.54,-0.8,0.44));
#723 = DIRECTION('',(0.,0.,1.));
#724 = DIRECTION('',(1.,0.,-0.));
#725 = ADVANCED_FACE('',(#726),#751,.T.);
#726 = FACE_BOUND('',#727,.T.);
#727 = EDGE_LOOP('',(#728,#736,#737,#745));
#728 = ORIENTED_EDGE('',*,*,#729,.F.);
#729 = EDGE_CURVE('',#324,#730,#732,.T.);
#730 = VERTEX_POINT('',#731);
#731 = CARTESIAN_POINT('',(1.45,0.8,0.44));
#732 = LINE('',#733,#734);
#733 = CARTESIAN_POINT('',(-1.54,0.8,0.44));
#734 = VECTOR('',#735,1.);
#735 = DIRECTION('',(1.,0.,0.));
#736 = ORIENTED_EDGE('',*,*,#323,.T.);
#737 = ORIENTED_EDGE('',*,*,#738,.F.);
#738 = EDGE_CURVE('',#739,#316,#741,.T.);
#739 = VERTEX_POINT('',#740);
#740 = CARTESIAN_POINT('',(1.45,0.6,0.44));
#741 = LINE('',#742,#743);
#742 = CARTESIAN_POINT('',(-1.495,0.6,0.44));
#743 = VECTOR('',#744,1.);
#744 = DIRECTION('',(-1.,0.,0.));
#745 = ORIENTED_EDGE('',*,*,#746,.F.);
#746 = EDGE_CURVE('',#730,#739,#747,.T.);
#747 = LINE('',#748,#749);
#748 = CARTESIAN_POINT('',(1.45,-0.1,0.44));
#749 = VECTOR('',#750,1.);
#750 = DIRECTION('',(0.,-1.,0.));
#751 = PLANE('',#752);
#752 = AXIS2_PLACEMENT_3D('',#753,#754,#755);
#753 = CARTESIAN_POINT('',(-1.54,-0.8,0.44));
#754 = DIRECTION('',(0.,0.,1.));
#755 = DIRECTION('',(1.,0.,-0.));
#756 = ADVANCED_FACE('',(#757),#784,.T.);
#757 = FACE_BOUND('',#758,.T.);
#758 = EDGE_LOOP('',(#759,#760,#769,#777));
#759 = ORIENTED_EDGE('',*,*,#315,.T.);
#760 = ORIENTED_EDGE('',*,*,#761,.T.);
#761 = EDGE_CURVE('',#308,#762,#764,.T.);
#762 = VERTEX_POINT('',#763);
#763 = CARTESIAN_POINT('',(1.06,-0.6,0.5));
#764 = CIRCLE('',#765,6.E-02);
#765 = AXIS2_PLACEMENT_3D('',#766,#767,#768);
#766 = CARTESIAN_POINT('',(1.06,-0.6,0.44));
#767 = DIRECTION('',(0.,1.,-0.));
#768 = DIRECTION('',(-1.,0.,0.));
#769 = ORIENTED_EDGE('',*,*,#770,.T.);
#770 = EDGE_CURVE('',#762,#771,#773,.T.);
#771 = VERTEX_POINT('',#772);
#772 = CARTESIAN_POINT('',(1.06,0.6,0.5));
#773 = LINE('',#774,#775);
#774 = CARTESIAN_POINT('',(1.06,-0.8,0.5));
#775 = VECTOR('',#776,1.);
#776 = DIRECTION('',(0.,1.,0.));
#777 = ORIENTED_EDGE('',*,*,#778,.F.);
#778 = EDGE_CURVE('',#316,#771,#779,.T.);
#779 = CIRCLE('',#780,6.E-02);
#780 = AXIS2_PLACEMENT_3D('',#781,#782,#783);
#781 = CARTESIAN_POINT('',(1.06,0.6,0.44));
#782 = DIRECTION('',(0.,1.,-0.));
#783 = DIRECTION('',(-1.,0.,0.));
#784 = CYLINDRICAL_SURFACE('',#785,6.E-02);
#785 = AXIS2_PLACEMENT_3D('',#786,#787,#788);
#786 = CARTESIAN_POINT('',(1.06,-0.8,0.44));
#787 = DIRECTION('',(0.,1.,0.));
#788 = DIRECTION('',(-1.,0.,0.));
#789 = ADVANCED_FACE('',(#790),#840,.T.);
#790 = FACE_BOUND('',#791,.T.);
#791 = EDGE_LOOP('',(#792,#800,#808,#814,#815,#816,#817,#825,#833,#839)
  );
#792 = ORIENTED_EDGE('',*,*,#793,.F.);
#793 = EDGE_CURVE('',#794,#567,#796,.T.);
#794 = VERTEX_POINT('',#795);
#795 = CARTESIAN_POINT('',(-1.54,0.8,6.E-02));
#796 = LINE('',#797,#798);
#797 = CARTESIAN_POINT('',(-1.54,0.8,6.E-02));
#798 = VECTOR('',#799,1.);
#799 = DIRECTION('',(1.,0.,0.));
#800 = ORIENTED_EDGE('',*,*,#801,.T.);
#801 = EDGE_CURVE('',#794,#802,#804,.T.);
#802 = VERTEX_POINT('',#803);
#803 = CARTESIAN_POINT('',(-1.54,0.8,0.44));
#804 = LINE('',#805,#806);
#805 = CARTESIAN_POINT('',(-1.54,0.8,6.E-02));
#806 = VECTOR('',#807,1.);
#807 = DIRECTION('',(0.,0.,1.));
#808 = ORIENTED_EDGE('',*,*,#809,.T.);
#809 = EDGE_CURVE('',#802,#346,#810,.T.);
#810 = LINE('',#811,#812);
#811 = CARTESIAN_POINT('',(-1.54,0.8,0.44));
#812 = VECTOR('',#813,1.);
#813 = DIRECTION('',(1.,0.,0.));
#814 = ORIENTED_EDGE('',*,*,#345,.T.);
#815 = ORIENTED_EDGE('',*,*,#379,.F.);
#816 = ORIENTED_EDGE('',*,*,#729,.T.);
#817 = ORIENTED_EDGE('',*,*,#818,.T.);
#818 = EDGE_CURVE('',#730,#819,#821,.T.);
#819 = VERTEX_POINT('',#820);
#820 = CARTESIAN_POINT('',(1.54,0.8,0.44));
#821 = LINE('',#822,#823);
#822 = CARTESIAN_POINT('',(-1.54,0.8,0.44));
#823 = VECTOR('',#824,1.);
#824 = DIRECTION('',(1.,0.,0.));
#825 = ORIENTED_EDGE('',*,*,#826,.F.);
#826 = EDGE_CURVE('',#827,#819,#829,.T.);
#827 = VERTEX_POINT('',#828);
#828 = CARTESIAN_POINT('',(1.54,0.8,6.E-02));
#829 = LINE('',#830,#831);
#830 = CARTESIAN_POINT('',(1.54,0.8,6.E-02));
#831 = VECTOR('',#832,1.);
#832 = DIRECTION('',(0.,0.,1.));
#833 = ORIENTED_EDGE('',*,*,#834,.F.);
#834 = EDGE_CURVE('',#559,#827,#835,.T.);
#835 = LINE('',#836,#837);
#836 = CARTESIAN_POINT('',(-1.54,0.8,6.E-02));
#837 = VECTOR('',#838,1.);
#838 = DIRECTION('',(1.,0.,0.));
#839 = ORIENTED_EDGE('',*,*,#566,.F.);
#840 = PLANE('',#841);
#841 = AXIS2_PLACEMENT_3D('',#842,#843,#844);
#842 = CARTESIAN_POINT('',(-1.54,0.8,6.E-02));
#843 = DIRECTION('',(0.,1.,0.));
#844 = DIRECTION('',(0.,-0.,1.));
#845 = ADVANCED_FACE('',(#846),#864,.F.);
#846 = FACE_BOUND('',#847,.F.);
#847 = EDGE_LOOP('',(#848,#856,#862,#863));
#848 = ORIENTED_EDGE('',*,*,#849,.F.);
#849 = EDGE_CURVE('',#850,#394,#852,.T.);
#850 = VERTEX_POINT('',#851);
#851 = CARTESIAN_POINT('',(-1.45,0.6,0.5));
#852 = LINE('',#853,#854);
#853 = CARTESIAN_POINT('',(-1.525,0.6,0.5));
#854 = VECTOR('',#855,1.);
#855 = DIRECTION('',(1.,0.,0.));
#856 = ORIENTED_EDGE('',*,*,#857,.T.);
#857 = EDGE_CURVE('',#850,#354,#858,.T.);
#858 = LINE('',#859,#860);
#859 = CARTESIAN_POINT('',(-1.45,0.6,0.75));
#860 = VECTOR('',#861,1.);
#861 = DIRECTION('',(-0.,-0.,-1.));
#862 = ORIENTED_EDGE('',*,*,#361,.F.);
#863 = ORIENTED_EDGE('',*,*,#393,.F.);
#864 = PLANE('',#865);
#865 = AXIS2_PLACEMENT_3D('',#866,#867,#868);
#866 = CARTESIAN_POINT('',(-1.45,0.6,0.75));
#867 = DIRECTION('',(0.,-1.,0.));
#868 = DIRECTION('',(1.,0.,0.));
#869 = ADVANCED_FACE('',(#870),#888,.F.);
#870 = FACE_BOUND('',#871,.F.);
#871 = EDGE_LOOP('',(#872,#873,#881,#887));
#872 = ORIENTED_EDGE('',*,*,#857,.F.);
#873 = ORIENTED_EDGE('',*,*,#874,.F.);
#874 = EDGE_CURVE('',#875,#850,#877,.T.);
#875 = VERTEX_POINT('',#876);
#876 = CARTESIAN_POINT('',(-1.45,0.8,0.5));
#877 = LINE('',#878,#879);
#878 = CARTESIAN_POINT('',(-1.45,0.1,0.5));
#879 = VECTOR('',#880,1.);
#880 = DIRECTION('',(0.,-1.,0.));
#881 = ORIENTED_EDGE('',*,*,#882,.F.);
#882 = EDGE_CURVE('',#346,#875,#883,.T.);
#883 = LINE('',#884,#885);
#884 = CARTESIAN_POINT('',(-1.45,0.8,0.375));
#885 = VECTOR('',#886,1.);
#886 = DIRECTION('',(0.,0.,1.));
#887 = ORIENTED_EDGE('',*,*,#353,.F.);
#888 = PLANE('',#889);
#889 = AXIS2_PLACEMENT_3D('',#890,#891,#892);
#890 = CARTESIAN_POINT('',(-1.45,1.,0.75));
#891 = DIRECTION('',(-1.,0.,0.));
#892 = DIRECTION('',(0.,-1.,0.));
#893 = ADVANCED_FACE('',(#894),#912,.F.);
#894 = FACE_BOUND('',#895,.F.);
#895 = EDGE_LOOP('',(#896,#904,#910,#911));
#896 = ORIENTED_EDGE('',*,*,#897,.F.);
#897 = EDGE_CURVE('',#898,#427,#900,.T.);
#898 = VERTEX_POINT('',#899);
#899 = CARTESIAN_POINT('',(-1.45,-0.6,0.5));
#900 = LINE('',#901,#902);
#901 = CARTESIAN_POINT('',(-1.45,-0.6,0.75));
#902 = VECTOR('',#903,1.);
#903 = DIRECTION('',(-0.,-0.,-1.));
#904 = ORIENTED_EDGE('',*,*,#905,.F.);
#905 = EDGE_CURVE('',#403,#898,#906,.T.);
#906 = LINE('',#907,#908);
#907 = CARTESIAN_POINT('',(-7.5E-02,-0.6,0.5));
#908 = VECTOR('',#909,1.);
#909 = DIRECTION('',(-1.,0.,0.));
#910 = ORIENTED_EDGE('',*,*,#410,.T.);
#911 = ORIENTED_EDGE('',*,*,#436,.F.);
#912 = PLANE('',#913);
#913 = AXIS2_PLACEMENT_3D('',#914,#915,#916);
#914 = CARTESIAN_POINT('',(1.45,-0.6,0.75));
#915 = DIRECTION('',(0.,1.,0.));
#916 = DIRECTION('',(-1.,0.,0.));
#917 = ADVANCED_FACE('',(#918),#945,.T.);
#918 = FACE_BOUND('',#919,.T.);
#919 = EDGE_LOOP('',(#920,#928,#934,#935,#941,#942,#943,#944));
#920 = ORIENTED_EDGE('',*,*,#921,.F.);
#921 = EDGE_CURVE('',#922,#875,#924,.T.);
#922 = VERTEX_POINT('',#923);
#923 = CARTESIAN_POINT('',(-1.54,0.8,0.5));
#924 = LINE('',#925,#926);
#925 = CARTESIAN_POINT('',(-1.6,0.8,0.5));
#926 = VECTOR('',#927,1.);
#927 = DIRECTION('',(1.,0.,0.));
#928 = ORIENTED_EDGE('',*,*,#929,.F.);
#929 = EDGE_CURVE('',#478,#922,#930,.T.);
#930 = LINE('',#931,#932);
#931 = CARTESIAN_POINT('',(-1.54,-0.8,0.5));
#932 = VECTOR('',#933,1.);
#933 = DIRECTION('',(0.,1.,0.));
#934 = ORIENTED_EDGE('',*,*,#486,.T.);
#935 = ORIENTED_EDGE('',*,*,#936,.F.);
#936 = EDGE_CURVE('',#898,#487,#937,.T.);
#937 = LINE('',#938,#939);
#938 = CARTESIAN_POINT('',(-1.45,-0.7,0.5));
#939 = VECTOR('',#940,1.);
#940 = DIRECTION('',(0.,-1.,0.));
#941 = ORIENTED_EDGE('',*,*,#905,.F.);
#942 = ORIENTED_EDGE('',*,*,#402,.T.);
#943 = ORIENTED_EDGE('',*,*,#849,.F.);
#944 = ORIENTED_EDGE('',*,*,#874,.F.);
#945 = PLANE('',#946);
#946 = AXIS2_PLACEMENT_3D('',#947,#948,#949);
#947 = CARTESIAN_POINT('',(-1.6,-0.8,0.5));
#948 = DIRECTION('',(0.,0.,1.));
#949 = DIRECTION('',(1.,0.,-0.));
#950 = ADVANCED_FACE('',(#951),#957,.F.);
#951 = FACE_BOUND('',#952,.F.);
#952 = EDGE_LOOP('',(#953,#954,#955,#956));
#953 = ORIENTED_EDGE('',*,*,#936,.F.);
#954 = ORIENTED_EDGE('',*,*,#897,.T.);
#955 = ORIENTED_EDGE('',*,*,#426,.F.);
#956 = ORIENTED_EDGE('',*,*,#494,.T.);
#957 = PLANE('',#958);
#958 = AXIS2_PLACEMENT_3D('',#959,#960,#961);
#959 = CARTESIAN_POINT('',(-1.45,-0.6,0.75));
#960 = DIRECTION('',(-1.,0.,0.));
#961 = DIRECTION('',(0.,-1.,0.));
#962 = ADVANCED_FACE('',(#963),#1020,.F.);
#963 = FACE_BOUND('',#964,.F.);
#964 = EDGE_LOOP('',(#965,#975,#981,#982,#990,#998,#1006,#1014));
#965 = ORIENTED_EDGE('',*,*,#966,.F.);
#966 = EDGE_CURVE('',#967,#969,#971,.T.);
#967 = VERTEX_POINT('',#968);
#968 = CARTESIAN_POINT('',(-1.54,0.8,-6.938893903907E-18));
#969 = VERTEX_POINT('',#970);
#970 = CARTESIAN_POINT('',(-1.45,0.8,0.));
#971 = LINE('',#972,#973);
#972 = CARTESIAN_POINT('',(-1.6,0.8,0.));
#973 = VECTOR('',#974,1.);
#974 = DIRECTION('',(1.,0.,0.));
#975 = ORIENTED_EDGE('',*,*,#976,.F.);
#976 = EDGE_CURVE('',#451,#967,#977,.T.);
#977 = LINE('',#978,#979);
#978 = CARTESIAN_POINT('',(-1.54,-0.8,-6.938893903907E-18));
#979 = VECTOR('',#980,1.);
#980 = DIRECTION('',(0.,1.,0.));
#981 = ORIENTED_EDGE('',*,*,#450,.T.);
#982 = ORIENTED_EDGE('',*,*,#983,.F.);
#983 = EDGE_CURVE('',#984,#453,#986,.T.);
#984 = VERTEX_POINT('',#985);
#985 = CARTESIAN_POINT('',(-1.45,-0.6,0.));
#986 = LINE('',#987,#988);
#987 = CARTESIAN_POINT('',(-1.45,-0.7,0.));
#988 = VECTOR('',#989,1.);
#989 = DIRECTION('',(0.,-1.,0.));
#990 = ORIENTED_EDGE('',*,*,#991,.F.);
#991 = EDGE_CURVE('',#992,#984,#994,.T.);
#992 = VERTEX_POINT('',#993);
#993 = CARTESIAN_POINT('',(-1.06,-0.6,-6.938893903907E-18));
#994 = LINE('',#995,#996);
#995 = CARTESIAN_POINT('',(-7.5E-02,-0.6,0.));
#996 = VECTOR('',#997,1.);
#997 = DIRECTION('',(-1.,0.,0.));
#998 = ORIENTED_EDGE('',*,*,#999,.T.);
#999 = EDGE_CURVE('',#992,#1000,#1002,.T.);
#1000 = VERTEX_POINT('',#1001);
#1001 = CARTESIAN_POINT('',(-1.06,0.6,-6.938893903907E-18));
#1002 = LINE('',#1003,#1004);
#1003 = CARTESIAN_POINT('',(-1.06,-0.8,-6.938893903907E-18));
#1004 = VECTOR('',#1005,1.);
#1005 = DIRECTION('',(0.,1.,0.));
#1006 = ORIENTED_EDGE('',*,*,#1007,.F.);
#1007 = EDGE_CURVE('',#1008,#1000,#1010,.T.);
#1008 = VERTEX_POINT('',#1009);
#1009 = CARTESIAN_POINT('',(-1.45,0.6,0.));
#1010 = LINE('',#1011,#1012);
#1011 = CARTESIAN_POINT('',(-1.525,0.6,0.));
#1012 = VECTOR('',#1013,1.);
#1013 = DIRECTION('',(1.,0.,0.));
#1014 = ORIENTED_EDGE('',*,*,#1015,.F.);
#1015 = EDGE_CURVE('',#969,#1008,#1016,.T.);
#1016 = LINE('',#1017,#1018);
#1017 = CARTESIAN_POINT('',(-1.45,0.1,0.));
#1018 = VECTOR('',#1019,1.);
#1019 = DIRECTION('',(0.,-1.,0.));
#1020 = PLANE('',#1021);
#1021 = AXIS2_PLACEMENT_3D('',#1022,#1023,#1024);
#1022 = CARTESIAN_POINT('',(-1.6,-0.8,0.));
#1023 = DIRECTION('',(0.,0.,1.));
#1024 = DIRECTION('',(1.,0.,-0.));
#1025 = ADVANCED_FACE('',(#1026),#1045,.T.);
#1026 = FACE_BOUND('',#1027,.T.);
#1027 = EDGE_LOOP('',(#1028,#1036,#1043,#1044));
#1028 = ORIENTED_EDGE('',*,*,#1029,.T.);
#1029 = EDGE_CURVE('',#461,#1030,#1032,.T.);
#1030 = VERTEX_POINT('',#1031);
#1031 = CARTESIAN_POINT('',(-1.6,0.8,6.E-02));
#1032 = LINE('',#1033,#1034);
#1033 = CARTESIAN_POINT('',(-1.6,-0.8,6.E-02));
#1034 = VECTOR('',#1035,1.);
#1035 = DIRECTION('',(0.,1.,0.));
#1036 = ORIENTED_EDGE('',*,*,#1037,.T.);
#1037 = EDGE_CURVE('',#1030,#967,#1038,.T.);
#1038 = CIRCLE('',#1039,6.E-02);
#1039 = AXIS2_PLACEMENT_3D('',#1040,#1041,#1042);
#1040 = CARTESIAN_POINT('',(-1.54,0.8,6.E-02));
#1041 = DIRECTION('',(0.,-1.,0.));
#1042 = DIRECTION('',(0.,0.,1.));
#1043 = ORIENTED_EDGE('',*,*,#976,.F.);
#1044 = ORIENTED_EDGE('',*,*,#460,.F.);
#1045 = CYLINDRICAL_SURFACE('',#1046,6.E-02);
#1046 = AXIS2_PLACEMENT_3D('',#1047,#1048,#1049);
#1047 = CARTESIAN_POINT('',(-1.54,-0.8,6.E-02));
#1048 = DIRECTION('',(0.,1.,0.));
#1049 = DIRECTION('',(-1.,0.,0.));
#1050 = ADVANCED_FACE('',(#1051),#1062,.F.);
#1051 = FACE_BOUND('',#1052,.F.);
#1052 = EDGE_LOOP('',(#1053,#1054,#1060,#1061));
#1053 = ORIENTED_EDGE('',*,*,#517,.T.);
#1054 = ORIENTED_EDGE('',*,*,#1055,.T.);
#1055 = EDGE_CURVE('',#518,#984,#1056,.T.);
#1056 = LINE('',#1057,#1058);
#1057 = CARTESIAN_POINT('',(-1.45,-0.6,0.75));
#1058 = VECTOR('',#1059,1.);
#1059 = DIRECTION('',(-0.,-0.,-1.));
#1060 = ORIENTED_EDGE('',*,*,#983,.T.);
#1061 = ORIENTED_EDGE('',*,*,#503,.T.);
#1062 = PLANE('',#1063);
#1063 = AXIS2_PLACEMENT_3D('',#1064,#1065,#1066);
#1064 = CARTESIAN_POINT('',(-1.45,-0.6,0.75));
#1065 = DIRECTION('',(-1.,0.,0.));
#1066 = DIRECTION('',(0.,-1.,0.));
#1067 = ADVANCED_FACE('',(#1068),#1086,.F.);
#1068 = FACE_BOUND('',#1069,.F.);
#1069 = EDGE_LOOP('',(#1070,#1071,#1072,#1080));
#1070 = ORIENTED_EDGE('',*,*,#469,.F.);
#1071 = ORIENTED_EDGE('',*,*,#1029,.T.);
#1072 = ORIENTED_EDGE('',*,*,#1073,.T.);
#1073 = EDGE_CURVE('',#1030,#1074,#1076,.T.);
#1074 = VERTEX_POINT('',#1075);
#1075 = CARTESIAN_POINT('',(-1.6,0.8,0.44));
#1076 = LINE('',#1077,#1078);
#1077 = CARTESIAN_POINT('',(-1.6,0.8,0.));
#1078 = VECTOR('',#1079,1.);
#1079 = DIRECTION('',(0.,0.,1.));
#1080 = ORIENTED_EDGE('',*,*,#1081,.F.);
#1081 = EDGE_CURVE('',#470,#1074,#1082,.T.);
#1082 = LINE('',#1083,#1084);
#1083 = CARTESIAN_POINT('',(-1.6,-0.8,0.44));
#1084 = VECTOR('',#1085,1.);
#1085 = DIRECTION('',(0.,1.,0.));
#1086 = PLANE('',#1087);
#1087 = AXIS2_PLACEMENT_3D('',#1088,#1089,#1090);
#1088 = CARTESIAN_POINT('',(-1.6,-0.8,0.));
#1089 = DIRECTION('',(1.,0.,0.));
#1090 = DIRECTION('',(0.,0.,1.));
#1091 = ADVANCED_FACE('',(#1092),#1104,.T.);
#1092 = FACE_BOUND('',#1093,.T.);
#1093 = EDGE_LOOP('',(#1094,#1095,#1096,#1103));
#1094 = ORIENTED_EDGE('',*,*,#477,.T.);
#1095 = ORIENTED_EDGE('',*,*,#929,.T.);
#1096 = ORIENTED_EDGE('',*,*,#1097,.F.);
#1097 = EDGE_CURVE('',#1074,#922,#1098,.T.);
#1098 = CIRCLE('',#1099,6.E-02);
#1099 = AXIS2_PLACEMENT_3D('',#1100,#1101,#1102);
#1100 = CARTESIAN_POINT('',(-1.54,0.8,0.44));
#1101 = DIRECTION('',(0.,1.,0.));
#1102 = DIRECTION('',(0.,-0.,1.));
#1103 = ORIENTED_EDGE('',*,*,#1081,.F.);
#1104 = CYLINDRICAL_SURFACE('',#1105,6.E-02);
#1105 = AXIS2_PLACEMENT_3D('',#1106,#1107,#1108);
#1106 = CARTESIAN_POINT('',(-1.54,-0.8,0.44));
#1107 = DIRECTION('',(0.,1.,0.));
#1108 = DIRECTION('',(-1.,0.,0.));
#1109 = ADVANCED_FACE('',(#1110),#1122,.F.);
#1110 = FACE_BOUND('',#1111,.F.);
#1111 = EDGE_LOOP('',(#1112,#1113,#1114,#1121));
#1112 = ORIENTED_EDGE('',*,*,#1055,.F.);
#1113 = ORIENTED_EDGE('',*,*,#598,.T.);
#1114 = ORIENTED_EDGE('',*,*,#1115,.T.);
#1115 = EDGE_CURVE('',#591,#992,#1116,.T.);
#1116 = CIRCLE('',#1117,6.E-02);
#1117 = AXIS2_PLACEMENT_3D('',#1118,#1119,#1120);
#1118 = CARTESIAN_POINT('',(-1.06,-0.6,6.E-02));
#1119 = DIRECTION('',(-0.,1.,0.));
#1120 = DIRECTION('',(1.,0.,0.));
#1121 = ORIENTED_EDGE('',*,*,#991,.T.);
#1122 = PLANE('',#1123);
#1123 = AXIS2_PLACEMENT_3D('',#1124,#1125,#1126);
#1124 = CARTESIAN_POINT('',(1.45,-0.6,0.75));
#1125 = DIRECTION('',(0.,1.,0.));
#1126 = DIRECTION('',(-1.,0.,0.));
#1127 = ADVANCED_FACE('',(#1128),#1140,.T.);
#1128 = FACE_BOUND('',#1129,.T.);
#1129 = EDGE_LOOP('',(#1130,#1131,#1132,#1133));
#1130 = ORIENTED_EDGE('',*,*,#590,.F.);
#1131 = ORIENTED_EDGE('',*,*,#1115,.T.);
#1132 = ORIENTED_EDGE('',*,*,#999,.T.);
#1133 = ORIENTED_EDGE('',*,*,#1134,.F.);
#1134 = EDGE_CURVE('',#583,#1000,#1135,.T.);
#1135 = CIRCLE('',#1136,6.E-02);
#1136 = AXIS2_PLACEMENT_3D('',#1137,#1138,#1139);
#1137 = CARTESIAN_POINT('',(-1.06,0.6,6.E-02));
#1138 = DIRECTION('',(-0.,1.,0.));
#1139 = DIRECTION('',(1.,0.,0.));
#1140 = CYLINDRICAL_SURFACE('',#1141,6.E-02);
#1141 = AXIS2_PLACEMENT_3D('',#1142,#1143,#1144);
#1142 = CARTESIAN_POINT('',(-1.06,-0.8,6.E-02));
#1143 = DIRECTION('',(0.,1.,0.));
#1144 = DIRECTION('',(1.,0.,0.));
#1145 = ADVANCED_FACE('',(#1146),#1157,.F.);
#1146 = FACE_BOUND('',#1147,.F.);
#1147 = EDGE_LOOP('',(#1148,#1149,#1155,#1156));
#1148 = ORIENTED_EDGE('',*,*,#582,.T.);
#1149 = ORIENTED_EDGE('',*,*,#1150,.T.);
#1150 = EDGE_CURVE('',#575,#1008,#1151,.T.);
#1151 = LINE('',#1152,#1153);
#1152 = CARTESIAN_POINT('',(-1.45,0.6,0.75));
#1153 = VECTOR('',#1154,1.);
#1154 = DIRECTION('',(-0.,-0.,-1.));
#1155 = ORIENTED_EDGE('',*,*,#1007,.T.);
#1156 = ORIENTED_EDGE('',*,*,#1134,.F.);
#1157 = PLANE('',#1158);
#1158 = AXIS2_PLACEMENT_3D('',#1159,#1160,#1161);
#1159 = CARTESIAN_POINT('',(-1.45,0.6,0.75));
#1160 = DIRECTION('',(0.,-1.,0.));
#1161 = DIRECTION('',(1.,0.,0.));
#1162 = ADVANCED_FACE('',(#1163),#1174,.F.);
#1163 = FACE_BOUND('',#1164,.F.);
#1164 = EDGE_LOOP('',(#1165,#1166,#1167,#1173));
#1165 = ORIENTED_EDGE('',*,*,#1150,.F.);
#1166 = ORIENTED_EDGE('',*,*,#574,.T.);
#1167 = ORIENTED_EDGE('',*,*,#1168,.F.);
#1168 = EDGE_CURVE('',#969,#567,#1169,.T.);
#1169 = LINE('',#1170,#1171);
#1170 = CARTESIAN_POINT('',(-1.45,0.8,0.375));
#1171 = VECTOR('',#1172,1.);
#1172 = DIRECTION('',(0.,0.,1.));
#1173 = ORIENTED_EDGE('',*,*,#1015,.T.);
#1174 = PLANE('',#1175);
#1175 = AXIS2_PLACEMENT_3D('',#1176,#1177,#1178);
#1176 = CARTESIAN_POINT('',(-1.45,1.,0.75));
#1177 = DIRECTION('',(-1.,0.,0.));
#1178 = DIRECTION('',(0.,-1.,0.));
#1179 = ADVANCED_FACE('',(#1180),#1205,.F.);
#1180 = FACE_BOUND('',#1181,.F.);
#1181 = EDGE_LOOP('',(#1182,#1183,#1191,#1199));
#1182 = ORIENTED_EDGE('',*,*,#558,.T.);
#1183 = ORIENTED_EDGE('',*,*,#1184,.T.);
#1184 = EDGE_CURVE('',#551,#1185,#1187,.T.);
#1185 = VERTEX_POINT('',#1186);
#1186 = CARTESIAN_POINT('',(1.45,0.6,0.));
#1187 = LINE('',#1188,#1189);
#1188 = CARTESIAN_POINT('',(1.45,0.6,0.75));
#1189 = VECTOR('',#1190,1.);
#1190 = DIRECTION('',(-0.,-0.,-1.));
#1191 = ORIENTED_EDGE('',*,*,#1192,.T.);
#1192 = EDGE_CURVE('',#1185,#1193,#1195,.T.);
#1193 = VERTEX_POINT('',#1194);
#1194 = CARTESIAN_POINT('',(1.45,0.8,0.));
#1195 = LINE('',#1196,#1197);
#1196 = CARTESIAN_POINT('',(1.45,-0.1,0.));
#1197 = VECTOR('',#1198,1.);
#1198 = DIRECTION('',(0.,1.,0.));
#1199 = ORIENTED_EDGE('',*,*,#1200,.F.);
#1200 = EDGE_CURVE('',#559,#1193,#1201,.T.);
#1201 = LINE('',#1202,#1203);
#1202 = CARTESIAN_POINT('',(1.45,0.8,0.375));
#1203 = VECTOR('',#1204,1.);
#1204 = DIRECTION('',(0.,0.,-1.));
#1205 = PLANE('',#1206);
#1206 = AXIS2_PLACEMENT_3D('',#1207,#1208,#1209);
#1207 = CARTESIAN_POINT('',(1.45,0.6,0.75));
#1208 = DIRECTION('',(1.,0.,0.));
#1209 = DIRECTION('',(-0.,1.,0.));
#1210 = ADVANCED_FACE('',(#1211),#1230,.F.);
#1211 = FACE_BOUND('',#1212,.F.);
#1212 = EDGE_LOOP('',(#1213,#1214,#1215,#1224));
#1213 = ORIENTED_EDGE('',*,*,#1184,.F.);
#1214 = ORIENTED_EDGE('',*,*,#550,.T.);
#1215 = ORIENTED_EDGE('',*,*,#1216,.F.);
#1216 = EDGE_CURVE('',#1217,#543,#1219,.T.);
#1217 = VERTEX_POINT('',#1218);
#1218 = CARTESIAN_POINT('',(1.06,0.6,-6.938893903907E-18));
#1219 = CIRCLE('',#1220,6.E-02);
#1220 = AXIS2_PLACEMENT_3D('',#1221,#1222,#1223);
#1221 = CARTESIAN_POINT('',(1.06,0.6,6.E-02));
#1222 = DIRECTION('',(0.,1.,-0.));
#1223 = DIRECTION('',(-1.,0.,0.));
#1224 = ORIENTED_EDGE('',*,*,#1225,.T.);
#1225 = EDGE_CURVE('',#1217,#1185,#1226,.T.);
#1226 = LINE('',#1227,#1228);
#1227 = CARTESIAN_POINT('',(-0.225,0.6,0.));
#1228 = VECTOR('',#1229,1.);
#1229 = DIRECTION('',(1.,0.,0.));
#1230 = PLANE('',#1231);
#1231 = AXIS2_PLACEMENT_3D('',#1232,#1233,#1234);
#1232 = CARTESIAN_POINT('',(-1.45,0.6,0.75));
#1233 = DIRECTION('',(0.,-1.,0.));
#1234 = DIRECTION('',(1.,0.,0.));
#1235 = ADVANCED_FACE('',(#1236),#1255,.T.);
#1236 = FACE_BOUND('',#1237,.T.);
#1237 = EDGE_LOOP('',(#1238,#1239,#1247,#1254));
#1238 = ORIENTED_EDGE('',*,*,#1216,.F.);
#1239 = ORIENTED_EDGE('',*,*,#1240,.F.);
#1240 = EDGE_CURVE('',#1241,#1217,#1243,.T.);
#1241 = VERTEX_POINT('',#1242);
#1242 = CARTESIAN_POINT('',(1.06,-0.6,-6.938893903907E-18));
#1243 = LINE('',#1244,#1245);
#1244 = CARTESIAN_POINT('',(1.06,-0.8,-6.938893903907E-18));
#1245 = VECTOR('',#1246,1.);
#1246 = DIRECTION('',(0.,1.,0.));
#1247 = ORIENTED_EDGE('',*,*,#1248,.T.);
#1248 = EDGE_CURVE('',#1241,#535,#1249,.T.);
#1249 = CIRCLE('',#1250,6.E-02);
#1250 = AXIS2_PLACEMENT_3D('',#1251,#1252,#1253);
#1251 = CARTESIAN_POINT('',(1.06,-0.6,6.E-02));
#1252 = DIRECTION('',(0.,1.,-0.));
#1253 = DIRECTION('',(-1.,0.,0.));
#1254 = ORIENTED_EDGE('',*,*,#542,.T.);
#1255 = CYLINDRICAL_SURFACE('',#1256,6.E-02);
#1256 = AXIS2_PLACEMENT_3D('',#1257,#1258,#1259);
#1257 = CARTESIAN_POINT('',(1.06,-0.8,6.E-02));
#1258 = DIRECTION('',(0.,1.,0.));
#1259 = DIRECTION('',(-1.,0.,0.));
#1260 = ADVANCED_FACE('',(#1261),#1279,.F.);
#1261 = FACE_BOUND('',#1262,.F.);
#1262 = EDGE_LOOP('',(#1263,#1264,#1272,#1278));
#1263 = ORIENTED_EDGE('',*,*,#534,.T.);
#1264 = ORIENTED_EDGE('',*,*,#1265,.T.);
#1265 = EDGE_CURVE('',#527,#1266,#1268,.T.);
#1266 = VERTEX_POINT('',#1267);
#1267 = CARTESIAN_POINT('',(1.45,-0.6,0.));
#1268 = LINE('',#1269,#1270);
#1269 = CARTESIAN_POINT('',(1.45,-0.6,0.75));
#1270 = VECTOR('',#1271,1.);
#1271 = DIRECTION('',(-0.,-0.,-1.));
#1272 = ORIENTED_EDGE('',*,*,#1273,.T.);
#1273 = EDGE_CURVE('',#1266,#1241,#1274,.T.);
#1274 = LINE('',#1275,#1276);
#1275 = CARTESIAN_POINT('',(1.225,-0.6,0.));
#1276 = VECTOR('',#1277,1.);
#1277 = DIRECTION('',(-1.,0.,0.));
#1278 = ORIENTED_EDGE('',*,*,#1248,.T.);
#1279 = PLANE('',#1280);
#1280 = AXIS2_PLACEMENT_3D('',#1281,#1282,#1283);
#1281 = CARTESIAN_POINT('',(1.45,-0.6,0.75));
#1282 = DIRECTION('',(0.,1.,0.));
#1283 = DIRECTION('',(-1.,0.,0.));
#1284 = ADVANCED_FACE('',(#1285),#1296,.F.);
#1285 = FACE_BOUND('',#1286,.F.);
#1286 = EDGE_LOOP('',(#1287,#1288,#1289,#1290));
#1287 = ORIENTED_EDGE('',*,*,#1265,.F.);
#1288 = ORIENTED_EDGE('',*,*,#526,.T.);
#1289 = ORIENTED_EDGE('',*,*,#648,.T.);
#1290 = ORIENTED_EDGE('',*,*,#1291,.T.);
#1291 = EDGE_CURVE('',#639,#1266,#1292,.T.);
#1292 = LINE('',#1293,#1294);
#1293 = CARTESIAN_POINT('',(1.45,-0.9,0.));
#1294 = VECTOR('',#1295,1.);
#1295 = DIRECTION('',(0.,1.,0.));
#1296 = PLANE('',#1297);
#1297 = AXIS2_PLACEMENT_3D('',#1298,#1299,#1300);
#1298 = CARTESIAN_POINT('',(1.45,-1.,0.75));
#1299 = DIRECTION('',(1.,0.,0.));
#1300 = DIRECTION('',(-0.,1.,0.));
#1301 = ADVANCED_FACE('',(#1302),#1327,.T.);
#1302 = FACE_BOUND('',#1303,.T.);
#1303 = EDGE_LOOP('',(#1304,#1312,#1313,#1321));
#1304 = ORIENTED_EDGE('',*,*,#1305,.T.);
#1305 = EDGE_CURVE('',#1306,#607,#1308,.T.);
#1306 = VERTEX_POINT('',#1307);
#1307 = CARTESIAN_POINT('',(0.554256258422,0.64,3.E-02));
#1308 = LINE('',#1309,#1310);
#1309 = CARTESIAN_POINT('',(0.554256258422,0.64,3.E-02));
#1310 = VECTOR('',#1311,1.);
#1311 = DIRECTION('',(0.,0.,1.));
#1312 = ORIENTED_EDGE('',*,*,#606,.T.);
#1313 = ORIENTED_EDGE('',*,*,#1314,.F.);
#1314 = EDGE_CURVE('',#1315,#609,#1317,.T.);
#1315 = VERTEX_POINT('',#1316);
#1316 = CARTESIAN_POINT('',(0.554256258422,-0.64,3.E-02));
#1317 = LINE('',#1318,#1319);
#1318 = CARTESIAN_POINT('',(0.554256258422,-0.64,3.E-02));
#1319 = VECTOR('',#1320,1.);
#1320 = DIRECTION('',(0.,0.,1.));
#1321 = ORIENTED_EDGE('',*,*,#1322,.F.);
#1322 = EDGE_CURVE('',#1306,#1315,#1323,.T.);
#1323 = LINE('',#1324,#1325);
#1324 = CARTESIAN_POINT('',(0.554256258422,0.64,3.E-02));
#1325 = VECTOR('',#1326,1.);
#1326 = DIRECTION('',(0.,-1.,0.));
#1327 = PLANE('',#1328);
#1328 = AXIS2_PLACEMENT_3D('',#1329,#1330,#1331);
#1329 = CARTESIAN_POINT('',(0.554256258422,0.64,3.E-02));
#1330 = DIRECTION('',(1.,0.,0.));
#1331 = DIRECTION('',(0.,-1.,0.));
#1332 = ADVANCED_FACE('',(#1333),#1351,.T.);
#1333 = FACE_BOUND('',#1334,.T.);
#1334 = EDGE_LOOP('',(#1335,#1343,#1344,#1345));
#1335 = ORIENTED_EDGE('',*,*,#1336,.T.);
#1336 = EDGE_CURVE('',#1337,#617,#1339,.T.);
#1337 = VERTEX_POINT('',#1338);
#1338 = CARTESIAN_POINT('',(-0.554256258422,0.,3.E-02));
#1339 = LINE('',#1340,#1341);
#1340 = CARTESIAN_POINT('',(-0.554256258422,0.,3.E-02));
#1341 = VECTOR('',#1342,1.);
#1342 = DIRECTION('',(0.,0.,1.));
#1343 = ORIENTED_EDGE('',*,*,#624,.T.);
#1344 = ORIENTED_EDGE('',*,*,#1305,.F.);
#1345 = ORIENTED_EDGE('',*,*,#1346,.F.);
#1346 = EDGE_CURVE('',#1337,#1306,#1347,.T.);
#1347 = LINE('',#1348,#1349);
#1348 = CARTESIAN_POINT('',(-0.554256258422,0.,3.E-02));
#1349 = VECTOR('',#1350,1.);
#1350 = DIRECTION('',(0.866025403784,0.5,0.));
#1351 = PLANE('',#1352);
#1352 = AXIS2_PLACEMENT_3D('',#1353,#1354,#1355);
#1353 = CARTESIAN_POINT('',(-0.554256258422,0.,3.E-02));
#1354 = DIRECTION('',(-0.5,0.866025403784,0.));
#1355 = DIRECTION('',(0.866025403784,0.5,0.));
#1356 = ADVANCED_FACE('',(#1357),#1368,.T.);
#1357 = FACE_BOUND('',#1358,.T.);
#1358 = EDGE_LOOP('',(#1359,#1360,#1361,#1362));
#1359 = ORIENTED_EDGE('',*,*,#1314,.T.);
#1360 = ORIENTED_EDGE('',*,*,#616,.T.);
#1361 = ORIENTED_EDGE('',*,*,#1336,.F.);
#1362 = ORIENTED_EDGE('',*,*,#1363,.F.);
#1363 = EDGE_CURVE('',#1315,#1337,#1364,.T.);
#1364 = LINE('',#1365,#1366);
#1365 = CARTESIAN_POINT('',(0.554256258422,-0.64,3.E-02));
#1366 = VECTOR('',#1367,1.);
#1367 = DIRECTION('',(-0.866025403784,0.5,0.));
#1368 = PLANE('',#1369);
#1369 = AXIS2_PLACEMENT_3D('',#1370,#1371,#1372);
#1370 = CARTESIAN_POINT('',(0.554256258422,-0.64,3.E-02));
#1371 = DIRECTION('',(-0.5,-0.866025403784,0.));
#1372 = DIRECTION('',(-0.866025403784,0.5,0.));
#1373 = ADVANCED_FACE('',(#1374),#1396,.F.);
#1374 = FACE_BOUND('',#1375,.F.);
#1375 = EDGE_LOOP('',(#1376,#1384,#1385,#1386,#1387,#1388,#1389,#1390));
#1376 = ORIENTED_EDGE('',*,*,#1377,.F.);
#1377 = EDGE_CURVE('',#1193,#1378,#1380,.T.);
#1378 = VERTEX_POINT('',#1379);
#1379 = CARTESIAN_POINT('',(1.54,0.8,-6.938893903907E-18));
#1380 = LINE('',#1381,#1382);
#1381 = CARTESIAN_POINT('',(1.,0.8,0.));
#1382 = VECTOR('',#1383,1.);
#1383 = DIRECTION('',(1.,0.,0.));
#1384 = ORIENTED_EDGE('',*,*,#1192,.F.);
#1385 = ORIENTED_EDGE('',*,*,#1225,.F.);
#1386 = ORIENTED_EDGE('',*,*,#1240,.F.);
#1387 = ORIENTED_EDGE('',*,*,#1273,.F.);
#1388 = ORIENTED_EDGE('',*,*,#1291,.F.);
#1389 = ORIENTED_EDGE('',*,*,#638,.T.);
#1390 = ORIENTED_EDGE('',*,*,#1391,.T.);
#1391 = EDGE_CURVE('',#641,#1378,#1392,.T.);
#1392 = LINE('',#1393,#1394);
#1393 = CARTESIAN_POINT('',(1.54,-0.8,-6.938893903907E-18));
#1394 = VECTOR('',#1395,1.);
#1395 = DIRECTION('',(0.,1.,0.));
#1396 = PLANE('',#1397);
#1397 = AXIS2_PLACEMENT_3D('',#1398,#1399,#1400);
#1398 = CARTESIAN_POINT('',(1.,-0.8,0.));
#1399 = DIRECTION('',(0.,0.,1.));
#1400 = DIRECTION('',(1.,0.,-0.));
#1401 = ADVANCED_FACE('',(#1402),#1421,.T.);
#1402 = FACE_BOUND('',#1403,.T.);
#1403 = EDGE_LOOP('',(#1404,#1405,#1406,#1415));
#1404 = ORIENTED_EDGE('',*,*,#690,.T.);
#1405 = ORIENTED_EDGE('',*,*,#1391,.T.);
#1406 = ORIENTED_EDGE('',*,*,#1407,.F.);
#1407 = EDGE_CURVE('',#1408,#1378,#1410,.T.);
#1408 = VERTEX_POINT('',#1409);
#1409 = CARTESIAN_POINT('',(1.6,0.8,6.E-02));
#1410 = CIRCLE('',#1411,6.E-02);
#1411 = AXIS2_PLACEMENT_3D('',#1412,#1413,#1414);
#1412 = CARTESIAN_POINT('',(1.54,0.8,6.E-02));
#1413 = DIRECTION('',(0.,1.,0.));
#1414 = DIRECTION('',(0.,-0.,1.));
#1415 = ORIENTED_EDGE('',*,*,#1416,.F.);
#1416 = EDGE_CURVE('',#683,#1408,#1417,.T.);
#1417 = LINE('',#1418,#1419);
#1418 = CARTESIAN_POINT('',(1.6,-0.8,6.E-02));
#1419 = VECTOR('',#1420,1.);
#1420 = DIRECTION('',(0.,1.,0.));
#1421 = CYLINDRICAL_SURFACE('',#1422,6.E-02);
#1422 = AXIS2_PLACEMENT_3D('',#1423,#1424,#1425);
#1423 = CARTESIAN_POINT('',(1.54,-0.8,6.E-02));
#1424 = DIRECTION('',(0.,1.,0.));
#1425 = DIRECTION('',(1.,0.,0.));
#1426 = ADVANCED_FACE('',(#1427),#1445,.T.);
#1427 = FACE_BOUND('',#1428,.T.);
#1428 = EDGE_LOOP('',(#1429,#1430,#1431,#1439));
#1429 = ORIENTED_EDGE('',*,*,#682,.F.);
#1430 = ORIENTED_EDGE('',*,*,#1416,.T.);
#1431 = ORIENTED_EDGE('',*,*,#1432,.T.);
#1432 = EDGE_CURVE('',#1408,#1433,#1435,.T.);
#1433 = VERTEX_POINT('',#1434);
#1434 = CARTESIAN_POINT('',(1.6,0.8,0.44));
#1435 = LINE('',#1436,#1437);
#1436 = CARTESIAN_POINT('',(1.6,0.8,0.));
#1437 = VECTOR('',#1438,1.);
#1438 = DIRECTION('',(0.,0.,1.));
#1439 = ORIENTED_EDGE('',*,*,#1440,.F.);
#1440 = EDGE_CURVE('',#674,#1433,#1441,.T.);
#1441 = LINE('',#1442,#1443);
#1442 = CARTESIAN_POINT('',(1.6,-0.8,0.44));
#1443 = VECTOR('',#1444,1.);
#1444 = DIRECTION('',(0.,1.,0.));
#1445 = PLANE('',#1446);
#1446 = AXIS2_PLACEMENT_3D('',#1447,#1448,#1449);
#1447 = CARTESIAN_POINT('',(1.6,-0.8,0.));
#1448 = DIRECTION('',(1.,0.,0.));
#1449 = DIRECTION('',(0.,0.,1.));
#1450 = ADVANCED_FACE('',(#1451),#1470,.T.);
#1451 = FACE_BOUND('',#1452,.T.);
#1452 = EDGE_LOOP('',(#1453,#1454,#1463,#1469));
#1453 = ORIENTED_EDGE('',*,*,#1440,.T.);
#1454 = ORIENTED_EDGE('',*,*,#1455,.T.);
#1455 = EDGE_CURVE('',#1433,#1456,#1458,.T.);
#1456 = VERTEX_POINT('',#1457);
#1457 = CARTESIAN_POINT('',(1.54,0.8,0.5));
#1458 = CIRCLE('',#1459,6.E-02);
#1459 = AXIS2_PLACEMENT_3D('',#1460,#1461,#1462);
#1460 = CARTESIAN_POINT('',(1.54,0.8,0.44));
#1461 = DIRECTION('',(0.,-1.,0.));
#1462 = DIRECTION('',(0.,0.,1.));
#1463 = ORIENTED_EDGE('',*,*,#1464,.F.);
#1464 = EDGE_CURVE('',#666,#1456,#1465,.T.);
#1465 = LINE('',#1466,#1467);
#1466 = CARTESIAN_POINT('',(1.54,-0.8,0.5));
#1467 = VECTOR('',#1468,1.);
#1468 = DIRECTION('',(0.,1.,0.));
#1469 = ORIENTED_EDGE('',*,*,#673,.F.);
#1470 = CYLINDRICAL_SURFACE('',#1471,6.E-02);
#1471 = AXIS2_PLACEMENT_3D('',#1472,#1473,#1474);
#1472 = CARTESIAN_POINT('',(1.54,-0.8,0.44));
#1473 = DIRECTION('',(0.,1.,0.));
#1474 = DIRECTION('',(1.,0.,0.));
#1475 = ADVANCED_FACE('',(#1476),#1517,.T.);
#1476 = FACE_BOUND('',#1477,.T.);
#1477 = EDGE_LOOP('',(#1478,#1486,#1494,#1500,#1501,#1509,#1515,#1516));
#1478 = ORIENTED_EDGE('',*,*,#1479,.F.);
#1479 = EDGE_CURVE('',#1480,#1456,#1482,.T.);
#1480 = VERTEX_POINT('',#1481);
#1481 = CARTESIAN_POINT('',(1.45,0.8,0.5));
#1482 = LINE('',#1483,#1484);
#1483 = CARTESIAN_POINT('',(1.,0.8,0.5));
#1484 = VECTOR('',#1485,1.);
#1485 = DIRECTION('',(1.,0.,0.));
#1486 = ORIENTED_EDGE('',*,*,#1487,.F.);
#1487 = EDGE_CURVE('',#1488,#1480,#1490,.T.);
#1488 = VERTEX_POINT('',#1489);
#1489 = CARTESIAN_POINT('',(1.45,0.6,0.5));
#1490 = LINE('',#1491,#1492);
#1491 = CARTESIAN_POINT('',(1.45,-0.1,0.5));
#1492 = VECTOR('',#1493,1.);
#1493 = DIRECTION('',(0.,1.,0.));
#1494 = ORIENTED_EDGE('',*,*,#1495,.F.);
#1495 = EDGE_CURVE('',#771,#1488,#1496,.T.);
#1496 = LINE('',#1497,#1498);
#1497 = CARTESIAN_POINT('',(-0.225,0.6,0.5));
#1498 = VECTOR('',#1499,1.);
#1499 = DIRECTION('',(1.,0.,0.));
#1500 = ORIENTED_EDGE('',*,*,#770,.F.);
#1501 = ORIENTED_EDGE('',*,*,#1502,.F.);
#1502 = EDGE_CURVE('',#1503,#762,#1505,.T.);
#1503 = VERTEX_POINT('',#1504);
#1504 = CARTESIAN_POINT('',(1.45,-0.6,0.5));
#1505 = LINE('',#1506,#1507);
#1506 = CARTESIAN_POINT('',(1.225,-0.6,0.5));
#1507 = VECTOR('',#1508,1.);
#1508 = DIRECTION('',(-1.,0.,0.));
#1509 = ORIENTED_EDGE('',*,*,#1510,.F.);
#1510 = EDGE_CURVE('',#658,#1503,#1511,.T.);
#1511 = LINE('',#1512,#1513);
#1512 = CARTESIAN_POINT('',(1.45,-0.9,0.5));
#1513 = VECTOR('',#1514,1.);
#1514 = DIRECTION('',(0.,1.,0.));
#1515 = ORIENTED_EDGE('',*,*,#665,.T.);
#1516 = ORIENTED_EDGE('',*,*,#1464,.T.);
#1517 = PLANE('',#1518);
#1518 = AXIS2_PLACEMENT_3D('',#1519,#1520,#1521);
#1519 = CARTESIAN_POINT('',(1.,-0.8,0.5));
#1520 = DIRECTION('',(0.,0.,1.));
#1521 = DIRECTION('',(1.,0.,-0.));
#1522 = ADVANCED_FACE('',(#1523),#1534,.F.);
#1523 = FACE_BOUND('',#1524,.F.);
#1524 = EDGE_LOOP('',(#1525,#1531,#1532,#1533));
#1525 = ORIENTED_EDGE('',*,*,#1526,.F.);
#1526 = EDGE_CURVE('',#1503,#706,#1527,.T.);
#1527 = LINE('',#1528,#1529);
#1528 = CARTESIAN_POINT('',(1.45,-0.6,0.75));
#1529 = VECTOR('',#1530,1.);
#1530 = DIRECTION('',(-0.,-0.,-1.));
#1531 = ORIENTED_EDGE('',*,*,#1510,.F.);
#1532 = ORIENTED_EDGE('',*,*,#657,.T.);
#1533 = ORIENTED_EDGE('',*,*,#715,.F.);
#1534 = PLANE('',#1535);
#1535 = AXIS2_PLACEMENT_3D('',#1536,#1537,#1538);
#1536 = CARTESIAN_POINT('',(1.45,-1.,0.75));
#1537 = DIRECTION('',(1.,0.,0.));
#1538 = DIRECTION('',(-0.,1.,0.));
#1539 = ADVANCED_FACE('',(#1540),#1546,.F.);
#1540 = FACE_BOUND('',#1541,.F.);
#1541 = EDGE_LOOP('',(#1542,#1543,#1544,#1545));
#1542 = ORIENTED_EDGE('',*,*,#1502,.F.);
#1543 = ORIENTED_EDGE('',*,*,#1526,.T.);
#1544 = ORIENTED_EDGE('',*,*,#705,.F.);
#1545 = ORIENTED_EDGE('',*,*,#761,.T.);
#1546 = PLANE('',#1547);
#1547 = AXIS2_PLACEMENT_3D('',#1548,#1549,#1550);
#1548 = CARTESIAN_POINT('',(1.45,-0.6,0.75));
#1549 = DIRECTION('',(0.,1.,0.));
#1550 = DIRECTION('',(-1.,0.,0.));
#1551 = ADVANCED_FACE('',(#1552),#1568,.F.);
#1552 = FACE_BOUND('',#1553,.F.);
#1553 = EDGE_LOOP('',(#1554,#1555,#1561,#1562));
#1554 = ORIENTED_EDGE('',*,*,#1487,.F.);
#1555 = ORIENTED_EDGE('',*,*,#1556,.T.);
#1556 = EDGE_CURVE('',#1488,#739,#1557,.T.);
#1557 = LINE('',#1558,#1559);
#1558 = CARTESIAN_POINT('',(1.45,0.6,0.75));
#1559 = VECTOR('',#1560,1.);
#1560 = DIRECTION('',(-0.,-0.,-1.));
#1561 = ORIENTED_EDGE('',*,*,#746,.F.);
#1562 = ORIENTED_EDGE('',*,*,#1563,.F.);
#1563 = EDGE_CURVE('',#1480,#730,#1564,.T.);
#1564 = LINE('',#1565,#1566);
#1565 = CARTESIAN_POINT('',(1.45,0.8,0.375));
#1566 = VECTOR('',#1567,1.);
#1567 = DIRECTION('',(0.,0.,-1.));
#1568 = PLANE('',#1569);
#1569 = AXIS2_PLACEMENT_3D('',#1570,#1571,#1572);
#1570 = CARTESIAN_POINT('',(1.45,0.6,0.75));
#1571 = DIRECTION('',(1.,0.,0.));
#1572 = DIRECTION('',(-0.,1.,0.));
#1573 = ADVANCED_FACE('',(#1574),#1580,.F.);
#1574 = FACE_BOUND('',#1575,.F.);
#1575 = EDGE_LOOP('',(#1576,#1577,#1578,#1579));
#1576 = ORIENTED_EDGE('',*,*,#1556,.F.);
#1577 = ORIENTED_EDGE('',*,*,#1495,.F.);
#1578 = ORIENTED_EDGE('',*,*,#778,.F.);
#1579 = ORIENTED_EDGE('',*,*,#738,.F.);
#1580 = PLANE('',#1581);
#1581 = AXIS2_PLACEMENT_3D('',#1582,#1583,#1584);
#1582 = CARTESIAN_POINT('',(-1.45,0.6,0.75));
#1583 = DIRECTION('',(0.,-1.,0.));
#1584 = DIRECTION('',(1.,0.,0.));
#1585 = ADVANCED_FACE('',(#1586),#1598,.T.);
#1586 = FACE_BOUND('',#1587,.T.);
#1587 = EDGE_LOOP('',(#1588,#1589,#1590,#1591,#1592,#1593,#1594,#1595,
    #1596,#1597));
#1588 = ORIENTED_EDGE('',*,*,#966,.F.);
#1589 = ORIENTED_EDGE('',*,*,#1037,.F.);
#1590 = ORIENTED_EDGE('',*,*,#1073,.T.);
#1591 = ORIENTED_EDGE('',*,*,#1097,.T.);
#1592 = ORIENTED_EDGE('',*,*,#921,.T.);
#1593 = ORIENTED_EDGE('',*,*,#882,.F.);
#1594 = ORIENTED_EDGE('',*,*,#809,.F.);
#1595 = ORIENTED_EDGE('',*,*,#801,.F.);
#1596 = ORIENTED_EDGE('',*,*,#793,.T.);
#1597 = ORIENTED_EDGE('',*,*,#1168,.F.);
#1598 = PLANE('',#1599);
#1599 = AXIS2_PLACEMENT_3D('',#1600,#1601,#1602);
#1600 = CARTESIAN_POINT('',(-1.6,0.8,0.));
#1601 = DIRECTION('',(0.,1.,0.));
#1602 = DIRECTION('',(0.,-0.,1.));
#1603 = ADVANCED_FACE('',(#1604),#1616,.T.);
#1604 = FACE_BOUND('',#1605,.T.);
#1605 = EDGE_LOOP('',(#1606,#1607,#1608,#1609,#1610,#1611,#1612,#1613,
    #1614,#1615));
#1606 = ORIENTED_EDGE('',*,*,#1377,.F.);
#1607 = ORIENTED_EDGE('',*,*,#1200,.F.);
#1608 = ORIENTED_EDGE('',*,*,#834,.T.);
#1609 = ORIENTED_EDGE('',*,*,#826,.T.);
#1610 = ORIENTED_EDGE('',*,*,#818,.F.);
#1611 = ORIENTED_EDGE('',*,*,#1563,.F.);
#1612 = ORIENTED_EDGE('',*,*,#1479,.T.);
#1613 = ORIENTED_EDGE('',*,*,#1455,.F.);
#1614 = ORIENTED_EDGE('',*,*,#1432,.F.);
#1615 = ORIENTED_EDGE('',*,*,#1407,.T.);
#1616 = PLANE('',#1617);
#1617 = AXIS2_PLACEMENT_3D('',#1618,#1619,#1620);
#1618 = CARTESIAN_POINT('',(1.,0.8,0.));
#1619 = DIRECTION('',(0.,1.,0.));
#1620 = DIRECTION('',(0.,-0.,1.));
#1621 = ADVANCED_FACE('',(#1622),#1627,.T.);
#1622 = FACE_BOUND('',#1623,.T.);
#1623 = EDGE_LOOP('',(#1624,#1625,#1626));
#1624 = ORIENTED_EDGE('',*,*,#1346,.T.);
#1625 = ORIENTED_EDGE('',*,*,#1322,.T.);
#1626 = ORIENTED_EDGE('',*,*,#1363,.T.);
#1627 = PLANE('',#1628);
#1628 = AXIS2_PLACEMENT_3D('',#1629,#1630,#1631);
#1629 = CARTESIAN_POINT('',(0.184752086141,0.,3.E-02));
#1630 = DIRECTION('',(-0.,-0.,-1.));
#1631 = DIRECTION('',(-1.,0.,0.));
#1632 = ( GEOMETRIC_REPRESENTATION_CONTEXT(3) 
GLOBAL_UNCERTAINTY_ASSIGNED_CONTEXT((#1636)) 
GLOBAL_UNIT_ASSIGNED_CONTEXT((#1633,#1634,#1635)) REPRESENTATION_CONTEXT
('Context #1','3D Context with UNIT and UNCERTAINTY') );
#1633 = ( LENGTH_UNIT() NAMED_UNIT(*) SI_UNIT(.MILLI.,.METRE.) );
#1634 = ( NAMED_UNIT(*) PLANE_ANGLE_UNIT() SI_UNIT($,.RADIAN.) );
#1635 = ( NAMED_UNIT(*) SI_UNIT($,.STERADIAN.) SOLID_ANGLE_UNIT() );
#1636 = UNCERTAINTY_MEASURE_WITH_UNIT(LENGTH_MEASURE(1.E-07),#1633,
  'distance_accuracy_value','confusion accuracy');
#1637 = CONTEXT_DEPENDENT_SHAPE_REPRESENTATION(#1638,#1640);
#1638 = ( REPRESENTATION_RELATIONSHIP('','',#108,#10) 
REPRESENTATION_RELATIONSHIP_WITH_TRANSFORMATION(#1639) 
SHAPE_REPRESENTATION_RELATIONSHIP() );
#1639 = ITEM_DEFINED_TRANSFORMATION('','',#11,#15);
#1640 = PRODUCT_DEFINITION_SHAPE('Placement','Placement of an item',
  #1641);
#1641 = NEXT_ASSEMBLY_USAGE_OCCURRENCE('1','D1','',#5,#103,$);
#1642 = PRODUCT_RELATED_PRODUCT_CATEGORY('part',$,(#105));
#1643 = CONTEXT_DEPENDENT_SHAPE_REPRESENTATION(#1644,#1646);
#1644 = ( REPRESENTATION_RELATIONSHIP('','',#108,#10) 
REPRESENTATION_RELATIONSHIP_WITH_TRANSFORMATION(#1645) 
SHAPE_REPRESENTATION_RELATIONSHIP() );
#1645 = ITEM_DEFINED_TRANSFORMATION('','',#11,#19);
#1646 = PRODUCT_DEFINITION_SHAPE('Placement','Placement of an item',
  #1647);
#1647 = NEXT_ASSEMBLY_USAGE_OCCURRENCE('2','D7','',#5,#103,$);
#1648 = CONTEXT_DEPENDENT_SHAPE_REPRESENTATION(#1649,#1651);
#1649 = ( REPRESENTATION_RELATIONSHIP('','',#108,#10) 
REPRESENTATION_RELATIONSHIP_WITH_TRANSFORMATION(#1650) 
SHAPE_REPRESENTATION_RELATIONSHIP() );
#1650 = ITEM_DEFINED_TRANSFORMATION('','',#11,#23);
#1651 = PRODUCT_DEFINITION_SHAPE('Placement','Placement of an item',
  #1652);
#1652 = NEXT_ASSEMBLY_USAGE_OCCURRENCE('3','D15','',#5,#103,$);
#1653 = CONTEXT_DEPENDENT_SHAPE_REPRESENTATION(#1654,#1656);
#1654 = ( REPRESENTATION_RELATIONSHIP('','',#108,#10) 
REPRESENTATION_RELATIONSHIP_WITH_TRANSFORMATION(#1655) 
SHAPE_REPRESENTATION_RELATIONSHIP() );
#1655 = ITEM_DEFINED_TRANSFORMATION('','',#11,#27);
#1656 = PRODUCT_DEFINITION_SHAPE('Placement','Placement of an item',
  #1657);
#1657 = NEXT_ASSEMBLY_USAGE_OCCURRENCE('4','D5','',#5,#103,$);
#1658 = CONTEXT_DEPENDENT_SHAPE_REPRESENTATION(#1659,#1661);
#1659 = ( REPRESENTATION_RELATIONSHIP('','',#108,#10) 
REPRESENTATION_RELATIONSHIP_WITH_TRANSFORMATION(#1660) 
SHAPE_REPRESENTATION_RELATIONSHIP() );
#1660 = ITEM_DEFINED_TRANSFORMATION('','',#11,#31);
#1661 = PRODUCT_DEFINITION_SHAPE('Placement','Placement of an item',
  #1662);
#1662 = NEXT_ASSEMBLY_USAGE_OCCURRENCE('5','D16','',#5,#103,$);
#1663 = CONTEXT_DEPENDENT_SHAPE_REPRESENTATION(#1664,#1666);
#1664 = ( REPRESENTATION_RELATIONSHIP('','',#108,#10) 
REPRESENTATION_RELATIONSHIP_WITH_TRANSFORMATION(#1665) 
SHAPE_REPRESENTATION_RELATIONSHIP() );
#1665 = ITEM_DEFINED_TRANSFORMATION('','',#11,#35);
#1666 = PRODUCT_DEFINITION_SHAPE('Placement','Placement of an item',
  #1667);
#1667 = NEXT_ASSEMBLY_USAGE_OCCURRENCE('6','D3','',#5,#103,$);
#1668 = CONTEXT_DEPENDENT_SHAPE_REPRESENTATION(#1669,#1671);
#1669 = ( REPRESENTATION_RELATIONSHIP('','',#108,#10) 
REPRESENTATION_RELATIONSHIP_WITH_TRANSFORMATION(#1670) 
SHAPE_REPRESENTATION_RELATIONSHIP() );
#1670 = ITEM_DEFINED_TRANSFORMATION('','',#11,#39);
#1671 = PRODUCT_DEFINITION_SHAPE('Placement','Placement of an item',
  #1672);
#1672 = NEXT_ASSEMBLY_USAGE_OCCURRENCE('7','D10','',#5,#103,$);
#1673 = CONTEXT_DEPENDENT_SHAPE_REPRESENTATION(#1674,#1676);
#1674 = ( REPRESENTATION_RELATIONSHIP('','',#108,#10) 
REPRESENTATION_RELATIONSHIP_WITH_TRANSFORMATION(#1675) 
SHAPE_REPRESENTATION_RELATIONSHIP() );
#1675 = ITEM_DEFINED_TRANSFORMATION('','',#11,#43);
#1676 = PRODUCT_DEFINITION_SHAPE('Placement','Placement of an item',
  #1677);
#1677 = NEXT_ASSEMBLY_USAGE_OCCURRENCE('8','D2','',#5,#103,$);
#1678 = CONTEXT_DEPENDENT_SHAPE_REPRESENTATION(#1679,#1681);
#1679 = ( REPRESENTATION_RELATIONSHIP('','',#108,#10) 
REPRESENTATION_RELATIONSHIP_WITH_TRANSFORMATION(#1680) 
SHAPE_REPRESENTATION_RELATIONSHIP() );
#1680 = ITEM_DEFINED_TRANSFORMATION('','',#11,#47);
#1681 = PRODUCT_DEFINITION_SHAPE('Placement','Placement of an item',
  #1682);
#1682 = NEXT_ASSEMBLY_USAGE_OCCURRENCE('9','D11','',#5,#103,$);
#1683 = CONTEXT_DEPENDENT_SHAPE_REPRESENTATION(#1684,#1686);
#1684 = ( REPRESENTATION_RELATIONSHIP('','',#108,#10) 
REPRESENTATION_RELATIONSHIP_WITH_TRANSFORMATION(#1685) 
SHAPE_REPRESENTATION_RELATIONSHIP() );
#1685 = ITEM_DEFINED_TRANSFORMATION('','',#11,#51);
#1686 = PRODUCT_DEFINITION_SHAPE('Placement','Placement of an item',
  #1687);
#1687 = NEXT_ASSEMBLY_USAGE_OCCURRENCE('10','D8','',#5,#103,$);
#1688 = CONTEXT_DEPENDENT_SHAPE_REPRESENTATION(#1689,#1691);
#1689 = ( REPRESENTATION_RELATIONSHIP('','',#108,#10) 
REPRESENTATION_RELATIONSHIP_WITH_TRANSFORMATION(#1690) 
SHAPE_REPRESENTATION_RELATIONSHIP() );
#1690 = ITEM_DEFINED_TRANSFORMATION('','',#11,#55);
#1691 = PRODUCT_DEFINITION_SHAPE('Placement','Placement of an item',
  #1692);
#1692 = NEXT_ASSEMBLY_USAGE_OCCURRENCE('11','D14','',#5,#103,$);
#1693 = CONTEXT_DEPENDENT_SHAPE_REPRESENTATION(#1694,#1696);
#1694 = ( REPRESENTATION_RELATIONSHIP('','',#108,#10) 
REPRESENTATION_RELATIONSHIP_WITH_TRANSFORMATION(#1695) 
SHAPE_REPRESENTATION_RELATIONSHIP() );
#1695 = ITEM_DEFINED_TRANSFORMATION('','',#11,#59);
#1696 = PRODUCT_DEFINITION_SHAPE('Placement','Placement of an item',
  #1697);
#1697 = NEXT_ASSEMBLY_USAGE_OCCURRENCE('12','D12','',#5,#103,$);
#1698 = CONTEXT_DEPENDENT_SHAPE_REPRESENTATION(#1699,#1701);
#1699 = ( REPRESENTATION_RELATIONSHIP('','',#108,#10) 
REPRESENTATION_RELATIONSHIP_WITH_TRANSFORMATION(#1700) 
SHAPE_REPRESENTATION_RELATIONSHIP() );
#1700 = ITEM_DEFINED_TRANSFORMATION('','',#11,#63);
#1701 = PRODUCT_DEFINITION_SHAPE('Placement','Placement of an item',
  #1702);
#1702 = NEXT_ASSEMBLY_USAGE_OCCURRENCE('13','D9','',#5,#103,$);
#1703 = CONTEXT_DEPENDENT_SHAPE_REPRESENTATION(#1704,#1706);
#1704 = ( REPRESENTATION_RELATIONSHIP('','',#108,#10) 
REPRESENTATION_RELATIONSHIP_WITH_TRANSFORMATION(#1705) 
SHAPE_REPRESENTATION_RELATIONSHIP() );
#1705 = ITEM_DEFINED_TRANSFORMATION('','',#11,#67);
#1706 = PRODUCT_DEFINITION_SHAPE('Placement','Placement of an item',
  #1707);
#1707 = NEXT_ASSEMBLY_USAGE_OCCURRENCE('14','D6','',#5,#103,$);
#1708 = CONTEXT_DEPENDENT_SHAPE_REPRESENTATION(#1709,#1711);
#1709 = ( REPRESENTATION_RELATIONSHIP('','',#108,#10) 
REPRESENTATION_RELATIONSHIP_WITH_TRANSFORMATION(#1710) 
SHAPE_REPRESENTATION_RELATIONSHIP() );
#1710 = ITEM_DEFINED_TRANSFORMATION('','',#11,#71);
#1711 = PRODUCT_DEFINITION_SHAPE('Placement','Placement of an item',
  #1712);
#1712 = NEXT_ASSEMBLY_USAGE_OCCURRENCE('15','D4','',#5,#103,$);
#1713 = CONTEXT_DEPENDENT_SHAPE_REPRESENTATION(#1714,#1716);
#1714 = ( REPRESENTATION_RELATIONSHIP('','',#108,#10) 
REPRESENTATION_RELATIONSHIP_WITH_TRANSFORMATION(#1715) 
SHAPE_REPRESENTATION_RELATIONSHIP() );
#1715 = ITEM_DEFINED_TRANSFORMATION('','',#11,#75);
#1716 = PRODUCT_DEFINITION_SHAPE('Placement','Placement of an item',
  #1717);
#1717 = NEXT_ASSEMBLY_USAGE_OCCURRENCE('16','D13','',#5,#103,$);
#1718 = SHAPE_DEFINITION_REPRESENTATION(#1719,#1725);
#1719 = PRODUCT_DEFINITION_SHAPE('','',#1720);
#1720 = PRODUCT_DEFINITION('design','',#1721,#1724);
#1721 = PRODUCT_DEFINITION_FORMATION('','',#1722);
#1722 = PRODUCT('SOIC-24W_7.5x15.4mm_P1.27mm',
  'SOIC-24W_7.5x15.4mm_P1.27mm','',(#1723));
#1723 = PRODUCT_CONTEXT('',#2,'mechanical');
#1724 = PRODUCT_DEFINITION_CONTEXT('part definition',#2,'design');
#1725 = ADVANCED_BREP_SHAPE_REPRESENTATION('',(#11,#1726),#13668);
#1726 = MANIFOLD_SOLID_BREP('',#1727);
#1727 = CLOSED_SHELL('',(#1728,#1766,#1829,#1852,#1881,#1904,#2119,#2334
    ,#2357,#2380,#2397,#2420,#2508,#2524,#2554,#2585,#2616,#2647,#2678,
    #2709,#2740,#2771,#2802,#2833,#2864,#2895,#2926,#2957,#2988,#3019,
    #3050,#3081,#3112,#3143,#3174,#3205,#3236,#3267,#3284,#3301,#3332,
    #3363,#3394,#3425,#3456,#3487,#3518,#3549,#3580,#3611,#3642,#3673,
    #3704,#3735,#3766,#3797,#3828,#3859,#3890,#3921,#3952,#3983,#4014,
    #4044,#4067,#4090,#4107,#4152,#4366,#4389,#4412,#4435,#4650,#4688,
    #4737,#4829,#4854,#4938,#4960,#5052,#5077,#5161,#5183,#5275,#5300,
    #5384,#5406,#5498,#5523,#5607,#5629,#5721,#5746,#5830,#5852,#5944,
    #5969,#6053,#6075,#6167,#6192,#6276,#6298,#6390,#6415,#6499,#6521,
    #6613,#6638,#6722,#6744,#6836,#6861,#6945,#6967,#7059,#7084,#7168,
    #7185,#7270,#7295,#7372,#7457,#7482,#7559,#7576,#7668,#7693,#7777,
    #7799,#7891,#7916,#8000,#8022,#8114,#8139,#8223,#8245,#8337,#8362,
    #8446,#8468,#8560,#8585,#8669,#8691,#8783,#8808,#8892,#8914,#9006,
    #9031,#9115,#9137,#9229,#9254,#9338,#9360,#9452,#9477,#9561,#9583,
    #9675,#9700,#9784,#9806,#9898,#9923,#10007,#10024,#10043,#10062,
    #10081,#10100,#10119,#10138,#10157,#10176,#10195,#10214,#10233,
    #10279,#10295,#10314,#10333,#10352,#10371,#10390,#10409,#10428,
    #10447,#10466,#10485,#10504,#10520,#10537,#10549,#10566,#10583,
    #10600,#10617,#10634,#10651,#10668,#10680,#10697,#10714,#10731,
    #10748,#10765,#10782,#10799,#10811,#10828,#10845,#10862,#10879,
    #10896,#10913,#10930,#10942,#10959,#10976,#10993,#11010,#11027,
    #11044,#11061,#11073,#11090,#11107,#11124,#11141,#11158,#11175,
    #11192,#11204,#11221,#11238,#11255,#11272,#11289,#11306,#11323,
    #11335,#11352,#11369,#11386,#11403,#11420,#11437,#11454,#11466,
    #11483,#11500,#11517,#11534,#11551,#11568,#11585,#11597,#11614,
    #11631,#11648,#11665,#11682,#11699,#11716,#11728,#11745,#11762,
    #11779,#11796,#11813,#11830,#11847,#11859,#11876,#11893,#11910,
    #11927,#11944,#11961,#11978,#11990,#12007,#12024,#12041,#12058,
    #12075,#12092,#12104,#12121,#12138,#12155,#12172,#12189,#12206,
    #12218,#12235,#12252,#12269,#12286,#12303,#12320,#12337,#12349,
    #12366,#12383,#12400,#12417,#12434,#12451,#12468,#12480,#12497,
    #12514,#12531,#12548,#12565,#12582,#12599,#12611,#12628,#12645,
    #12662,#12679,#12696,#12713,#12730,#12742,#12759,#12776,#12793,
    #12810,#12827,#12844,#12861,#12873,#12890,#12907,#12924,#12941,
    #12958,#12975,#12992,#13004,#13021,#13038,#13055,#13072,#13089,
    #13106,#13123,#13135,#13152,#13169,#13186,#13203,#13220,#13237,
    #13254,#13266,#13283,#13300,#13317,#13334,#13351,#13368,#13385,
    #13397,#13414,#13431,#13448,#13465,#13482,#13499,#13516,#13528,
    #13545,#13562,#13579,#13596,#13613,#13630,#13647,#13659));
#1728 = ADVANCED_FACE('',(#1729),#1761,.F.);
#1729 = FACE_BOUND('',#1730,.F.);
#1730 = EDGE_LOOP('',(#1731,#1741,#1748,#1756));
#1731 = ORIENTED_EDGE('',*,*,#1732,.T.);
#1732 = EDGE_CURVE('',#1733,#1735,#1737,.T.);
#1733 = VERTEX_POINT('',#1734);
#1734 = CARTESIAN_POINT('',(-3.481949141309,7.513898282619,0.2));
#1735 = VERTEX_POINT('',#1736);
#1736 = CARTESIAN_POINT('',(3.481949141309,7.513898282619,0.2));
#1737 = LINE('',#1738,#1739);
#1738 = CARTESIAN_POINT('',(-3.481949141309,7.513898282619,0.2));
#1739 = VECTOR('',#1740,1.);
#1740 = DIRECTION('',(1.,1.110223024625E-16,0.));
#1741 = ORIENTED_EDGE('',*,*,#1742,.T.);
#1742 = EDGE_CURVE('',#1735,#1743,#1745,.T.);
#1743 = VERTEX_POINT('',#1744);
#1744 = CARTESIAN_POINT('',(3.575,7.7,1.375));
#1745 = B_SPLINE_CURVE_WITH_KNOTS('',1,(#1746,#1747),.UNSPECIFIED.,.F.,
  .F.,(2,2),(0.,1.),.PIECEWISE_BEZIER_KNOTS.);
#1746 = CARTESIAN_POINT('',(3.481949141309,7.513898282619,0.2));
#1747 = CARTESIAN_POINT('',(3.575,7.7,1.375));
#1748 = ORIENTED_EDGE('',*,*,#1749,.F.);
#1749 = EDGE_CURVE('',#1750,#1743,#1752,.T.);
#1750 = VERTEX_POINT('',#1751);
#1751 = CARTESIAN_POINT('',(-3.575,7.7,1.375));
#1752 = LINE('',#1753,#1754);
#1753 = CARTESIAN_POINT('',(-3.575,7.7,1.375));
#1754 = VECTOR('',#1755,1.);
#1755 = DIRECTION('',(1.,1.110223024625E-16,0.));
#1756 = ORIENTED_EDGE('',*,*,#1757,.F.);
#1757 = EDGE_CURVE('',#1733,#1750,#1758,.T.);
#1758 = B_SPLINE_CURVE_WITH_KNOTS('',1,(#1759,#1760),.UNSPECIFIED.,.F.,
  .F.,(2,2),(0.,1.),.PIECEWISE_BEZIER_KNOTS.);
#1759 = CARTESIAN_POINT('',(-3.481949141309,7.513898282619,0.2));
#1760 = CARTESIAN_POINT('',(-3.575,7.7,1.375));
#1761 = B_SPLINE_SURFACE_WITH_KNOTS('',1,1,(
    (#1762,#1763)
    ,(#1764,#1765
    )),.UNSPECIFIED.,.F.,.F.,.F.,(2,2),(2,2),(0.,7.15),(0.,1.),
  .PIECEWISE_BEZIER_KNOTS.);
#1762 = CARTESIAN_POINT('',(-3.481949141309,7.513898282619,0.2));
#1763 = CARTESIAN_POINT('',(-3.575,7.7,1.375));
#1764 = CARTESIAN_POINT('',(3.481949141309,7.513898282619,0.2));
#1765 = CARTESIAN_POINT('',(3.575,7.7,1.375));
#1766 = ADVANCED_FACE('',(#1767),#1824,.F.);
#1767 = FACE_BOUND('',#1768,.T.);
#1768 = EDGE_LOOP('',(#1769,#1770,#1778,#1786,#1794,#1802,#1810,#1818));
#1769 = ORIENTED_EDGE('',*,*,#1732,.T.);
#1770 = ORIENTED_EDGE('',*,*,#1771,.T.);
#1771 = EDGE_CURVE('',#1735,#1772,#1774,.T.);
#1772 = VERTEX_POINT('',#1773);
#1773 = CARTESIAN_POINT('',(3.563898282619,7.431949141309,0.2));
#1774 = LINE('',#1775,#1776);
#1775 = CARTESIAN_POINT('',(3.481949141309,7.513898282619,0.2));
#1776 = VECTOR('',#1777,1.);
#1777 = DIRECTION('',(0.707106781187,-0.707106781187,0.));
#1778 = ORIENTED_EDGE('',*,*,#1779,.T.);
#1779 = EDGE_CURVE('',#1772,#1780,#1782,.T.);
#1780 = VERTEX_POINT('',#1781);
#1781 = CARTESIAN_POINT('',(3.563898282619,-7.431949141309,0.2));
#1782 = LINE('',#1783,#1784);
#1783 = CARTESIAN_POINT('',(3.563898282619,7.431949141309,0.2));
#1784 = VECTOR('',#1785,1.);
#1785 = DIRECTION('',(1.110223024625E-16,-1.,0.));
#1786 = ORIENTED_EDGE('',*,*,#1787,.T.);
#1787 = EDGE_CURVE('',#1780,#1788,#1790,.T.);
#1788 = VERTEX_POINT('',#1789);
#1789 = CARTESIAN_POINT('',(3.481949141309,-7.513898282619,0.2));
#1790 = LINE('',#1791,#1792);
#1791 = CARTESIAN_POINT('',(3.563898282619,-7.431949141309,0.2));
#1792 = VECTOR('',#1793,1.);
#1793 = DIRECTION('',(-0.707106781187,-0.707106781187,0.));
#1794 = ORIENTED_EDGE('',*,*,#1795,.T.);
#1795 = EDGE_CURVE('',#1788,#1796,#1798,.T.);
#1796 = VERTEX_POINT('',#1797);
#1797 = CARTESIAN_POINT('',(-3.481949141309,-7.513898282619,0.2));
#1798 = LINE('',#1799,#1800);
#1799 = CARTESIAN_POINT('',(3.481949141309,-7.513898282619,0.2));
#1800 = VECTOR('',#1801,1.);
#1801 = DIRECTION('',(-1.,-1.110223024625E-16,0.));
#1802 = ORIENTED_EDGE('',*,*,#1803,.T.);
#1803 = EDGE_CURVE('',#1796,#1804,#1806,.T.);
#1804 = VERTEX_POINT('',#1805);
#1805 = CARTESIAN_POINT('',(-3.563898282619,-7.431949141309,0.2));
#1806 = LINE('',#1807,#1808);
#1807 = CARTESIAN_POINT('',(-3.481949141309,-7.513898282619,0.2));
#1808 = VECTOR('',#1809,1.);
#1809 = DIRECTION('',(-0.707106781187,0.707106781187,0.));
#1810 = ORIENTED_EDGE('',*,*,#1811,.T.);
#1811 = EDGE_CURVE('',#1804,#1812,#1814,.T.);
#1812 = VERTEX_POINT('',#1813);
#1813 = CARTESIAN_POINT('',(-3.563898282619,7.431949141309,0.2));
#1814 = LINE('',#1815,#1816);
#1815 = CARTESIAN_POINT('',(-3.563898282619,-7.431949141309,0.2));
#1816 = VECTOR('',#1817,1.);
#1817 = DIRECTION('',(-1.110223024625E-16,1.,0.));
#1818 = ORIENTED_EDGE('',*,*,#1819,.T.);
#1819 = EDGE_CURVE('',#1812,#1733,#1820,.T.);
#1820 = LINE('',#1821,#1822);
#1821 = CARTESIAN_POINT('',(-3.563898282619,7.431949141309,0.2));
#1822 = VECTOR('',#1823,1.);
#1823 = DIRECTION('',(0.707106781187,0.707106781187,0.));
#1824 = PLANE('',#1825);
#1825 = AXIS2_PLACEMENT_3D('',#1826,#1827,#1828);
#1826 = CARTESIAN_POINT('',(-3.481949141309,7.513898282619,0.2));
#1827 = DIRECTION('',(0.,0.,1.));
#1828 = DIRECTION('',(0.420450944864,-0.907315272087,0.));
#1829 = ADVANCED_FACE('',(#1830),#1847,.F.);
#1830 = FACE_BOUND('',#1831,.F.);
#1831 = EDGE_LOOP('',(#1832,#1833,#1840,#1846));
#1832 = ORIENTED_EDGE('',*,*,#1771,.T.);
#1833 = ORIENTED_EDGE('',*,*,#1834,.T.);
#1834 = EDGE_CURVE('',#1772,#1835,#1837,.T.);
#1835 = VERTEX_POINT('',#1836);
#1836 = CARTESIAN_POINT('',(3.75,7.525,1.375));
#1837 = B_SPLINE_CURVE_WITH_KNOTS('',1,(#1838,#1839),.UNSPECIFIED.,.F.,
  .F.,(2,2),(0.,1.),.PIECEWISE_BEZIER_KNOTS.);
#1838 = CARTESIAN_POINT('',(3.563898282619,7.431949141309,0.2));
#1839 = CARTESIAN_POINT('',(3.75,7.525,1.375));
#1840 = ORIENTED_EDGE('',*,*,#1841,.F.);
#1841 = EDGE_CURVE('',#1743,#1835,#1842,.T.);
#1842 = LINE('',#1843,#1844);
#1843 = CARTESIAN_POINT('',(3.575,7.7,1.375));
#1844 = VECTOR('',#1845,1.);
#1845 = DIRECTION('',(0.707106781187,-0.707106781187,0.));
#1846 = ORIENTED_EDGE('',*,*,#1742,.F.);
#1847 = B_SPLINE_SURFACE_WITH_KNOTS('',1,1,(
    (#1848,#1849)
    ,(#1850,#1851
    )),.UNSPECIFIED.,.F.,.F.,.F.,(2,2),(2,2),(0.,0.247487373415),(0.,1.)
  ,.PIECEWISE_BEZIER_KNOTS.);
#1848 = CARTESIAN_POINT('',(3.481949141309,7.513898282619,0.2));
#1849 = CARTESIAN_POINT('',(3.575,7.7,1.375));
#1850 = CARTESIAN_POINT('',(3.563898282619,7.431949141309,0.2));
#1851 = CARTESIAN_POINT('',(3.75,7.525,1.375));
#1852 = ADVANCED_FACE('',(#1853),#1876,.F.);
#1853 = FACE_BOUND('',#1854,.F.);
#1854 = EDGE_LOOP('',(#1855,#1856,#1863,#1871));
#1855 = ORIENTED_EDGE('',*,*,#1749,.T.);
#1856 = ORIENTED_EDGE('',*,*,#1857,.T.);
#1857 = EDGE_CURVE('',#1743,#1858,#1860,.T.);
#1858 = VERTEX_POINT('',#1859);
#1859 = CARTESIAN_POINT('',(3.575,7.7,1.575));
#1860 = B_SPLINE_CURVE_WITH_KNOTS('',1,(#1861,#1862),.UNSPECIFIED.,.F.,
  .F.,(2,2),(0.,1.),.PIECEWISE_BEZIER_KNOTS.);
#1861 = CARTESIAN_POINT('',(3.575,7.7,1.375));
#1862 = CARTESIAN_POINT('',(3.575,7.7,1.575));
#1863 = ORIENTED_EDGE('',*,*,#1864,.F.);
#1864 = EDGE_CURVE('',#1865,#1858,#1867,.T.);
#1865 = VERTEX_POINT('',#1866);
#1866 = CARTESIAN_POINT('',(-3.575,7.7,1.575));
#1867 = LINE('',#1868,#1869);
#1868 = CARTESIAN_POINT('',(-3.575,7.7,1.575));
#1869 = VECTOR('',#1870,1.);
#1870 = DIRECTION('',(1.,1.110223024625E-16,0.));
#1871 = ORIENTED_EDGE('',*,*,#1872,.F.);
#1872 = EDGE_CURVE('',#1750,#1865,#1873,.T.);
#1873 = B_SPLINE_CURVE_WITH_KNOTS('',1,(#1874,#1875),.UNSPECIFIED.,.F.,
  .F.,(2,2),(0.,1.),.PIECEWISE_BEZIER_KNOTS.);
#1874 = CARTESIAN_POINT('',(-3.575,7.7,1.375));
#1875 = CARTESIAN_POINT('',(-3.575,7.7,1.575));
#1876 = PLANE('',#1877);
#1877 = AXIS2_PLACEMENT_3D('',#1878,#1879,#1880);
#1878 = CARTESIAN_POINT('',(-3.575,7.7,1.575));
#1879 = DIRECTION('',(1.110223024625E-16,-1.,0.));
#1880 = DIRECTION('',(1.,1.110223024625E-16,0.));
#1881 = ADVANCED_FACE('',(#1882),#1899,.F.);
#1882 = FACE_BOUND('',#1883,.F.);
#1883 = EDGE_LOOP('',(#1884,#1885,#1886,#1894));
#1884 = ORIENTED_EDGE('',*,*,#1819,.T.);
#1885 = ORIENTED_EDGE('',*,*,#1757,.T.);
#1886 = ORIENTED_EDGE('',*,*,#1887,.F.);
#1887 = EDGE_CURVE('',#1888,#1750,#1890,.T.);
#1888 = VERTEX_POINT('',#1889);
#1889 = CARTESIAN_POINT('',(-3.75,7.525,1.375));
#1890 = LINE('',#1891,#1892);
#1891 = CARTESIAN_POINT('',(-3.75,7.525,1.375));
#1892 = VECTOR('',#1893,1.);
#1893 = DIRECTION('',(0.707106781187,0.707106781187,0.));
#1894 = ORIENTED_EDGE('',*,*,#1895,.F.);
#1895 = EDGE_CURVE('',#1812,#1888,#1896,.T.);
#1896 = B_SPLINE_CURVE_WITH_KNOTS('',1,(#1897,#1898),.UNSPECIFIED.,.F.,
  .F.,(2,2),(0.,1.),.PIECEWISE_BEZIER_KNOTS.);
#1897 = CARTESIAN_POINT('',(-3.563898282619,7.431949141309,0.2));
#1898 = CARTESIAN_POINT('',(-3.75,7.525,1.375));
#1899 = B_SPLINE_SURFACE_WITH_KNOTS('',1,1,(
    (#1900,#1901)
    ,(#1902,#1903
    )),.UNSPECIFIED.,.F.,.F.,.F.,(2,2),(2,2),(0.,0.247487373415),(0.,1.)
  ,.PIECEWISE_BEZIER_KNOTS.);
#1900 = CARTESIAN_POINT('',(-3.563898282619,7.431949141309,0.2));
#1901 = CARTESIAN_POINT('',(-3.75,7.525,1.375));
#1902 = CARTESIAN_POINT('',(-3.481949141309,7.513898282619,0.2));
#1903 = CARTESIAN_POINT('',(-3.575,7.7,1.375));
#1904 = ADVANCED_FACE('',(#1905),#2114,.F.);
#1905 = FACE_BOUND('',#1906,.F.);
#1906 = EDGE_LOOP('',(#1907,#1908,#1909,#1917,#1925,#1933,#1941,#1949,
    #1957,#1965,#1973,#1981,#1989,#1997,#2005,#2013,#2021,#2029,#2037,
    #2045,#2053,#2061,#2069,#2077,#2085,#2093,#2101,#2109));
#1907 = ORIENTED_EDGE('',*,*,#1811,.T.);
#1908 = ORIENTED_EDGE('',*,*,#1895,.T.);
#1909 = ORIENTED_EDGE('',*,*,#1910,.F.);
#1910 = EDGE_CURVE('',#1911,#1888,#1913,.T.);
#1911 = VERTEX_POINT('',#1912);
#1912 = CARTESIAN_POINT('',(-3.75,7.19,1.375));
#1913 = LINE('',#1914,#1915);
#1914 = CARTESIAN_POINT('',(-3.75,-7.525,1.375));
#1915 = VECTOR('',#1916,1.);
#1916 = DIRECTION('',(-1.110223024625E-16,1.,0.));
#1917 = ORIENTED_EDGE('',*,*,#1918,.F.);
#1918 = EDGE_CURVE('',#1919,#1911,#1921,.T.);
#1919 = VERTEX_POINT('',#1920);
#1920 = CARTESIAN_POINT('',(-3.75,6.78,1.375));
#1921 = LINE('',#1922,#1923);
#1922 = CARTESIAN_POINT('',(-3.75,-7.525,1.375));
#1923 = VECTOR('',#1924,1.);
#1924 = DIRECTION('',(-1.110223024625E-16,1.,0.));
#1925 = ORIENTED_EDGE('',*,*,#1926,.F.);
#1926 = EDGE_CURVE('',#1927,#1919,#1929,.T.);
#1927 = VERTEX_POINT('',#1928);
#1928 = CARTESIAN_POINT('',(-3.75,5.92,1.375));
#1929 = LINE('',#1930,#1931);
#1930 = CARTESIAN_POINT('',(-3.75,-7.525,1.375));
#1931 = VECTOR('',#1932,1.);
#1932 = DIRECTION('',(-1.110223024625E-16,1.,0.));
#1933 = ORIENTED_EDGE('',*,*,#1934,.F.);
#1934 = EDGE_CURVE('',#1935,#1927,#1937,.T.);
#1935 = VERTEX_POINT('',#1936);
#1936 = CARTESIAN_POINT('',(-3.75,5.51,1.375));
#1937 = LINE('',#1938,#1939);
#1938 = CARTESIAN_POINT('',(-3.75,-7.525,1.375));
#1939 = VECTOR('',#1940,1.);
#1940 = DIRECTION('',(-1.110223024625E-16,1.,0.));
#1941 = ORIENTED_EDGE('',*,*,#1942,.F.);
#1942 = EDGE_CURVE('',#1943,#1935,#1945,.T.);
#1943 = VERTEX_POINT('',#1944);
#1944 = CARTESIAN_POINT('',(-3.75,4.65,1.375));
#1945 = LINE('',#1946,#1947);
#1946 = CARTESIAN_POINT('',(-3.75,-7.525,1.375));
#1947 = VECTOR('',#1948,1.);
#1948 = DIRECTION('',(-1.110223024625E-16,1.,0.));
#1949 = ORIENTED_EDGE('',*,*,#1950,.F.);
#1950 = EDGE_CURVE('',#1951,#1943,#1953,.T.);
#1951 = VERTEX_POINT('',#1952);
#1952 = CARTESIAN_POINT('',(-3.75,4.24,1.375));
#1953 = LINE('',#1954,#1955);
#1954 = CARTESIAN_POINT('',(-3.75,-7.525,1.375));
#1955 = VECTOR('',#1956,1.);
#1956 = DIRECTION('',(-1.110223024625E-16,1.,0.));
#1957 = ORIENTED_EDGE('',*,*,#1958,.F.);
#1958 = EDGE_CURVE('',#1959,#1951,#1961,.T.);
#1959 = VERTEX_POINT('',#1960);
#1960 = CARTESIAN_POINT('',(-3.75,3.38,1.375));
#1961 = LINE('',#1962,#1963);
#1962 = CARTESIAN_POINT('',(-3.75,-7.525,1.375));
#1963 = VECTOR('',#1964,1.);
#1964 = DIRECTION('',(-1.110223024625E-16,1.,0.));
#1965 = ORIENTED_EDGE('',*,*,#1966,.F.);
#1966 = EDGE_CURVE('',#1967,#1959,#1969,.T.);
#1967 = VERTEX_POINT('',#1968);
#1968 = CARTESIAN_POINT('',(-3.75,2.97,1.375));
#1969 = LINE('',#1970,#1971);
#1970 = CARTESIAN_POINT('',(-3.75,-7.525,1.375));
#1971 = VECTOR('',#1972,1.);
#1972 = DIRECTION('',(-1.110223024625E-16,1.,0.));
#1973 = ORIENTED_EDGE('',*,*,#1974,.F.);
#1974 = EDGE_CURVE('',#1975,#1967,#1977,.T.);
#1975 = VERTEX_POINT('',#1976);
#1976 = CARTESIAN_POINT('',(-3.75,2.11,1.375));
#1977 = LINE('',#1978,#1979);
#1978 = CARTESIAN_POINT('',(-3.75,-7.525,1.375));
#1979 = VECTOR('',#1980,1.);
#1980 = DIRECTION('',(-1.110223024625E-16,1.,0.));
#1981 = ORIENTED_EDGE('',*,*,#1982,.F.);
#1982 = EDGE_CURVE('',#1983,#1975,#1985,.T.);
#1983 = VERTEX_POINT('',#1984);
#1984 = CARTESIAN_POINT('',(-3.75,1.7,1.375));
#1985 = LINE('',#1986,#1987);
#1986 = CARTESIAN_POINT('',(-3.75,-7.525,1.375));
#1987 = VECTOR('',#1988,1.);
#1988 = DIRECTION('',(-1.110223024625E-16,1.,0.));
#1989 = ORIENTED_EDGE('',*,*,#1990,.F.);
#1990 = EDGE_CURVE('',#1991,#1983,#1993,.T.);
#1991 = VERTEX_POINT('',#1992);
#1992 = CARTESIAN_POINT('',(-3.75,0.84,1.375));
#1993 = LINE('',#1994,#1995);
#1994 = CARTESIAN_POINT('',(-3.75,-7.525,1.375));
#1995 = VECTOR('',#1996,1.);
#1996 = DIRECTION('',(-1.110223024625E-16,1.,0.));
#1997 = ORIENTED_EDGE('',*,*,#1998,.F.);
#1998 = EDGE_CURVE('',#1999,#1991,#2001,.T.);
#1999 = VERTEX_POINT('',#2000);
#2000 = CARTESIAN_POINT('',(-3.75,0.43,1.375));
#2001 = LINE('',#2002,#2003);
#2002 = CARTESIAN_POINT('',(-3.75,-7.525,1.375));
#2003 = VECTOR('',#2004,1.);
#2004 = DIRECTION('',(-1.110223024625E-16,1.,0.));
#2005 = ORIENTED_EDGE('',*,*,#2006,.F.);
#2006 = EDGE_CURVE('',#2007,#1999,#2009,.T.);
#2007 = VERTEX_POINT('',#2008);
#2008 = CARTESIAN_POINT('',(-3.75,-0.43,1.375));
#2009 = LINE('',#2010,#2011);
#2010 = CARTESIAN_POINT('',(-3.75,-7.525,1.375));
#2011 = VECTOR('',#2012,1.);
#2012 = DIRECTION('',(-1.110223024625E-16,1.,0.));
#2013 = ORIENTED_EDGE('',*,*,#2014,.F.);
#2014 = EDGE_CURVE('',#2015,#2007,#2017,.T.);
#2015 = VERTEX_POINT('',#2016);
#2016 = CARTESIAN_POINT('',(-3.75,-0.84,1.375));
#2017 = LINE('',#2018,#2019);
#2018 = CARTESIAN_POINT('',(-3.75,-7.525,1.375));
#2019 = VECTOR('',#2020,1.);
#2020 = DIRECTION('',(-1.110223024625E-16,1.,0.));
#2021 = ORIENTED_EDGE('',*,*,#2022,.F.);
#2022 = EDGE_CURVE('',#2023,#2015,#2025,.T.);
#2023 = VERTEX_POINT('',#2024);
#2024 = CARTESIAN_POINT('',(-3.75,-1.7,1.375));
#2025 = LINE('',#2026,#2027);
#2026 = CARTESIAN_POINT('',(-3.75,-7.525,1.375));
#2027 = VECTOR('',#2028,1.);
#2028 = DIRECTION('',(-1.110223024625E-16,1.,0.));
#2029 = ORIENTED_EDGE('',*,*,#2030,.F.);
#2030 = EDGE_CURVE('',#2031,#2023,#2033,.T.);
#2031 = VERTEX_POINT('',#2032);
#2032 = CARTESIAN_POINT('',(-3.75,-2.11,1.375));
#2033 = LINE('',#2034,#2035);
#2034 = CARTESIAN_POINT('',(-3.75,-7.525,1.375));
#2035 = VECTOR('',#2036,1.);
#2036 = DIRECTION('',(-1.110223024625E-16,1.,0.));
#2037 = ORIENTED_EDGE('',*,*,#2038,.F.);
#2038 = EDGE_CURVE('',#2039,#2031,#2041,.T.);
#2039 = VERTEX_POINT('',#2040);
#2040 = CARTESIAN_POINT('',(-3.75,-2.97,1.375));
#2041 = LINE('',#2042,#2043);
#2042 = CARTESIAN_POINT('',(-3.75,-7.525,1.375));
#2043 = VECTOR('',#2044,1.);
#2044 = DIRECTION('',(-1.110223024625E-16,1.,0.));
#2045 = ORIENTED_EDGE('',*,*,#2046,.F.);
#2046 = EDGE_CURVE('',#2047,#2039,#2049,.T.);
#2047 = VERTEX_POINT('',#2048);
#2048 = CARTESIAN_POINT('',(-3.75,-3.38,1.375));
#2049 = LINE('',#2050,#2051);
#2050 = CARTESIAN_POINT('',(-3.75,-7.525,1.375));
#2051 = VECTOR('',#2052,1.);
#2052 = DIRECTION('',(-1.110223024625E-16,1.,0.));
#2053 = ORIENTED_EDGE('',*,*,#2054,.F.);
#2054 = EDGE_CURVE('',#2055,#2047,#2057,.T.);
#2055 = VERTEX_POINT('',#2056);
#2056 = CARTESIAN_POINT('',(-3.75,-4.24,1.375));
#2057 = LINE('',#2058,#2059);
#2058 = CARTESIAN_POINT('',(-3.75,-7.525,1.375));
#2059 = VECTOR('',#2060,1.);
#2060 = DIRECTION('',(-1.110223024625E-16,1.,0.));
#2061 = ORIENTED_EDGE('',*,*,#2062,.F.);
#2062 = EDGE_CURVE('',#2063,#2055,#2065,.T.);
#2063 = VERTEX_POINT('',#2064);
#2064 = CARTESIAN_POINT('',(-3.75,-4.65,1.375));
#2065 = LINE('',#2066,#2067);
#2066 = CARTESIAN_POINT('',(-3.75,-7.525,1.375));
#2067 = VECTOR('',#2068,1.);
#2068 = DIRECTION('',(-1.110223024625E-16,1.,0.));
#2069 = ORIENTED_EDGE('',*,*,#2070,.F.);
#2070 = EDGE_CURVE('',#2071,#2063,#2073,.T.);
#2071 = VERTEX_POINT('',#2072);
#2072 = CARTESIAN_POINT('',(-3.75,-5.51,1.375));
#2073 = LINE('',#2074,#2075);
#2074 = CARTESIAN_POINT('',(-3.75,-7.525,1.375));
#2075 = VECTOR('',#2076,1.);
#2076 = DIRECTION('',(-1.110223024625E-16,1.,0.));
#2077 = ORIENTED_EDGE('',*,*,#2078,.F.);
#2078 = EDGE_CURVE('',#2079,#2071,#2081,.T.);
#2079 = VERTEX_POINT('',#2080);
#2080 = CARTESIAN_POINT('',(-3.75,-5.92,1.375));
#2081 = LINE('',#2082,#2083);
#2082 = CARTESIAN_POINT('',(-3.75,-7.525,1.375));
#2083 = VECTOR('',#2084,1.);
#2084 = DIRECTION('',(-1.110223024625E-16,1.,0.));
#2085 = ORIENTED_EDGE('',*,*,#2086,.F.);
#2086 = EDGE_CURVE('',#2087,#2079,#2089,.T.);
#2087 = VERTEX_POINT('',#2088);
#2088 = CARTESIAN_POINT('',(-3.75,-6.78,1.375));
#2089 = LINE('',#2090,#2091);
#2090 = CARTESIAN_POINT('',(-3.75,-7.525,1.375));
#2091 = VECTOR('',#2092,1.);
#2092 = DIRECTION('',(-1.110223024625E-16,1.,0.));
#2093 = ORIENTED_EDGE('',*,*,#2094,.F.);
#2094 = EDGE_CURVE('',#2095,#2087,#2097,.T.);
#2095 = VERTEX_POINT('',#2096);
#2096 = CARTESIAN_POINT('',(-3.75,-7.19,1.375));
#2097 = LINE('',#2098,#2099);
#2098 = CARTESIAN_POINT('',(-3.75,-7.525,1.375));
#2099 = VECTOR('',#2100,1.);
#2100 = DIRECTION('',(-1.110223024625E-16,1.,0.));
#2101 = ORIENTED_EDGE('',*,*,#2102,.F.);
#2102 = EDGE_CURVE('',#2103,#2095,#2105,.T.);
#2103 = VERTEX_POINT('',#2104);
#2104 = CARTESIAN_POINT('',(-3.75,-7.525,1.375));
#2105 = LINE('',#2106,#2107);
#2106 = CARTESIAN_POINT('',(-3.75,-7.525,1.375));
#2107 = VECTOR('',#2108,1.);
#2108 = DIRECTION('',(-1.110223024625E-16,1.,0.));
#2109 = ORIENTED_EDGE('',*,*,#2110,.F.);
#2110 = EDGE_CURVE('',#1804,#2103,#2111,.T.);
#2111 = B_SPLINE_CURVE_WITH_KNOTS('',1,(#2112,#2113),.UNSPECIFIED.,.F.,
  .F.,(2,2),(0.,1.),.PIECEWISE_BEZIER_KNOTS.);
#2112 = CARTESIAN_POINT('',(-3.563898282619,-7.431949141309,0.2));
#2113 = CARTESIAN_POINT('',(-3.75,-7.525,1.375));
#2114 = B_SPLINE_SURFACE_WITH_KNOTS('',1,1,(
    (#2115,#2116)
    ,(#2117,#2118
    )),.UNSPECIFIED.,.F.,.F.,.F.,(2,2),(2,2),(0.,15.05),(0.,1.),
  .PIECEWISE_BEZIER_KNOTS.);
#2115 = CARTESIAN_POINT('',(-3.563898282619,-7.431949141309,0.2));
#2116 = CARTESIAN_POINT('',(-3.75,-7.525,1.375));
#2117 = CARTESIAN_POINT('',(-3.563898282619,7.431949141309,0.2));
#2118 = CARTESIAN_POINT('',(-3.75,7.525,1.375));
#2119 = ADVANCED_FACE('',(#2120),#2329,.F.);
#2120 = FACE_BOUND('',#2121,.F.);
#2121 = EDGE_LOOP('',(#2122,#2123,#2130,#2138,#2146,#2154,#2162,#2170,
    #2178,#2186,#2194,#2202,#2210,#2218,#2226,#2234,#2242,#2250,#2258,
    #2266,#2274,#2282,#2290,#2298,#2306,#2314,#2322,#2328));
#2122 = ORIENTED_EDGE('',*,*,#1779,.T.);
#2123 = ORIENTED_EDGE('',*,*,#2124,.T.);
#2124 = EDGE_CURVE('',#1780,#2125,#2127,.T.);
#2125 = VERTEX_POINT('',#2126);
#2126 = CARTESIAN_POINT('',(3.75,-7.525,1.375));
#2127 = B_SPLINE_CURVE_WITH_KNOTS('',1,(#2128,#2129),.UNSPECIFIED.,.F.,
  .F.,(2,2),(0.,1.),.PIECEWISE_BEZIER_KNOTS.);
#2128 = CARTESIAN_POINT('',(3.563898282619,-7.431949141309,0.2));
#2129 = CARTESIAN_POINT('',(3.75,-7.525,1.375));
#2130 = ORIENTED_EDGE('',*,*,#2131,.F.);
#2131 = EDGE_CURVE('',#2132,#2125,#2134,.T.);
#2132 = VERTEX_POINT('',#2133);
#2133 = CARTESIAN_POINT('',(3.75,-7.19,1.375));
#2134 = LINE('',#2135,#2136);
#2135 = CARTESIAN_POINT('',(3.75,7.525,1.375));
#2136 = VECTOR('',#2137,1.);
#2137 = DIRECTION('',(1.110223024625E-16,-1.,0.));
#2138 = ORIENTED_EDGE('',*,*,#2139,.F.);
#2139 = EDGE_CURVE('',#2140,#2132,#2142,.T.);
#2140 = VERTEX_POINT('',#2141);
#2141 = CARTESIAN_POINT('',(3.75,-6.78,1.375));
#2142 = LINE('',#2143,#2144);
#2143 = CARTESIAN_POINT('',(3.75,7.525,1.375));
#2144 = VECTOR('',#2145,1.);
#2145 = DIRECTION('',(1.110223024625E-16,-1.,0.));
#2146 = ORIENTED_EDGE('',*,*,#2147,.F.);
#2147 = EDGE_CURVE('',#2148,#2140,#2150,.T.);
#2148 = VERTEX_POINT('',#2149);
#2149 = CARTESIAN_POINT('',(3.75,-5.92,1.375));
#2150 = LINE('',#2151,#2152);
#2151 = CARTESIAN_POINT('',(3.75,7.525,1.375));
#2152 = VECTOR('',#2153,1.);
#2153 = DIRECTION('',(1.110223024625E-16,-1.,0.));
#2154 = ORIENTED_EDGE('',*,*,#2155,.F.);
#2155 = EDGE_CURVE('',#2156,#2148,#2158,.T.);
#2156 = VERTEX_POINT('',#2157);
#2157 = CARTESIAN_POINT('',(3.75,-5.51,1.375));
#2158 = LINE('',#2159,#2160);
#2159 = CARTESIAN_POINT('',(3.75,7.525,1.375));
#2160 = VECTOR('',#2161,1.);
#2161 = DIRECTION('',(1.110223024625E-16,-1.,0.));
#2162 = ORIENTED_EDGE('',*,*,#2163,.F.);
#2163 = EDGE_CURVE('',#2164,#2156,#2166,.T.);
#2164 = VERTEX_POINT('',#2165);
#2165 = CARTESIAN_POINT('',(3.75,-4.65,1.375));
#2166 = LINE('',#2167,#2168);
#2167 = CARTESIAN_POINT('',(3.75,7.525,1.375));
#2168 = VECTOR('',#2169,1.);
#2169 = DIRECTION('',(1.110223024625E-16,-1.,0.));
#2170 = ORIENTED_EDGE('',*,*,#2171,.F.);
#2171 = EDGE_CURVE('',#2172,#2164,#2174,.T.);
#2172 = VERTEX_POINT('',#2173);
#2173 = CARTESIAN_POINT('',(3.75,-4.24,1.375));
#2174 = LINE('',#2175,#2176);
#2175 = CARTESIAN_POINT('',(3.75,7.525,1.375));
#2176 = VECTOR('',#2177,1.);
#2177 = DIRECTION('',(1.110223024625E-16,-1.,0.));
#2178 = ORIENTED_EDGE('',*,*,#2179,.F.);
#2179 = EDGE_CURVE('',#2180,#2172,#2182,.T.);
#2180 = VERTEX_POINT('',#2181);
#2181 = CARTESIAN_POINT('',(3.75,-3.38,1.375));
#2182 = LINE('',#2183,#2184);
#2183 = CARTESIAN_POINT('',(3.75,7.525,1.375));
#2184 = VECTOR('',#2185,1.);
#2185 = DIRECTION('',(1.110223024625E-16,-1.,0.));
#2186 = ORIENTED_EDGE('',*,*,#2187,.F.);
#2187 = EDGE_CURVE('',#2188,#2180,#2190,.T.);
#2188 = VERTEX_POINT('',#2189);
#2189 = CARTESIAN_POINT('',(3.75,-2.97,1.375));
#2190 = LINE('',#2191,#2192);
#2191 = CARTESIAN_POINT('',(3.75,7.525,1.375));
#2192 = VECTOR('',#2193,1.);
#2193 = DIRECTION('',(1.110223024625E-16,-1.,0.));
#2194 = ORIENTED_EDGE('',*,*,#2195,.F.);
#2195 = EDGE_CURVE('',#2196,#2188,#2198,.T.);
#2196 = VERTEX_POINT('',#2197);
#2197 = CARTESIAN_POINT('',(3.75,-2.11,1.375));
#2198 = LINE('',#2199,#2200);
#2199 = CARTESIAN_POINT('',(3.75,7.525,1.375));
#2200 = VECTOR('',#2201,1.);
#2201 = DIRECTION('',(1.110223024625E-16,-1.,0.));
#2202 = ORIENTED_EDGE('',*,*,#2203,.F.);
#2203 = EDGE_CURVE('',#2204,#2196,#2206,.T.);
#2204 = VERTEX_POINT('',#2205);
#2205 = CARTESIAN_POINT('',(3.75,-1.7,1.375));
#2206 = LINE('',#2207,#2208);
#2207 = CARTESIAN_POINT('',(3.75,7.525,1.375));
#2208 = VECTOR('',#2209,1.);
#2209 = DIRECTION('',(1.110223024625E-16,-1.,0.));
#2210 = ORIENTED_EDGE('',*,*,#2211,.F.);
#2211 = EDGE_CURVE('',#2212,#2204,#2214,.T.);
#2212 = VERTEX_POINT('',#2213);
#2213 = CARTESIAN_POINT('',(3.75,-0.84,1.375));
#2214 = LINE('',#2215,#2216);
#2215 = CARTESIAN_POINT('',(3.75,7.525,1.375));
#2216 = VECTOR('',#2217,1.);
#2217 = DIRECTION('',(1.110223024625E-16,-1.,0.));
#2218 = ORIENTED_EDGE('',*,*,#2219,.F.);
#2219 = EDGE_CURVE('',#2220,#2212,#2222,.T.);
#2220 = VERTEX_POINT('',#2221);
#2221 = CARTESIAN_POINT('',(3.75,-0.43,1.375));
#2222 = LINE('',#2223,#2224);
#2223 = CARTESIAN_POINT('',(3.75,7.525,1.375));
#2224 = VECTOR('',#2225,1.);
#2225 = DIRECTION('',(1.110223024625E-16,-1.,0.));
#2226 = ORIENTED_EDGE('',*,*,#2227,.F.);
#2227 = EDGE_CURVE('',#2228,#2220,#2230,.T.);
#2228 = VERTEX_POINT('',#2229);
#2229 = CARTESIAN_POINT('',(3.75,0.43,1.375));
#2230 = LINE('',#2231,#2232);
#2231 = CARTESIAN_POINT('',(3.75,7.525,1.375));
#2232 = VECTOR('',#2233,1.);
#2233 = DIRECTION('',(1.110223024625E-16,-1.,0.));
#2234 = ORIENTED_EDGE('',*,*,#2235,.F.);
#2235 = EDGE_CURVE('',#2236,#2228,#2238,.T.);
#2236 = VERTEX_POINT('',#2237);
#2237 = CARTESIAN_POINT('',(3.75,0.84,1.375));
#2238 = LINE('',#2239,#2240);
#2239 = CARTESIAN_POINT('',(3.75,7.525,1.375));
#2240 = VECTOR('',#2241,1.);
#2241 = DIRECTION('',(1.110223024625E-16,-1.,0.));
#2242 = ORIENTED_EDGE('',*,*,#2243,.F.);
#2243 = EDGE_CURVE('',#2244,#2236,#2246,.T.);
#2244 = VERTEX_POINT('',#2245);
#2245 = CARTESIAN_POINT('',(3.75,1.7,1.375));
#2246 = LINE('',#2247,#2248);
#2247 = CARTESIAN_POINT('',(3.75,7.525,1.375));
#2248 = VECTOR('',#2249,1.);
#2249 = DIRECTION('',(1.110223024625E-16,-1.,0.));
#2250 = ORIENTED_EDGE('',*,*,#2251,.F.);
#2251 = EDGE_CURVE('',#2252,#2244,#2254,.T.);
#2252 = VERTEX_POINT('',#2253);
#2253 = CARTESIAN_POINT('',(3.75,2.11,1.375));
#2254 = LINE('',#2255,#2256);
#2255 = CARTESIAN_POINT('',(3.75,7.525,1.375));
#2256 = VECTOR('',#2257,1.);
#2257 = DIRECTION('',(1.110223024625E-16,-1.,0.));
#2258 = ORIENTED_EDGE('',*,*,#2259,.F.);
#2259 = EDGE_CURVE('',#2260,#2252,#2262,.T.);
#2260 = VERTEX_POINT('',#2261);
#2261 = CARTESIAN_POINT('',(3.75,2.97,1.375));
#2262 = LINE('',#2263,#2264);
#2263 = CARTESIAN_POINT('',(3.75,7.525,1.375));
#2264 = VECTOR('',#2265,1.);
#2265 = DIRECTION('',(1.110223024625E-16,-1.,0.));
#2266 = ORIENTED_EDGE('',*,*,#2267,.F.);
#2267 = EDGE_CURVE('',#2268,#2260,#2270,.T.);
#2268 = VERTEX_POINT('',#2269);
#2269 = CARTESIAN_POINT('',(3.75,3.38,1.375));
#2270 = LINE('',#2271,#2272);
#2271 = CARTESIAN_POINT('',(3.75,7.525,1.375));
#2272 = VECTOR('',#2273,1.);
#2273 = DIRECTION('',(1.110223024625E-16,-1.,0.));
#2274 = ORIENTED_EDGE('',*,*,#2275,.F.);
#2275 = EDGE_CURVE('',#2276,#2268,#2278,.T.);
#2276 = VERTEX_POINT('',#2277);
#2277 = CARTESIAN_POINT('',(3.75,4.24,1.375));
#2278 = LINE('',#2279,#2280);
#2279 = CARTESIAN_POINT('',(3.75,7.525,1.375));
#2280 = VECTOR('',#2281,1.);
#2281 = DIRECTION('',(1.110223024625E-16,-1.,0.));
#2282 = ORIENTED_EDGE('',*,*,#2283,.F.);
#2283 = EDGE_CURVE('',#2284,#2276,#2286,.T.);
#2284 = VERTEX_POINT('',#2285);
#2285 = CARTESIAN_POINT('',(3.75,4.65,1.375));
#2286 = LINE('',#2287,#2288);
#2287 = CARTESIAN_POINT('',(3.75,7.525,1.375));
#2288 = VECTOR('',#2289,1.);
#2289 = DIRECTION('',(1.110223024625E-16,-1.,0.));
#2290 = ORIENTED_EDGE('',*,*,#2291,.F.);
#2291 = EDGE_CURVE('',#2292,#2284,#2294,.T.);
#2292 = VERTEX_POINT('',#2293);
#2293 = CARTESIAN_POINT('',(3.75,5.51,1.375));
#2294 = LINE('',#2295,#2296);
#2295 = CARTESIAN_POINT('',(3.75,7.525,1.375));
#2296 = VECTOR('',#2297,1.);
#2297 = DIRECTION('',(1.110223024625E-16,-1.,0.));
#2298 = ORIENTED_EDGE('',*,*,#2299,.F.);
#2299 = EDGE_CURVE('',#2300,#2292,#2302,.T.);
#2300 = VERTEX_POINT('',#2301);
#2301 = CARTESIAN_POINT('',(3.75,5.92,1.375));
#2302 = LINE('',#2303,#2304);
#2303 = CARTESIAN_POINT('',(3.75,7.525,1.375));
#2304 = VECTOR('',#2305,1.);
#2305 = DIRECTION('',(1.110223024625E-16,-1.,0.));
#2306 = ORIENTED_EDGE('',*,*,#2307,.F.);
#2307 = EDGE_CURVE('',#2308,#2300,#2310,.T.);
#2308 = VERTEX_POINT('',#2309);
#2309 = CARTESIAN_POINT('',(3.75,6.78,1.375));
#2310 = LINE('',#2311,#2312);
#2311 = CARTESIAN_POINT('',(3.75,7.525,1.375));
#2312 = VECTOR('',#2313,1.);
#2313 = DIRECTION('',(1.110223024625E-16,-1.,0.));
#2314 = ORIENTED_EDGE('',*,*,#2315,.F.);
#2315 = EDGE_CURVE('',#2316,#2308,#2318,.T.);
#2316 = VERTEX_POINT('',#2317);
#2317 = CARTESIAN_POINT('',(3.75,7.19,1.375));
#2318 = LINE('',#2319,#2320);
#2319 = CARTESIAN_POINT('',(3.75,7.525,1.375));
#2320 = VECTOR('',#2321,1.);
#2321 = DIRECTION('',(1.110223024625E-16,-1.,0.));
#2322 = ORIENTED_EDGE('',*,*,#2323,.F.);
#2323 = EDGE_CURVE('',#1835,#2316,#2324,.T.);
#2324 = LINE('',#2325,#2326);
#2325 = CARTESIAN_POINT('',(3.75,7.525,1.375));
#2326 = VECTOR('',#2327,1.);
#2327 = DIRECTION('',(1.110223024625E-16,-1.,0.));
#2328 = ORIENTED_EDGE('',*,*,#1834,.F.);
#2329 = B_SPLINE_SURFACE_WITH_KNOTS('',1,1,(
    (#2330,#2331)
    ,(#2332,#2333
    )),.UNSPECIFIED.,.F.,.F.,.F.,(2,2),(2,2),(0.,15.05),(0.,1.),
  .PIECEWISE_BEZIER_KNOTS.);
#2330 = CARTESIAN_POINT('',(3.563898282619,7.431949141309,0.2));
#2331 = CARTESIAN_POINT('',(3.75,7.525,1.375));
#2332 = CARTESIAN_POINT('',(3.563898282619,-7.431949141309,0.2));
#2333 = CARTESIAN_POINT('',(3.75,-7.525,1.375));
#2334 = ADVANCED_FACE('',(#2335),#2352,.F.);
#2335 = FACE_BOUND('',#2336,.F.);
#2336 = EDGE_LOOP('',(#2337,#2338,#2339,#2347));
#2337 = ORIENTED_EDGE('',*,*,#1803,.T.);
#2338 = ORIENTED_EDGE('',*,*,#2110,.T.);
#2339 = ORIENTED_EDGE('',*,*,#2340,.F.);
#2340 = EDGE_CURVE('',#2341,#2103,#2343,.T.);
#2341 = VERTEX_POINT('',#2342);
#2342 = CARTESIAN_POINT('',(-3.575,-7.7,1.375));
#2343 = LINE('',#2344,#2345);
#2344 = CARTESIAN_POINT('',(-3.575,-7.7,1.375));
#2345 = VECTOR('',#2346,1.);
#2346 = DIRECTION('',(-0.707106781187,0.707106781187,0.));
#2347 = ORIENTED_EDGE('',*,*,#2348,.F.);
#2348 = EDGE_CURVE('',#1796,#2341,#2349,.T.);
#2349 = B_SPLINE_CURVE_WITH_KNOTS('',1,(#2350,#2351),.UNSPECIFIED.,.F.,
  .F.,(2,2),(0.,1.),.PIECEWISE_BEZIER_KNOTS.);
#2350 = CARTESIAN_POINT('',(-3.481949141309,-7.513898282619,0.2));
#2351 = CARTESIAN_POINT('',(-3.575,-7.7,1.375));
#2352 = B_SPLINE_SURFACE_WITH_KNOTS('',1,1,(
    (#2353,#2354)
    ,(#2355,#2356
    )),.UNSPECIFIED.,.F.,.F.,.F.,(2,2),(2,2),(0.,0.247487373415),(0.,1.)
  ,.PIECEWISE_BEZIER_KNOTS.);
#2353 = CARTESIAN_POINT('',(-3.481949141309,-7.513898282619,0.2));
#2354 = CARTESIAN_POINT('',(-3.575,-7.7,1.375));
#2355 = CARTESIAN_POINT('',(-3.563898282619,-7.431949141309,0.2));
#2356 = CARTESIAN_POINT('',(-3.75,-7.525,1.375));
#2357 = ADVANCED_FACE('',(#2358),#2375,.F.);
#2358 = FACE_BOUND('',#2359,.F.);
#2359 = EDGE_LOOP('',(#2360,#2361,#2368,#2374));
#2360 = ORIENTED_EDGE('',*,*,#1787,.T.);
#2361 = ORIENTED_EDGE('',*,*,#2362,.T.);
#2362 = EDGE_CURVE('',#1788,#2363,#2365,.T.);
#2363 = VERTEX_POINT('',#2364);
#2364 = CARTESIAN_POINT('',(3.575,-7.7,1.375));
#2365 = B_SPLINE_CURVE_WITH_KNOTS('',1,(#2366,#2367),.UNSPECIFIED.,.F.,
  .F.,(2,2),(0.,1.),.PIECEWISE_BEZIER_KNOTS.);
#2366 = CARTESIAN_POINT('',(3.481949141309,-7.513898282619,0.2));
#2367 = CARTESIAN_POINT('',(3.575,-7.7,1.375));
#2368 = ORIENTED_EDGE('',*,*,#2369,.F.);
#2369 = EDGE_CURVE('',#2125,#2363,#2370,.T.);
#2370 = LINE('',#2371,#2372);
#2371 = CARTESIAN_POINT('',(3.75,-7.525,1.375));
#2372 = VECTOR('',#2373,1.);
#2373 = DIRECTION('',(-0.707106781187,-0.707106781187,0.));
#2374 = ORIENTED_EDGE('',*,*,#2124,.F.);
#2375 = B_SPLINE_SURFACE_WITH_KNOTS('',1,1,(
    (#2376,#2377)
    ,(#2378,#2379
    )),.UNSPECIFIED.,.F.,.F.,.F.,(2,2),(2,2),(0.,0.247487373415),(0.,1.)
  ,.PIECEWISE_BEZIER_KNOTS.);
#2376 = CARTESIAN_POINT('',(3.563898282619,-7.431949141309,0.2));
#2377 = CARTESIAN_POINT('',(3.75,-7.525,1.375));
#2378 = CARTESIAN_POINT('',(3.481949141309,-7.513898282619,0.2));
#2379 = CARTESIAN_POINT('',(3.575,-7.7,1.375));
#2380 = ADVANCED_FACE('',(#2381),#2392,.F.);
#2381 = FACE_BOUND('',#2382,.F.);
#2382 = EDGE_LOOP('',(#2383,#2384,#2385,#2391));
#2383 = ORIENTED_EDGE('',*,*,#1795,.T.);
#2384 = ORIENTED_EDGE('',*,*,#2348,.T.);
#2385 = ORIENTED_EDGE('',*,*,#2386,.F.);
#2386 = EDGE_CURVE('',#2363,#2341,#2387,.T.);
#2387 = LINE('',#2388,#2389);
#2388 = CARTESIAN_POINT('',(3.575,-7.7,1.375));
#2389 = VECTOR('',#2390,1.);
#2390 = DIRECTION('',(-1.,-1.110223024625E-16,0.));
#2391 = ORIENTED_EDGE('',*,*,#2362,.F.);
#2392 = B_SPLINE_SURFACE_WITH_KNOTS('',1,1,(
    (#2393,#2394)
    ,(#2395,#2396
    )),.UNSPECIFIED.,.F.,.F.,.F.,(2,2),(2,2),(0.,7.15),(0.,1.),
  .PIECEWISE_BEZIER_KNOTS.);
#2393 = CARTESIAN_POINT('',(3.481949141309,-7.513898282619,0.2));
#2394 = CARTESIAN_POINT('',(3.575,-7.7,1.375));
#2395 = CARTESIAN_POINT('',(-3.481949141309,-7.513898282619,0.2));
#2396 = CARTESIAN_POINT('',(-3.575,-7.7,1.375));
#2397 = ADVANCED_FACE('',(#2398),#2415,.F.);
#2398 = FACE_BOUND('',#2399,.F.);
#2399 = EDGE_LOOP('',(#2400,#2401,#2408,#2414));
#2400 = ORIENTED_EDGE('',*,*,#1841,.T.);
#2401 = ORIENTED_EDGE('',*,*,#2402,.T.);
#2402 = EDGE_CURVE('',#1835,#2403,#2405,.T.);
#2403 = VERTEX_POINT('',#2404);
#2404 = CARTESIAN_POINT('',(3.75,7.525,1.575));
#2405 = B_SPLINE_CURVE_WITH_KNOTS('',1,(#2406,#2407),.UNSPECIFIED.,.F.,
  .F.,(2,2),(0.,1.),.PIECEWISE_BEZIER_KNOTS.);
#2406 = CARTESIAN_POINT('',(3.75,7.525,1.375));
#2407 = CARTESIAN_POINT('',(3.75,7.525,1.575));
#2408 = ORIENTED_EDGE('',*,*,#2409,.F.);
#2409 = EDGE_CURVE('',#1858,#2403,#2410,.T.);
#2410 = LINE('',#2411,#2412);
#2411 = CARTESIAN_POINT('',(3.575,7.7,1.575));
#2412 = VECTOR('',#2413,1.);
#2413 = DIRECTION('',(0.707106781187,-0.707106781187,0.));
#2414 = ORIENTED_EDGE('',*,*,#1857,.F.);
#2415 = PLANE('',#2416);
#2416 = AXIS2_PLACEMENT_3D('',#2417,#2418,#2419);
#2417 = CARTESIAN_POINT('',(3.575,7.7,1.575));
#2418 = DIRECTION('',(-0.707106781187,-0.707106781187,0.));
#2419 = DIRECTION('',(0.707106781187,-0.707106781187,0.));
#2420 = ADVANCED_FACE('',(#2421),#2503,.F.);
#2421 = FACE_BOUND('',#2422,.F.);
#2422 = EDGE_LOOP('',(#2423,#2431,#2432,#2433,#2441,#2449,#2457,#2465,
    #2473,#2481,#2489,#2497));
#2423 = ORIENTED_EDGE('',*,*,#2424,.T.);
#2424 = EDGE_CURVE('',#2425,#1865,#2427,.T.);
#2425 = VERTEX_POINT('',#2426);
#2426 = CARTESIAN_POINT('',(-3.75,7.525,1.575));
#2427 = LINE('',#2428,#2429);
#2428 = CARTESIAN_POINT('',(-3.75,7.525,1.575));
#2429 = VECTOR('',#2430,1.);
#2430 = DIRECTION('',(0.707106781187,0.707106781187,0.));
#2431 = ORIENTED_EDGE('',*,*,#1864,.T.);
#2432 = ORIENTED_EDGE('',*,*,#2409,.T.);
#2433 = ORIENTED_EDGE('',*,*,#2434,.T.);
#2434 = EDGE_CURVE('',#2403,#2435,#2437,.T.);
#2435 = VERTEX_POINT('',#2436);
#2436 = CARTESIAN_POINT('',(3.75,7.19,1.575));
#2437 = LINE('',#2438,#2439);
#2438 = CARTESIAN_POINT('',(3.75,7.525,1.575));
#2439 = VECTOR('',#2440,1.);
#2440 = DIRECTION('',(1.110223024625E-16,-1.,0.));
#2441 = ORIENTED_EDGE('',*,*,#2442,.T.);
#2442 = EDGE_CURVE('',#2435,#2443,#2445,.T.);
#2443 = VERTEX_POINT('',#2444);
#2444 = CARTESIAN_POINT('',(3.675,7.19,1.575));
#2445 = LINE('',#2446,#2447);
#2446 = CARTESIAN_POINT('',(4.,7.19,1.575));
#2447 = VECTOR('',#2448,1.);
#2448 = DIRECTION('',(-1.,-1.110223024625E-16,0.));
#2449 = ORIENTED_EDGE('',*,*,#2450,.F.);
#2450 = EDGE_CURVE('',#2451,#2443,#2453,.T.);
#2451 = VERTEX_POINT('',#2452);
#2452 = CARTESIAN_POINT('',(3.675,7.4875,1.575));
#2453 = LINE('',#2454,#2455);
#2454 = CARTESIAN_POINT('',(3.675,7.4875,1.575));
#2455 = VECTOR('',#2456,1.);
#2456 = DIRECTION('',(1.110223024625E-16,-1.,0.));
#2457 = ORIENTED_EDGE('',*,*,#2458,.F.);
#2458 = EDGE_CURVE('',#2459,#2451,#2461,.T.);
#2459 = VERTEX_POINT('',#2460);
#2460 = CARTESIAN_POINT('',(3.5375,7.625,1.575));
#2461 = LINE('',#2462,#2463);
#2462 = CARTESIAN_POINT('',(3.5375,7.625,1.575));
#2463 = VECTOR('',#2464,1.);
#2464 = DIRECTION('',(0.707106781187,-0.707106781187,0.));
#2465 = ORIENTED_EDGE('',*,*,#2466,.F.);
#2466 = EDGE_CURVE('',#2467,#2459,#2469,.T.);
#2467 = VERTEX_POINT('',#2468);
#2468 = CARTESIAN_POINT('',(-3.5375,7.625,1.575));
#2469 = LINE('',#2470,#2471);
#2470 = CARTESIAN_POINT('',(-3.5375,7.625,1.575));
#2471 = VECTOR('',#2472,1.);
#2472 = DIRECTION('',(1.,1.110223024625E-16,0.));
#2473 = ORIENTED_EDGE('',*,*,#2474,.F.);
#2474 = EDGE_CURVE('',#2475,#2467,#2477,.T.);
#2475 = VERTEX_POINT('',#2476);
#2476 = CARTESIAN_POINT('',(-3.675,7.4875,1.575));
#2477 = LINE('',#2478,#2479);
#2478 = CARTESIAN_POINT('',(-3.675,7.4875,1.575));
#2479 = VECTOR('',#2480,1.);
#2480 = DIRECTION('',(0.707106781187,0.707106781187,0.));
#2481 = ORIENTED_EDGE('',*,*,#2482,.F.);
#2482 = EDGE_CURVE('',#2483,#2475,#2485,.T.);
#2483 = VERTEX_POINT('',#2484);
#2484 = CARTESIAN_POINT('',(-3.675,7.19,1.575));
#2485 = LINE('',#2486,#2487);
#2486 = CARTESIAN_POINT('',(-3.675,-7.4875,1.575));
#2487 = VECTOR('',#2488,1.);
#2488 = DIRECTION('',(-1.110223024625E-16,1.,0.));
#2489 = ORIENTED_EDGE('',*,*,#2490,.F.);
#2490 = EDGE_CURVE('',#2491,#2483,#2493,.T.);
#2491 = VERTEX_POINT('',#2492);
#2492 = CARTESIAN_POINT('',(-3.75,7.19,1.575));
#2493 = LINE('',#2494,#2495);
#2494 = CARTESIAN_POINT('',(-4.,7.19,1.575));
#2495 = VECTOR('',#2496,1.);
#2496 = DIRECTION('',(1.,-1.144237745222E-17,0.));
#2497 = ORIENTED_EDGE('',*,*,#2498,.T.);
#2498 = EDGE_CURVE('',#2491,#2425,#2499,.T.);
#2499 = LINE('',#2500,#2501);
#2500 = CARTESIAN_POINT('',(-3.75,-7.525,1.575));
#2501 = VECTOR('',#2502,1.);
#2502 = DIRECTION('',(-1.110223024625E-16,1.,0.));
#2503 = PLANE('',#2504);
#2504 = AXIS2_PLACEMENT_3D('',#2505,#2506,#2507);
#2505 = CARTESIAN_POINT('',(-6.818810897008E-16,7.6625,1.575));
#2506 = DIRECTION('',(1.36606555458E-31,1.361853537021E-27,-1.));
#2507 = DIRECTION('',(1.,1.109316052857E-16,1.366065554582E-31));
#2508 = ADVANCED_FACE('',(#2509),#2519,.F.);
#2509 = FACE_BOUND('',#2510,.F.);
#2510 = EDGE_LOOP('',(#2511,#2512,#2513,#2514));
#2511 = ORIENTED_EDGE('',*,*,#1887,.T.);
#2512 = ORIENTED_EDGE('',*,*,#1872,.T.);
#2513 = ORIENTED_EDGE('',*,*,#2424,.F.);
#2514 = ORIENTED_EDGE('',*,*,#2515,.F.);
#2515 = EDGE_CURVE('',#1888,#2425,#2516,.T.);
#2516 = B_SPLINE_CURVE_WITH_KNOTS('',1,(#2517,#2518),.UNSPECIFIED.,.F.,
  .F.,(2,2),(0.,1.),.PIECEWISE_BEZIER_KNOTS.);
#2517 = CARTESIAN_POINT('',(-3.75,7.525,1.375));
#2518 = CARTESIAN_POINT('',(-3.75,7.525,1.575));
#2519 = PLANE('',#2520);
#2520 = AXIS2_PLACEMENT_3D('',#2521,#2522,#2523);
#2521 = CARTESIAN_POINT('',(-3.75,7.525,1.575));
#2522 = DIRECTION('',(0.707106781187,-0.707106781187,0.));
#2523 = DIRECTION('',(0.707106781187,0.707106781187,0.));
#2524 = ADVANCED_FACE('',(#2525),#2549,.F.);
#2525 = FACE_BOUND('',#2526,.F.);
#2526 = EDGE_LOOP('',(#2527,#2534,#2535,#2543));
#2527 = ORIENTED_EDGE('',*,*,#2528,.F.);
#2528 = EDGE_CURVE('',#2103,#2529,#2531,.T.);
#2529 = VERTEX_POINT('',#2530);
#2530 = CARTESIAN_POINT('',(-3.75,-7.525,1.575));
#2531 = B_SPLINE_CURVE_WITH_KNOTS('',1,(#2532,#2533),.UNSPECIFIED.,.F.,
  .F.,(2,2),(0.,1.),.PIECEWISE_BEZIER_KNOTS.);
#2532 = CARTESIAN_POINT('',(-3.75,-7.525,1.375));
#2533 = CARTESIAN_POINT('',(-3.75,-7.525,1.575));
#2534 = ORIENTED_EDGE('',*,*,#2102,.T.);
#2535 = ORIENTED_EDGE('',*,*,#2536,.T.);
#2536 = EDGE_CURVE('',#2095,#2537,#2539,.T.);
#2537 = VERTEX_POINT('',#2538);
#2538 = CARTESIAN_POINT('',(-3.75,-7.19,1.575));
#2539 = LINE('',#2540,#2541);
#2540 = CARTESIAN_POINT('',(-3.75,-7.19,1.159317458569));
#2541 = VECTOR('',#2542,1.);
#2542 = DIRECTION('',(0.,0.,1.));
#2543 = ORIENTED_EDGE('',*,*,#2544,.F.);
#2544 = EDGE_CURVE('',#2529,#2537,#2545,.T.);
#2545 = LINE('',#2546,#2547);
#2546 = CARTESIAN_POINT('',(-3.75,-7.525,1.575));
#2547 = VECTOR('',#2548,1.);
#2548 = DIRECTION('',(-1.110223024625E-16,1.,0.));
#2549 = PLANE('',#2550);
#2550 = AXIS2_PLACEMENT_3D('',#2551,#2552,#2553);
#2551 = CARTESIAN_POINT('',(-3.75,-7.525,1.575));
#2552 = DIRECTION('',(1.,1.110223024625E-16,0.));
#2553 = DIRECTION('',(-1.110223024625E-16,1.,0.));
#2554 = ADVANCED_FACE('',(#2555),#2580,.F.);
#2555 = FACE_BOUND('',#2556,.F.);
#2556 = EDGE_LOOP('',(#2557,#2565,#2566,#2574));
#2557 = ORIENTED_EDGE('',*,*,#2558,.F.);
#2558 = EDGE_CURVE('',#2095,#2559,#2561,.T.);
#2559 = VERTEX_POINT('',#2560);
#2560 = CARTESIAN_POINT('',(-4.,-7.19,1.375));
#2561 = LINE('',#2562,#2563);
#2562 = CARTESIAN_POINT('',(-3.6,-7.19,1.375));
#2563 = VECTOR('',#2564,1.);
#2564 = DIRECTION('',(-1.,1.144237745222E-17,0.));
#2565 = ORIENTED_EDGE('',*,*,#2094,.T.);
#2566 = ORIENTED_EDGE('',*,*,#2567,.T.);
#2567 = EDGE_CURVE('',#2087,#2568,#2570,.T.);
#2568 = VERTEX_POINT('',#2569);
#2569 = CARTESIAN_POINT('',(-4.,-6.78,1.375));
#2570 = LINE('',#2571,#2572);
#2571 = CARTESIAN_POINT('',(-3.6,-6.78,1.375));
#2572 = VECTOR('',#2573,1.);
#2573 = DIRECTION('',(-1.,1.144237745222E-17,0.));
#2574 = ORIENTED_EDGE('',*,*,#2575,.F.);
#2575 = EDGE_CURVE('',#2559,#2568,#2576,.T.);
#2576 = LINE('',#2577,#2578);
#2577 = CARTESIAN_POINT('',(-4.,-7.19,1.375));
#2578 = VECTOR('',#2579,1.);
#2579 = DIRECTION('',(1.144237745222E-17,1.,0.));
#2580 = PLANE('',#2581);
#2581 = AXIS2_PLACEMENT_3D('',#2582,#2583,#2584);
#2582 = CARTESIAN_POINT('',(-3.6,-7.19,1.375));
#2583 = DIRECTION('',(0.,0.,1.));
#2584 = DIRECTION('',(-1.,1.144237745222E-17,0.));
#2585 = ADVANCED_FACE('',(#2586),#2611,.F.);
#2586 = FACE_BOUND('',#2587,.F.);
#2587 = EDGE_LOOP('',(#2588,#2596,#2597,#2605));
#2588 = ORIENTED_EDGE('',*,*,#2589,.F.);
#2589 = EDGE_CURVE('',#2087,#2590,#2592,.T.);
#2590 = VERTEX_POINT('',#2591);
#2591 = CARTESIAN_POINT('',(-3.75,-6.78,1.575));
#2592 = LINE('',#2593,#2594);
#2593 = CARTESIAN_POINT('',(-3.75,-6.78,1.159317458569));
#2594 = VECTOR('',#2595,1.);
#2595 = DIRECTION('',(0.,0.,1.));
#2596 = ORIENTED_EDGE('',*,*,#2086,.T.);
#2597 = ORIENTED_EDGE('',*,*,#2598,.T.);
#2598 = EDGE_CURVE('',#2079,#2599,#2601,.T.);
#2599 = VERTEX_POINT('',#2600);
#2600 = CARTESIAN_POINT('',(-3.75,-5.92,1.575));
#2601 = LINE('',#2602,#2603);
#2602 = CARTESIAN_POINT('',(-3.75,-5.92,1.159317458569));
#2603 = VECTOR('',#2604,1.);
#2604 = DIRECTION('',(0.,0.,1.));
#2605 = ORIENTED_EDGE('',*,*,#2606,.F.);
#2606 = EDGE_CURVE('',#2590,#2599,#2607,.T.);
#2607 = LINE('',#2608,#2609);
#2608 = CARTESIAN_POINT('',(-3.75,-7.525,1.575));
#2609 = VECTOR('',#2610,1.);
#2610 = DIRECTION('',(-1.110223024625E-16,1.,0.));
#2611 = PLANE('',#2612);
#2612 = AXIS2_PLACEMENT_3D('',#2613,#2614,#2615);
#2613 = CARTESIAN_POINT('',(-3.75,-7.525,1.575));
#2614 = DIRECTION('',(1.,1.110223024625E-16,0.));
#2615 = DIRECTION('',(-1.110223024625E-16,1.,0.));
#2616 = ADVANCED_FACE('',(#2617),#2642,.F.);
#2617 = FACE_BOUND('',#2618,.F.);
#2618 = EDGE_LOOP('',(#2619,#2627,#2628,#2636));
#2619 = ORIENTED_EDGE('',*,*,#2620,.F.);
#2620 = EDGE_CURVE('',#2079,#2621,#2623,.T.);
#2621 = VERTEX_POINT('',#2622);
#2622 = CARTESIAN_POINT('',(-4.,-5.92,1.375));
#2623 = LINE('',#2624,#2625);
#2624 = CARTESIAN_POINT('',(-3.6,-5.92,1.375));
#2625 = VECTOR('',#2626,1.);
#2626 = DIRECTION('',(-1.,1.144237745222E-17,0.));
#2627 = ORIENTED_EDGE('',*,*,#2078,.T.);
#2628 = ORIENTED_EDGE('',*,*,#2629,.T.);
#2629 = EDGE_CURVE('',#2071,#2630,#2632,.T.);
#2630 = VERTEX_POINT('',#2631);
#2631 = CARTESIAN_POINT('',(-4.,-5.51,1.375));
#2632 = LINE('',#2633,#2634);
#2633 = CARTESIAN_POINT('',(-3.6,-5.51,1.375));
#2634 = VECTOR('',#2635,1.);
#2635 = DIRECTION('',(-1.,1.144237745222E-17,0.));
#2636 = ORIENTED_EDGE('',*,*,#2637,.F.);
#2637 = EDGE_CURVE('',#2621,#2630,#2638,.T.);
#2638 = LINE('',#2639,#2640);
#2639 = CARTESIAN_POINT('',(-4.,-5.92,1.375));
#2640 = VECTOR('',#2641,1.);
#2641 = DIRECTION('',(1.144237745222E-17,1.,0.));
#2642 = PLANE('',#2643);
#2643 = AXIS2_PLACEMENT_3D('',#2644,#2645,#2646);
#2644 = CARTESIAN_POINT('',(-3.6,-5.92,1.375));
#2645 = DIRECTION('',(0.,0.,1.));
#2646 = DIRECTION('',(-1.,1.144237745222E-17,0.));
#2647 = ADVANCED_FACE('',(#2648),#2673,.F.);
#2648 = FACE_BOUND('',#2649,.F.);
#2649 = EDGE_LOOP('',(#2650,#2658,#2659,#2667));
#2650 = ORIENTED_EDGE('',*,*,#2651,.F.);
#2651 = EDGE_CURVE('',#2071,#2652,#2654,.T.);
#2652 = VERTEX_POINT('',#2653);
#2653 = CARTESIAN_POINT('',(-3.75,-5.51,1.575));
#2654 = LINE('',#2655,#2656);
#2655 = CARTESIAN_POINT('',(-3.75,-5.51,1.159317458569));
#2656 = VECTOR('',#2657,1.);
#2657 = DIRECTION('',(0.,0.,1.));
#2658 = ORIENTED_EDGE('',*,*,#2070,.T.);
#2659 = ORIENTED_EDGE('',*,*,#2660,.T.);
#2660 = EDGE_CURVE('',#2063,#2661,#2663,.T.);
#2661 = VERTEX_POINT('',#2662);
#2662 = CARTESIAN_POINT('',(-3.75,-4.65,1.575));
#2663 = LINE('',#2664,#2665);
#2664 = CARTESIAN_POINT('',(-3.75,-4.65,1.159317458569));
#2665 = VECTOR('',#2666,1.);
#2666 = DIRECTION('',(0.,0.,1.));
#2667 = ORIENTED_EDGE('',*,*,#2668,.F.);
#2668 = EDGE_CURVE('',#2652,#2661,#2669,.T.);
#2669 = LINE('',#2670,#2671);
#2670 = CARTESIAN_POINT('',(-3.75,-7.525,1.575));
#2671 = VECTOR('',#2672,1.);
#2672 = DIRECTION('',(-1.110223024625E-16,1.,0.));
#2673 = PLANE('',#2674);
#2674 = AXIS2_PLACEMENT_3D('',#2675,#2676,#2677);
#2675 = CARTESIAN_POINT('',(-3.75,-7.525,1.575));
#2676 = DIRECTION('',(1.,1.110223024625E-16,0.));
#2677 = DIRECTION('',(-1.110223024625E-16,1.,0.));
#2678 = ADVANCED_FACE('',(#2679),#2704,.F.);
#2679 = FACE_BOUND('',#2680,.F.);
#2680 = EDGE_LOOP('',(#2681,#2689,#2690,#2698));
#2681 = ORIENTED_EDGE('',*,*,#2682,.F.);
#2682 = EDGE_CURVE('',#2063,#2683,#2685,.T.);
#2683 = VERTEX_POINT('',#2684);
#2684 = CARTESIAN_POINT('',(-4.,-4.65,1.375));
#2685 = LINE('',#2686,#2687);
#2686 = CARTESIAN_POINT('',(-3.6,-4.65,1.375));
#2687 = VECTOR('',#2688,1.);
#2688 = DIRECTION('',(-1.,1.144237745222E-17,0.));
#2689 = ORIENTED_EDGE('',*,*,#2062,.T.);
#2690 = ORIENTED_EDGE('',*,*,#2691,.T.);
#2691 = EDGE_CURVE('',#2055,#2692,#2694,.T.);
#2692 = VERTEX_POINT('',#2693);
#2693 = CARTESIAN_POINT('',(-4.,-4.24,1.375));
#2694 = LINE('',#2695,#2696);
#2695 = CARTESIAN_POINT('',(-3.6,-4.24,1.375));
#2696 = VECTOR('',#2697,1.);
#2697 = DIRECTION('',(-1.,1.144237745222E-17,0.));
#2698 = ORIENTED_EDGE('',*,*,#2699,.F.);
#2699 = EDGE_CURVE('',#2683,#2692,#2700,.T.);
#2700 = LINE('',#2701,#2702);
#2701 = CARTESIAN_POINT('',(-4.,-4.65,1.375));
#2702 = VECTOR('',#2703,1.);
#2703 = DIRECTION('',(1.144237745222E-17,1.,0.));
#2704 = PLANE('',#2705);
#2705 = AXIS2_PLACEMENT_3D('',#2706,#2707,#2708);
#2706 = CARTESIAN_POINT('',(-3.6,-4.65,1.375));
#2707 = DIRECTION('',(0.,0.,1.));
#2708 = DIRECTION('',(-1.,1.144237745222E-17,0.));
#2709 = ADVANCED_FACE('',(#2710),#2735,.F.);
#2710 = FACE_BOUND('',#2711,.F.);
#2711 = EDGE_LOOP('',(#2712,#2720,#2721,#2729));
#2712 = ORIENTED_EDGE('',*,*,#2713,.F.);
#2713 = EDGE_CURVE('',#2055,#2714,#2716,.T.);
#2714 = VERTEX_POINT('',#2715);
#2715 = CARTESIAN_POINT('',(-3.75,-4.24,1.575));
#2716 = LINE('',#2717,#2718);
#2717 = CARTESIAN_POINT('',(-3.75,-4.24,1.159317458569));
#2718 = VECTOR('',#2719,1.);
#2719 = DIRECTION('',(0.,0.,1.));
#2720 = ORIENTED_EDGE('',*,*,#2054,.T.);
#2721 = ORIENTED_EDGE('',*,*,#2722,.T.);
#2722 = EDGE_CURVE('',#2047,#2723,#2725,.T.);
#2723 = VERTEX_POINT('',#2724);
#2724 = CARTESIAN_POINT('',(-3.75,-3.38,1.575));
#2725 = LINE('',#2726,#2727);
#2726 = CARTESIAN_POINT('',(-3.75,-3.38,1.159317458569));
#2727 = VECTOR('',#2728,1.);
#2728 = DIRECTION('',(0.,0.,1.));
#2729 = ORIENTED_EDGE('',*,*,#2730,.F.);
#2730 = EDGE_CURVE('',#2714,#2723,#2731,.T.);
#2731 = LINE('',#2732,#2733);
#2732 = CARTESIAN_POINT('',(-3.75,-7.525,1.575));
#2733 = VECTOR('',#2734,1.);
#2734 = DIRECTION('',(-1.110223024625E-16,1.,0.));
#2735 = PLANE('',#2736);
#2736 = AXIS2_PLACEMENT_3D('',#2737,#2738,#2739);
#2737 = CARTESIAN_POINT('',(-3.75,-7.525,1.575));
#2738 = DIRECTION('',(1.,1.110223024625E-16,0.));
#2739 = DIRECTION('',(-1.110223024625E-16,1.,0.));
#2740 = ADVANCED_FACE('',(#2741),#2766,.F.);
#2741 = FACE_BOUND('',#2742,.F.);
#2742 = EDGE_LOOP('',(#2743,#2751,#2752,#2760));
#2743 = ORIENTED_EDGE('',*,*,#2744,.F.);
#2744 = EDGE_CURVE('',#2047,#2745,#2747,.T.);
#2745 = VERTEX_POINT('',#2746);
#2746 = CARTESIAN_POINT('',(-4.,-3.38,1.375));
#2747 = LINE('',#2748,#2749);
#2748 = CARTESIAN_POINT('',(-3.6,-3.38,1.375));
#2749 = VECTOR('',#2750,1.);
#2750 = DIRECTION('',(-1.,1.144237745222E-17,0.));
#2751 = ORIENTED_EDGE('',*,*,#2046,.T.);
#2752 = ORIENTED_EDGE('',*,*,#2753,.T.);
#2753 = EDGE_CURVE('',#2039,#2754,#2756,.T.);
#2754 = VERTEX_POINT('',#2755);
#2755 = CARTESIAN_POINT('',(-4.,-2.97,1.375));
#2756 = LINE('',#2757,#2758);
#2757 = CARTESIAN_POINT('',(-3.6,-2.97,1.375));
#2758 = VECTOR('',#2759,1.);
#2759 = DIRECTION('',(-1.,1.144237745222E-17,0.));
#2760 = ORIENTED_EDGE('',*,*,#2761,.F.);
#2761 = EDGE_CURVE('',#2745,#2754,#2762,.T.);
#2762 = LINE('',#2763,#2764);
#2763 = CARTESIAN_POINT('',(-4.,-3.38,1.375));
#2764 = VECTOR('',#2765,1.);
#2765 = DIRECTION('',(1.144237745222E-17,1.,0.));
#2766 = PLANE('',#2767);
#2767 = AXIS2_PLACEMENT_3D('',#2768,#2769,#2770);
#2768 = CARTESIAN_POINT('',(-3.6,-3.38,1.375));
#2769 = DIRECTION('',(0.,0.,1.));
#2770 = DIRECTION('',(-1.,1.144237745222E-17,0.));
#2771 = ADVANCED_FACE('',(#2772),#2797,.F.);
#2772 = FACE_BOUND('',#2773,.F.);
#2773 = EDGE_LOOP('',(#2774,#2782,#2783,#2791));
#2774 = ORIENTED_EDGE('',*,*,#2775,.F.);
#2775 = EDGE_CURVE('',#2039,#2776,#2778,.T.);
#2776 = VERTEX_POINT('',#2777);
#2777 = CARTESIAN_POINT('',(-3.75,-2.97,1.575));
#2778 = LINE('',#2779,#2780);
#2779 = CARTESIAN_POINT('',(-3.75,-2.97,1.159317458569));
#2780 = VECTOR('',#2781,1.);
#2781 = DIRECTION('',(0.,0.,1.));
#2782 = ORIENTED_EDGE('',*,*,#2038,.T.);
#2783 = ORIENTED_EDGE('',*,*,#2784,.T.);
#2784 = EDGE_CURVE('',#2031,#2785,#2787,.T.);
#2785 = VERTEX_POINT('',#2786);
#2786 = CARTESIAN_POINT('',(-3.75,-2.11,1.575));
#2787 = LINE('',#2788,#2789);
#2788 = CARTESIAN_POINT('',(-3.75,-2.11,1.159317458569));
#2789 = VECTOR('',#2790,1.);
#2790 = DIRECTION('',(0.,0.,1.));
#2791 = ORIENTED_EDGE('',*,*,#2792,.F.);
#2792 = EDGE_CURVE('',#2776,#2785,#2793,.T.);
#2793 = LINE('',#2794,#2795);
#2794 = CARTESIAN_POINT('',(-3.75,-7.525,1.575));
#2795 = VECTOR('',#2796,1.);
#2796 = DIRECTION('',(-1.110223024625E-16,1.,0.));
#2797 = PLANE('',#2798);
#2798 = AXIS2_PLACEMENT_3D('',#2799,#2800,#2801);
#2799 = CARTESIAN_POINT('',(-3.75,-7.525,1.575));
#2800 = DIRECTION('',(1.,1.110223024625E-16,0.));
#2801 = DIRECTION('',(-1.110223024625E-16,1.,0.));
#2802 = ADVANCED_FACE('',(#2803),#2828,.F.);
#2803 = FACE_BOUND('',#2804,.F.);
#2804 = EDGE_LOOP('',(#2805,#2813,#2814,#2822));
#2805 = ORIENTED_EDGE('',*,*,#2806,.F.);
#2806 = EDGE_CURVE('',#2031,#2807,#2809,.T.);
#2807 = VERTEX_POINT('',#2808);
#2808 = CARTESIAN_POINT('',(-4.,-2.11,1.375));
#2809 = LINE('',#2810,#2811);
#2810 = CARTESIAN_POINT('',(-3.6,-2.11,1.375));
#2811 = VECTOR('',#2812,1.);
#2812 = DIRECTION('',(-1.,1.144237745222E-17,0.));
#2813 = ORIENTED_EDGE('',*,*,#2030,.T.);
#2814 = ORIENTED_EDGE('',*,*,#2815,.T.);
#2815 = EDGE_CURVE('',#2023,#2816,#2818,.T.);
#2816 = VERTEX_POINT('',#2817);
#2817 = CARTESIAN_POINT('',(-4.,-1.7,1.375));
#2818 = LINE('',#2819,#2820);
#2819 = CARTESIAN_POINT('',(-3.6,-1.7,1.375));
#2820 = VECTOR('',#2821,1.);
#2821 = DIRECTION('',(-1.,1.144237745222E-17,0.));
#2822 = ORIENTED_EDGE('',*,*,#2823,.F.);
#2823 = EDGE_CURVE('',#2807,#2816,#2824,.T.);
#2824 = LINE('',#2825,#2826);
#2825 = CARTESIAN_POINT('',(-4.,-2.11,1.375));
#2826 = VECTOR('',#2827,1.);
#2827 = DIRECTION('',(1.144237745222E-17,1.,0.));
#2828 = PLANE('',#2829);
#2829 = AXIS2_PLACEMENT_3D('',#2830,#2831,#2832);
#2830 = CARTESIAN_POINT('',(-3.6,-2.11,1.375));
#2831 = DIRECTION('',(0.,0.,1.));
#2832 = DIRECTION('',(-1.,1.144237745222E-17,0.));
#2833 = ADVANCED_FACE('',(#2834),#2859,.F.);
#2834 = FACE_BOUND('',#2835,.F.);
#2835 = EDGE_LOOP('',(#2836,#2844,#2845,#2853));
#2836 = ORIENTED_EDGE('',*,*,#2837,.F.);
#2837 = EDGE_CURVE('',#2023,#2838,#2840,.T.);
#2838 = VERTEX_POINT('',#2839);
#2839 = CARTESIAN_POINT('',(-3.75,-1.7,1.575));
#2840 = LINE('',#2841,#2842);
#2841 = CARTESIAN_POINT('',(-3.75,-1.7,1.159317458569));
#2842 = VECTOR('',#2843,1.);
#2843 = DIRECTION('',(0.,0.,1.));
#2844 = ORIENTED_EDGE('',*,*,#2022,.T.);
#2845 = ORIENTED_EDGE('',*,*,#2846,.T.);
#2846 = EDGE_CURVE('',#2015,#2847,#2849,.T.);
#2847 = VERTEX_POINT('',#2848);
#2848 = CARTESIAN_POINT('',(-3.75,-0.84,1.575));
#2849 = LINE('',#2850,#2851);
#2850 = CARTESIAN_POINT('',(-3.75,-0.84,1.159317458569));
#2851 = VECTOR('',#2852,1.);
#2852 = DIRECTION('',(0.,0.,1.));
#2853 = ORIENTED_EDGE('',*,*,#2854,.F.);
#2854 = EDGE_CURVE('',#2838,#2847,#2855,.T.);
#2855 = LINE('',#2856,#2857);
#2856 = CARTESIAN_POINT('',(-3.75,-7.525,1.575));
#2857 = VECTOR('',#2858,1.);
#2858 = DIRECTION('',(-1.110223024625E-16,1.,0.));
#2859 = PLANE('',#2860);
#2860 = AXIS2_PLACEMENT_3D('',#2861,#2862,#2863);
#2861 = CARTESIAN_POINT('',(-3.75,-7.525,1.575));
#2862 = DIRECTION('',(1.,1.110223024625E-16,0.));
#2863 = DIRECTION('',(-1.110223024625E-16,1.,0.));
#2864 = ADVANCED_FACE('',(#2865),#2890,.F.);
#2865 = FACE_BOUND('',#2866,.F.);
#2866 = EDGE_LOOP('',(#2867,#2875,#2876,#2884));
#2867 = ORIENTED_EDGE('',*,*,#2868,.F.);
#2868 = EDGE_CURVE('',#2015,#2869,#2871,.T.);
#2869 = VERTEX_POINT('',#2870);
#2870 = CARTESIAN_POINT('',(-4.,-0.84,1.375));
#2871 = LINE('',#2872,#2873);
#2872 = CARTESIAN_POINT('',(-3.6,-0.84,1.375));
#2873 = VECTOR('',#2874,1.);
#2874 = DIRECTION('',(-1.,1.144237745222E-17,0.));
#2875 = ORIENTED_EDGE('',*,*,#2014,.T.);
#2876 = ORIENTED_EDGE('',*,*,#2877,.T.);
#2877 = EDGE_CURVE('',#2007,#2878,#2880,.T.);
#2878 = VERTEX_POINT('',#2879);
#2879 = CARTESIAN_POINT('',(-4.,-0.43,1.375));
#2880 = LINE('',#2881,#2882);
#2881 = CARTESIAN_POINT('',(-3.6,-0.43,1.375));
#2882 = VECTOR('',#2883,1.);
#2883 = DIRECTION('',(-1.,1.144237745222E-17,0.));
#2884 = ORIENTED_EDGE('',*,*,#2885,.F.);
#2885 = EDGE_CURVE('',#2869,#2878,#2886,.T.);
#2886 = LINE('',#2887,#2888);
#2887 = CARTESIAN_POINT('',(-4.,-0.84,1.375));
#2888 = VECTOR('',#2889,1.);
#2889 = DIRECTION('',(1.144237745222E-17,1.,0.));
#2890 = PLANE('',#2891);
#2891 = AXIS2_PLACEMENT_3D('',#2892,#2893,#2894);
#2892 = CARTESIAN_POINT('',(-3.6,-0.84,1.375));
#2893 = DIRECTION('',(0.,0.,1.));
#2894 = DIRECTION('',(-1.,1.144237745222E-17,0.));
#2895 = ADVANCED_FACE('',(#2896),#2921,.F.);
#2896 = FACE_BOUND('',#2897,.F.);
#2897 = EDGE_LOOP('',(#2898,#2906,#2907,#2915));
#2898 = ORIENTED_EDGE('',*,*,#2899,.F.);
#2899 = EDGE_CURVE('',#2007,#2900,#2902,.T.);
#2900 = VERTEX_POINT('',#2901);
#2901 = CARTESIAN_POINT('',(-3.75,-0.43,1.575));
#2902 = LINE('',#2903,#2904);
#2903 = CARTESIAN_POINT('',(-3.75,-0.43,1.159317458569));
#2904 = VECTOR('',#2905,1.);
#2905 = DIRECTION('',(0.,0.,1.));
#2906 = ORIENTED_EDGE('',*,*,#2006,.T.);
#2907 = ORIENTED_EDGE('',*,*,#2908,.T.);
#2908 = EDGE_CURVE('',#1999,#2909,#2911,.T.);
#2909 = VERTEX_POINT('',#2910);
#2910 = CARTESIAN_POINT('',(-3.75,0.43,1.575));
#2911 = LINE('',#2912,#2913);
#2912 = CARTESIAN_POINT('',(-3.75,0.43,1.159317458569));
#2913 = VECTOR('',#2914,1.);
#2914 = DIRECTION('',(0.,0.,1.));
#2915 = ORIENTED_EDGE('',*,*,#2916,.F.);
#2916 = EDGE_CURVE('',#2900,#2909,#2917,.T.);
#2917 = LINE('',#2918,#2919);
#2918 = CARTESIAN_POINT('',(-3.75,-7.525,1.575));
#2919 = VECTOR('',#2920,1.);
#2920 = DIRECTION('',(-1.110223024625E-16,1.,0.));
#2921 = PLANE('',#2922);
#2922 = AXIS2_PLACEMENT_3D('',#2923,#2924,#2925);
#2923 = CARTESIAN_POINT('',(-3.75,-7.525,1.575));
#2924 = DIRECTION('',(1.,1.110223024625E-16,0.));
#2925 = DIRECTION('',(-1.110223024625E-16,1.,0.));
#2926 = ADVANCED_FACE('',(#2927),#2952,.F.);
#2927 = FACE_BOUND('',#2928,.F.);
#2928 = EDGE_LOOP('',(#2929,#2937,#2938,#2946));
#2929 = ORIENTED_EDGE('',*,*,#2930,.F.);
#2930 = EDGE_CURVE('',#1999,#2931,#2933,.T.);
#2931 = VERTEX_POINT('',#2932);
#2932 = CARTESIAN_POINT('',(-4.,0.43,1.375));
#2933 = LINE('',#2934,#2935);
#2934 = CARTESIAN_POINT('',(-3.6,0.43,1.375));
#2935 = VECTOR('',#2936,1.);
#2936 = DIRECTION('',(-1.,1.144237745222E-17,0.));
#2937 = ORIENTED_EDGE('',*,*,#1998,.T.);
#2938 = ORIENTED_EDGE('',*,*,#2939,.T.);
#2939 = EDGE_CURVE('',#1991,#2940,#2942,.T.);
#2940 = VERTEX_POINT('',#2941);
#2941 = CARTESIAN_POINT('',(-4.,0.84,1.375));
#2942 = LINE('',#2943,#2944);
#2943 = CARTESIAN_POINT('',(-3.6,0.84,1.375));
#2944 = VECTOR('',#2945,1.);
#2945 = DIRECTION('',(-1.,1.144237745222E-17,0.));
#2946 = ORIENTED_EDGE('',*,*,#2947,.F.);
#2947 = EDGE_CURVE('',#2931,#2940,#2948,.T.);
#2948 = LINE('',#2949,#2950);
#2949 = CARTESIAN_POINT('',(-4.,0.43,1.375));
#2950 = VECTOR('',#2951,1.);
#2951 = DIRECTION('',(1.144237745222E-17,1.,0.));
#2952 = PLANE('',#2953);
#2953 = AXIS2_PLACEMENT_3D('',#2954,#2955,#2956);
#2954 = CARTESIAN_POINT('',(-3.6,0.43,1.375));
#2955 = DIRECTION('',(0.,0.,1.));
#2956 = DIRECTION('',(-1.,1.144237745222E-17,0.));
#2957 = ADVANCED_FACE('',(#2958),#2983,.F.);
#2958 = FACE_BOUND('',#2959,.F.);
#2959 = EDGE_LOOP('',(#2960,#2968,#2969,#2977));
#2960 = ORIENTED_EDGE('',*,*,#2961,.F.);
#2961 = EDGE_CURVE('',#1991,#2962,#2964,.T.);
#2962 = VERTEX_POINT('',#2963);
#2963 = CARTESIAN_POINT('',(-3.75,0.84,1.575));
#2964 = LINE('',#2965,#2966);
#2965 = CARTESIAN_POINT('',(-3.75,0.84,1.159317458569));
#2966 = VECTOR('',#2967,1.);
#2967 = DIRECTION('',(0.,0.,1.));
#2968 = ORIENTED_EDGE('',*,*,#1990,.T.);
#2969 = ORIENTED_EDGE('',*,*,#2970,.T.);
#2970 = EDGE_CURVE('',#1983,#2971,#2973,.T.);
#2971 = VERTEX_POINT('',#2972);
#2972 = CARTESIAN_POINT('',(-3.75,1.7,1.575));
#2973 = LINE('',#2974,#2975);
#2974 = CARTESIAN_POINT('',(-3.75,1.7,1.159317458569));
#2975 = VECTOR('',#2976,1.);
#2976 = DIRECTION('',(0.,0.,1.));
#2977 = ORIENTED_EDGE('',*,*,#2978,.F.);
#2978 = EDGE_CURVE('',#2962,#2971,#2979,.T.);
#2979 = LINE('',#2980,#2981);
#2980 = CARTESIAN_POINT('',(-3.75,-7.525,1.575));
#2981 = VECTOR('',#2982,1.);
#2982 = DIRECTION('',(-1.110223024625E-16,1.,0.));
#2983 = PLANE('',#2984);
#2984 = AXIS2_PLACEMENT_3D('',#2985,#2986,#2987);
#2985 = CARTESIAN_POINT('',(-3.75,-7.525,1.575));
#2986 = DIRECTION('',(1.,1.110223024625E-16,0.));
#2987 = DIRECTION('',(-1.110223024625E-16,1.,0.));
#2988 = ADVANCED_FACE('',(#2989),#3014,.F.);
#2989 = FACE_BOUND('',#2990,.F.);
#2990 = EDGE_LOOP('',(#2991,#2999,#3000,#3008));
#2991 = ORIENTED_EDGE('',*,*,#2992,.F.);
#2992 = EDGE_CURVE('',#1983,#2993,#2995,.T.);
#2993 = VERTEX_POINT('',#2994);
#2994 = CARTESIAN_POINT('',(-4.,1.7,1.375));
#2995 = LINE('',#2996,#2997);
#2996 = CARTESIAN_POINT('',(-3.6,1.7,1.375));
#2997 = VECTOR('',#2998,1.);
#2998 = DIRECTION('',(-1.,1.144237745222E-17,0.));
#2999 = ORIENTED_EDGE('',*,*,#1982,.T.);
#3000 = ORIENTED_EDGE('',*,*,#3001,.T.);
#3001 = EDGE_CURVE('',#1975,#3002,#3004,.T.);
#3002 = VERTEX_POINT('',#3003);
#3003 = CARTESIAN_POINT('',(-4.,2.11,1.375));
#3004 = LINE('',#3005,#3006);
#3005 = CARTESIAN_POINT('',(-3.6,2.11,1.375));
#3006 = VECTOR('',#3007,1.);
#3007 = DIRECTION('',(-1.,1.144237745222E-17,0.));
#3008 = ORIENTED_EDGE('',*,*,#3009,.F.);
#3009 = EDGE_CURVE('',#2993,#3002,#3010,.T.);
#3010 = LINE('',#3011,#3012);
#3011 = CARTESIAN_POINT('',(-4.,1.7,1.375));
#3012 = VECTOR('',#3013,1.);
#3013 = DIRECTION('',(1.144237745222E-17,1.,0.));
#3014 = PLANE('',#3015);
#3015 = AXIS2_PLACEMENT_3D('',#3016,#3017,#3018);
#3016 = CARTESIAN_POINT('',(-3.6,1.7,1.375));
#3017 = DIRECTION('',(0.,0.,1.));
#3018 = DIRECTION('',(-1.,1.144237745222E-17,0.));
#3019 = ADVANCED_FACE('',(#3020),#3045,.F.);
#3020 = FACE_BOUND('',#3021,.F.);
#3021 = EDGE_LOOP('',(#3022,#3030,#3031,#3039));
#3022 = ORIENTED_EDGE('',*,*,#3023,.F.);
#3023 = EDGE_CURVE('',#1975,#3024,#3026,.T.);
#3024 = VERTEX_POINT('',#3025);
#3025 = CARTESIAN_POINT('',(-3.75,2.11,1.575));
#3026 = LINE('',#3027,#3028);
#3027 = CARTESIAN_POINT('',(-3.75,2.11,1.159317458569));
#3028 = VECTOR('',#3029,1.);
#3029 = DIRECTION('',(0.,0.,1.));
#3030 = ORIENTED_EDGE('',*,*,#1974,.T.);
#3031 = ORIENTED_EDGE('',*,*,#3032,.T.);
#3032 = EDGE_CURVE('',#1967,#3033,#3035,.T.);
#3033 = VERTEX_POINT('',#3034);
#3034 = CARTESIAN_POINT('',(-3.75,2.97,1.575));
#3035 = LINE('',#3036,#3037);
#3036 = CARTESIAN_POINT('',(-3.75,2.97,1.159317458569));
#3037 = VECTOR('',#3038,1.);
#3038 = DIRECTION('',(0.,0.,1.));
#3039 = ORIENTED_EDGE('',*,*,#3040,.F.);
#3040 = EDGE_CURVE('',#3024,#3033,#3041,.T.);
#3041 = LINE('',#3042,#3043);
#3042 = CARTESIAN_POINT('',(-3.75,-7.525,1.575));
#3043 = VECTOR('',#3044,1.);
#3044 = DIRECTION('',(-1.110223024625E-16,1.,0.));
#3045 = PLANE('',#3046);
#3046 = AXIS2_PLACEMENT_3D('',#3047,#3048,#3049);
#3047 = CARTESIAN_POINT('',(-3.75,-7.525,1.575));
#3048 = DIRECTION('',(1.,1.110223024625E-16,0.));
#3049 = DIRECTION('',(-1.110223024625E-16,1.,0.));
#3050 = ADVANCED_FACE('',(#3051),#3076,.F.);
#3051 = FACE_BOUND('',#3052,.F.);
#3052 = EDGE_LOOP('',(#3053,#3061,#3062,#3070));
#3053 = ORIENTED_EDGE('',*,*,#3054,.F.);
#3054 = EDGE_CURVE('',#1967,#3055,#3057,.T.);
#3055 = VERTEX_POINT('',#3056);
#3056 = CARTESIAN_POINT('',(-4.,2.97,1.375));
#3057 = LINE('',#3058,#3059);
#3058 = CARTESIAN_POINT('',(-3.6,2.97,1.375));
#3059 = VECTOR('',#3060,1.);
#3060 = DIRECTION('',(-1.,1.144237745222E-17,0.));
#3061 = ORIENTED_EDGE('',*,*,#1966,.T.);
#3062 = ORIENTED_EDGE('',*,*,#3063,.T.);
#3063 = EDGE_CURVE('',#1959,#3064,#3066,.T.);
#3064 = VERTEX_POINT('',#3065);
#3065 = CARTESIAN_POINT('',(-4.,3.38,1.375));
#3066 = LINE('',#3067,#3068);
#3067 = CARTESIAN_POINT('',(-3.6,3.38,1.375));
#3068 = VECTOR('',#3069,1.);
#3069 = DIRECTION('',(-1.,1.144237745222E-17,0.));
#3070 = ORIENTED_EDGE('',*,*,#3071,.F.);
#3071 = EDGE_CURVE('',#3055,#3064,#3072,.T.);
#3072 = LINE('',#3073,#3074);
#3073 = CARTESIAN_POINT('',(-4.,2.97,1.375));
#3074 = VECTOR('',#3075,1.);
#3075 = DIRECTION('',(1.144237745222E-17,1.,0.));
#3076 = PLANE('',#3077);
#3077 = AXIS2_PLACEMENT_3D('',#3078,#3079,#3080);
#3078 = CARTESIAN_POINT('',(-3.6,2.97,1.375));
#3079 = DIRECTION('',(0.,0.,1.));
#3080 = DIRECTION('',(-1.,1.144237745222E-17,0.));
#3081 = ADVANCED_FACE('',(#3082),#3107,.F.);
#3082 = FACE_BOUND('',#3083,.F.);
#3083 = EDGE_LOOP('',(#3084,#3092,#3093,#3101));
#3084 = ORIENTED_EDGE('',*,*,#3085,.F.);
#3085 = EDGE_CURVE('',#1959,#3086,#3088,.T.);
#3086 = VERTEX_POINT('',#3087);
#3087 = CARTESIAN_POINT('',(-3.75,3.38,1.575));
#3088 = LINE('',#3089,#3090);
#3089 = CARTESIAN_POINT('',(-3.75,3.38,1.159317458569));
#3090 = VECTOR('',#3091,1.);
#3091 = DIRECTION('',(0.,0.,1.));
#3092 = ORIENTED_EDGE('',*,*,#1958,.T.);
#3093 = ORIENTED_EDGE('',*,*,#3094,.T.);
#3094 = EDGE_CURVE('',#1951,#3095,#3097,.T.);
#3095 = VERTEX_POINT('',#3096);
#3096 = CARTESIAN_POINT('',(-3.75,4.24,1.575));
#3097 = LINE('',#3098,#3099);
#3098 = CARTESIAN_POINT('',(-3.75,4.24,1.159317458569));
#3099 = VECTOR('',#3100,1.);
#3100 = DIRECTION('',(0.,0.,1.));
#3101 = ORIENTED_EDGE('',*,*,#3102,.F.);
#3102 = EDGE_CURVE('',#3086,#3095,#3103,.T.);
#3103 = LINE('',#3104,#3105);
#3104 = CARTESIAN_POINT('',(-3.75,-7.525,1.575));
#3105 = VECTOR('',#3106,1.);
#3106 = DIRECTION('',(-1.110223024625E-16,1.,0.));
#3107 = PLANE('',#3108);
#3108 = AXIS2_PLACEMENT_3D('',#3109,#3110,#3111);
#3109 = CARTESIAN_POINT('',(-3.75,-7.525,1.575));
#3110 = DIRECTION('',(1.,1.110223024625E-16,0.));
#3111 = DIRECTION('',(-1.110223024625E-16,1.,0.));
#3112 = ADVANCED_FACE('',(#3113),#3138,.F.);
#3113 = FACE_BOUND('',#3114,.F.);
#3114 = EDGE_LOOP('',(#3115,#3123,#3124,#3132));
#3115 = ORIENTED_EDGE('',*,*,#3116,.F.);
#3116 = EDGE_CURVE('',#1951,#3117,#3119,.T.);
#3117 = VERTEX_POINT('',#3118);
#3118 = CARTESIAN_POINT('',(-4.,4.24,1.375));
#3119 = LINE('',#3120,#3121);
#3120 = CARTESIAN_POINT('',(-3.6,4.24,1.375));
#3121 = VECTOR('',#3122,1.);
#3122 = DIRECTION('',(-1.,1.144237745222E-17,0.));
#3123 = ORIENTED_EDGE('',*,*,#1950,.T.);
#3124 = ORIENTED_EDGE('',*,*,#3125,.T.);
#3125 = EDGE_CURVE('',#1943,#3126,#3128,.T.);
#3126 = VERTEX_POINT('',#3127);
#3127 = CARTESIAN_POINT('',(-4.,4.65,1.375));
#3128 = LINE('',#3129,#3130);
#3129 = CARTESIAN_POINT('',(-3.6,4.65,1.375));
#3130 = VECTOR('',#3131,1.);
#3131 = DIRECTION('',(-1.,1.144237745222E-17,0.));
#3132 = ORIENTED_EDGE('',*,*,#3133,.F.);
#3133 = EDGE_CURVE('',#3117,#3126,#3134,.T.);
#3134 = LINE('',#3135,#3136);
#3135 = CARTESIAN_POINT('',(-4.,4.24,1.375));
#3136 = VECTOR('',#3137,1.);
#3137 = DIRECTION('',(1.144237745222E-17,1.,0.));
#3138 = PLANE('',#3139);
#3139 = AXIS2_PLACEMENT_3D('',#3140,#3141,#3142);
#3140 = CARTESIAN_POINT('',(-3.6,4.24,1.375));
#3141 = DIRECTION('',(0.,0.,1.));
#3142 = DIRECTION('',(-1.,1.144237745222E-17,0.));
#3143 = ADVANCED_FACE('',(#3144),#3169,.F.);
#3144 = FACE_BOUND('',#3145,.F.);
#3145 = EDGE_LOOP('',(#3146,#3154,#3155,#3163));
#3146 = ORIENTED_EDGE('',*,*,#3147,.F.);
#3147 = EDGE_CURVE('',#1943,#3148,#3150,.T.);
#3148 = VERTEX_POINT('',#3149);
#3149 = CARTESIAN_POINT('',(-3.75,4.65,1.575));
#3150 = LINE('',#3151,#3152);
#3151 = CARTESIAN_POINT('',(-3.75,4.65,1.159317458569));
#3152 = VECTOR('',#3153,1.);
#3153 = DIRECTION('',(0.,0.,1.));
#3154 = ORIENTED_EDGE('',*,*,#1942,.T.);
#3155 = ORIENTED_EDGE('',*,*,#3156,.T.);
#3156 = EDGE_CURVE('',#1935,#3157,#3159,.T.);
#3157 = VERTEX_POINT('',#3158);
#3158 = CARTESIAN_POINT('',(-3.75,5.51,1.575));
#3159 = LINE('',#3160,#3161);
#3160 = CARTESIAN_POINT('',(-3.75,5.51,1.159317458569));
#3161 = VECTOR('',#3162,1.);
#3162 = DIRECTION('',(0.,0.,1.));
#3163 = ORIENTED_EDGE('',*,*,#3164,.F.);
#3164 = EDGE_CURVE('',#3148,#3157,#3165,.T.);
#3165 = LINE('',#3166,#3167);
#3166 = CARTESIAN_POINT('',(-3.75,-7.525,1.575));
#3167 = VECTOR('',#3168,1.);
#3168 = DIRECTION('',(-1.110223024625E-16,1.,0.));
#3169 = PLANE('',#3170);
#3170 = AXIS2_PLACEMENT_3D('',#3171,#3172,#3173);
#3171 = CARTESIAN_POINT('',(-3.75,-7.525,1.575));
#3172 = DIRECTION('',(1.,1.110223024625E-16,0.));
#3173 = DIRECTION('',(-1.110223024625E-16,1.,0.));
#3174 = ADVANCED_FACE('',(#3175),#3200,.F.);
#3175 = FACE_BOUND('',#3176,.F.);
#3176 = EDGE_LOOP('',(#3177,#3185,#3186,#3194));
#3177 = ORIENTED_EDGE('',*,*,#3178,.F.);
#3178 = EDGE_CURVE('',#1935,#3179,#3181,.T.);
#3179 = VERTEX_POINT('',#3180);
#3180 = CARTESIAN_POINT('',(-4.,5.51,1.375));
#3181 = LINE('',#3182,#3183);
#3182 = CARTESIAN_POINT('',(-3.6,5.51,1.375));
#3183 = VECTOR('',#3184,1.);
#3184 = DIRECTION('',(-1.,1.144237745222E-17,0.));
#3185 = ORIENTED_EDGE('',*,*,#1934,.T.);
#3186 = ORIENTED_EDGE('',*,*,#3187,.T.);
#3187 = EDGE_CURVE('',#1927,#3188,#3190,.T.);
#3188 = VERTEX_POINT('',#3189);
#3189 = CARTESIAN_POINT('',(-4.,5.92,1.375));
#3190 = LINE('',#3191,#3192);
#3191 = CARTESIAN_POINT('',(-3.6,5.92,1.375));
#3192 = VECTOR('',#3193,1.);
#3193 = DIRECTION('',(-1.,1.144237745222E-17,0.));
#3194 = ORIENTED_EDGE('',*,*,#3195,.F.);
#3195 = EDGE_CURVE('',#3179,#3188,#3196,.T.);
#3196 = LINE('',#3197,#3198);
#3197 = CARTESIAN_POINT('',(-4.,5.51,1.375));
#3198 = VECTOR('',#3199,1.);
#3199 = DIRECTION('',(1.144237745222E-17,1.,0.));
#3200 = PLANE('',#3201);
#3201 = AXIS2_PLACEMENT_3D('',#3202,#3203,#3204);
#3202 = CARTESIAN_POINT('',(-3.6,5.51,1.375));
#3203 = DIRECTION('',(0.,0.,1.));
#3204 = DIRECTION('',(-1.,1.144237745222E-17,0.));
#3205 = ADVANCED_FACE('',(#3206),#3231,.F.);
#3206 = FACE_BOUND('',#3207,.F.);
#3207 = EDGE_LOOP('',(#3208,#3216,#3217,#3225));
#3208 = ORIENTED_EDGE('',*,*,#3209,.F.);
#3209 = EDGE_CURVE('',#1927,#3210,#3212,.T.);
#3210 = VERTEX_POINT('',#3211);
#3211 = CARTESIAN_POINT('',(-3.75,5.92,1.575));
#3212 = LINE('',#3213,#3214);
#3213 = CARTESIAN_POINT('',(-3.75,5.92,1.159317458569));
#3214 = VECTOR('',#3215,1.);
#3215 = DIRECTION('',(0.,0.,1.));
#3216 = ORIENTED_EDGE('',*,*,#1926,.T.);
#3217 = ORIENTED_EDGE('',*,*,#3218,.T.);
#3218 = EDGE_CURVE('',#1919,#3219,#3221,.T.);
#3219 = VERTEX_POINT('',#3220);
#3220 = CARTESIAN_POINT('',(-3.75,6.78,1.575));
#3221 = LINE('',#3222,#3223);
#3222 = CARTESIAN_POINT('',(-3.75,6.78,1.159317458569));
#3223 = VECTOR('',#3224,1.);
#3224 = DIRECTION('',(0.,0.,1.));
#3225 = ORIENTED_EDGE('',*,*,#3226,.F.);
#3226 = EDGE_CURVE('',#3210,#3219,#3227,.T.);
#3227 = LINE('',#3228,#3229);
#3228 = CARTESIAN_POINT('',(-3.75,-7.525,1.575));
#3229 = VECTOR('',#3230,1.);
#3230 = DIRECTION('',(-1.110223024625E-16,1.,0.));
#3231 = PLANE('',#3232);
#3232 = AXIS2_PLACEMENT_3D('',#3233,#3234,#3235);
#3233 = CARTESIAN_POINT('',(-3.75,-7.525,1.575));
#3234 = DIRECTION('',(1.,1.110223024625E-16,0.));
#3235 = DIRECTION('',(-1.110223024625E-16,1.,0.));
#3236 = ADVANCED_FACE('',(#3237),#3262,.F.);
#3237 = FACE_BOUND('',#3238,.F.);
#3238 = EDGE_LOOP('',(#3239,#3247,#3248,#3256));
#3239 = ORIENTED_EDGE('',*,*,#3240,.F.);
#3240 = EDGE_CURVE('',#1919,#3241,#3243,.T.);
#3241 = VERTEX_POINT('',#3242);
#3242 = CARTESIAN_POINT('',(-4.,6.78,1.375));
#3243 = LINE('',#3244,#3245);
#3244 = CARTESIAN_POINT('',(-3.6,6.78,1.375));
#3245 = VECTOR('',#3246,1.);
#3246 = DIRECTION('',(-1.,1.144237745222E-17,0.));
#3247 = ORIENTED_EDGE('',*,*,#1918,.T.);
#3248 = ORIENTED_EDGE('',*,*,#3249,.T.);
#3249 = EDGE_CURVE('',#1911,#3250,#3252,.T.);
#3250 = VERTEX_POINT('',#3251);
#3251 = CARTESIAN_POINT('',(-4.,7.19,1.375));
#3252 = LINE('',#3253,#3254);
#3253 = CARTESIAN_POINT('',(-3.6,7.19,1.375));
#3254 = VECTOR('',#3255,1.);
#3255 = DIRECTION('',(-1.,1.144237745222E-17,0.));
#3256 = ORIENTED_EDGE('',*,*,#3257,.F.);
#3257 = EDGE_CURVE('',#3241,#3250,#3258,.T.);
#3258 = LINE('',#3259,#3260);
#3259 = CARTESIAN_POINT('',(-4.,6.78,1.375));
#3260 = VECTOR('',#3261,1.);
#3261 = DIRECTION('',(1.144237745222E-17,1.,0.));
#3262 = PLANE('',#3263);
#3263 = AXIS2_PLACEMENT_3D('',#3264,#3265,#3266);
#3264 = CARTESIAN_POINT('',(-3.6,6.78,1.375));
#3265 = DIRECTION('',(0.,0.,1.));
#3266 = DIRECTION('',(-1.,1.144237745222E-17,0.));
#3267 = ADVANCED_FACE('',(#3268),#3279,.F.);
#3268 = FACE_BOUND('',#3269,.F.);
#3269 = EDGE_LOOP('',(#3270,#3276,#3277,#3278));
#3270 = ORIENTED_EDGE('',*,*,#3271,.F.);
#3271 = EDGE_CURVE('',#1911,#2491,#3272,.T.);
#3272 = LINE('',#3273,#3274);
#3273 = CARTESIAN_POINT('',(-3.75,7.19,1.159317458569));
#3274 = VECTOR('',#3275,1.);
#3275 = DIRECTION('',(0.,0.,1.));
#3276 = ORIENTED_EDGE('',*,*,#1910,.T.);
#3277 = ORIENTED_EDGE('',*,*,#2515,.T.);
#3278 = ORIENTED_EDGE('',*,*,#2498,.F.);
#3279 = PLANE('',#3280);
#3280 = AXIS2_PLACEMENT_3D('',#3281,#3282,#3283);
#3281 = CARTESIAN_POINT('',(-3.75,-7.525,1.575));
#3282 = DIRECTION('',(1.,1.110223024625E-16,0.));
#3283 = DIRECTION('',(-1.110223024625E-16,1.,0.));
#3284 = ADVANCED_FACE('',(#3285),#3296,.F.);
#3285 = FACE_BOUND('',#3286,.F.);
#3286 = EDGE_LOOP('',(#3287,#3288,#3289,#3295));
#3287 = ORIENTED_EDGE('',*,*,#2402,.F.);
#3288 = ORIENTED_EDGE('',*,*,#2323,.T.);
#3289 = ORIENTED_EDGE('',*,*,#3290,.T.);
#3290 = EDGE_CURVE('',#2316,#2435,#3291,.T.);
#3291 = LINE('',#3292,#3293);
#3292 = CARTESIAN_POINT('',(3.75,7.19,1.159317458569));
#3293 = VECTOR('',#3294,1.);
#3294 = DIRECTION('',(0.,0.,1.));
#3295 = ORIENTED_EDGE('',*,*,#2434,.F.);
#3296 = PLANE('',#3297);
#3297 = AXIS2_PLACEMENT_3D('',#3298,#3299,#3300);
#3298 = CARTESIAN_POINT('',(3.75,7.525,1.575));
#3299 = DIRECTION('',(-1.,-1.110223024625E-16,0.));
#3300 = DIRECTION('',(1.110223024625E-16,-1.,0.));
#3301 = ADVANCED_FACE('',(#3302),#3327,.F.);
#3302 = FACE_BOUND('',#3303,.F.);
#3303 = EDGE_LOOP('',(#3304,#3312,#3313,#3321));
#3304 = ORIENTED_EDGE('',*,*,#3305,.F.);
#3305 = EDGE_CURVE('',#2316,#3306,#3308,.T.);
#3306 = VERTEX_POINT('',#3307);
#3307 = CARTESIAN_POINT('',(4.,7.19,1.375));
#3308 = LINE('',#3309,#3310);
#3309 = CARTESIAN_POINT('',(3.6,7.19,1.375));
#3310 = VECTOR('',#3311,1.);
#3311 = DIRECTION('',(1.,1.110223024625E-16,0.));
#3312 = ORIENTED_EDGE('',*,*,#2315,.T.);
#3313 = ORIENTED_EDGE('',*,*,#3314,.T.);
#3314 = EDGE_CURVE('',#2308,#3315,#3317,.T.);
#3315 = VERTEX_POINT('',#3316);
#3316 = CARTESIAN_POINT('',(4.,6.78,1.375));
#3317 = LINE('',#3318,#3319);
#3318 = CARTESIAN_POINT('',(3.6,6.78,1.375));
#3319 = VECTOR('',#3320,1.);
#3320 = DIRECTION('',(1.,1.110223024625E-16,0.));
#3321 = ORIENTED_EDGE('',*,*,#3322,.F.);
#3322 = EDGE_CURVE('',#3306,#3315,#3323,.T.);
#3323 = LINE('',#3324,#3325);
#3324 = CARTESIAN_POINT('',(4.,7.19,1.375));
#3325 = VECTOR('',#3326,1.);
#3326 = DIRECTION('',(1.110223024625E-16,-1.,0.));
#3327 = PLANE('',#3328);
#3328 = AXIS2_PLACEMENT_3D('',#3329,#3330,#3331);
#3329 = CARTESIAN_POINT('',(3.6,7.19,1.375));
#3330 = DIRECTION('',(0.,0.,1.));
#3331 = DIRECTION('',(1.,1.110223024625E-16,-0.));
#3332 = ADVANCED_FACE('',(#3333),#3358,.F.);
#3333 = FACE_BOUND('',#3334,.F.);
#3334 = EDGE_LOOP('',(#3335,#3343,#3344,#3352));
#3335 = ORIENTED_EDGE('',*,*,#3336,.F.);
#3336 = EDGE_CURVE('',#2308,#3337,#3339,.T.);
#3337 = VERTEX_POINT('',#3338);
#3338 = CARTESIAN_POINT('',(3.75,6.78,1.575));
#3339 = LINE('',#3340,#3341);
#3340 = CARTESIAN_POINT('',(3.75,6.78,1.159317458569));
#3341 = VECTOR('',#3342,1.);
#3342 = DIRECTION('',(0.,0.,1.));
#3343 = ORIENTED_EDGE('',*,*,#2307,.T.);
#3344 = ORIENTED_EDGE('',*,*,#3345,.T.);
#3345 = EDGE_CURVE('',#2300,#3346,#3348,.T.);
#3346 = VERTEX_POINT('',#3347);
#3347 = CARTESIAN_POINT('',(3.75,5.92,1.575));
#3348 = LINE('',#3349,#3350);
#3349 = CARTESIAN_POINT('',(3.75,5.92,1.159317458569));
#3350 = VECTOR('',#3351,1.);
#3351 = DIRECTION('',(0.,0.,1.));
#3352 = ORIENTED_EDGE('',*,*,#3353,.F.);
#3353 = EDGE_CURVE('',#3337,#3346,#3354,.T.);
#3354 = LINE('',#3355,#3356);
#3355 = CARTESIAN_POINT('',(3.75,7.525,1.575));
#3356 = VECTOR('',#3357,1.);
#3357 = DIRECTION('',(1.110223024625E-16,-1.,0.));
#3358 = PLANE('',#3359);
#3359 = AXIS2_PLACEMENT_3D('',#3360,#3361,#3362);
#3360 = CARTESIAN_POINT('',(3.75,7.525,1.575));
#3361 = DIRECTION('',(-1.,-1.110223024625E-16,0.));
#3362 = DIRECTION('',(1.110223024625E-16,-1.,0.));
#3363 = ADVANCED_FACE('',(#3364),#3389,.F.);
#3364 = FACE_BOUND('',#3365,.F.);
#3365 = EDGE_LOOP('',(#3366,#3374,#3375,#3383));
#3366 = ORIENTED_EDGE('',*,*,#3367,.F.);
#3367 = EDGE_CURVE('',#2300,#3368,#3370,.T.);
#3368 = VERTEX_POINT('',#3369);
#3369 = CARTESIAN_POINT('',(4.,5.92,1.375));
#3370 = LINE('',#3371,#3372);
#3371 = CARTESIAN_POINT('',(3.6,5.92,1.375));
#3372 = VECTOR('',#3373,1.);
#3373 = DIRECTION('',(1.,1.110223024625E-16,0.));
#3374 = ORIENTED_EDGE('',*,*,#2299,.T.);
#3375 = ORIENTED_EDGE('',*,*,#3376,.T.);
#3376 = EDGE_CURVE('',#2292,#3377,#3379,.T.);
#3377 = VERTEX_POINT('',#3378);
#3378 = CARTESIAN_POINT('',(4.,5.51,1.375));
#3379 = LINE('',#3380,#3381);
#3380 = CARTESIAN_POINT('',(3.6,5.51,1.375));
#3381 = VECTOR('',#3382,1.);
#3382 = DIRECTION('',(1.,1.110223024625E-16,0.));
#3383 = ORIENTED_EDGE('',*,*,#3384,.F.);
#3384 = EDGE_CURVE('',#3368,#3377,#3385,.T.);
#3385 = LINE('',#3386,#3387);
#3386 = CARTESIAN_POINT('',(4.,5.92,1.375));
#3387 = VECTOR('',#3388,1.);
#3388 = DIRECTION('',(1.110223024625E-16,-1.,0.));
#3389 = PLANE('',#3390);
#3390 = AXIS2_PLACEMENT_3D('',#3391,#3392,#3393);
#3391 = CARTESIAN_POINT('',(3.6,5.92,1.375));
#3392 = DIRECTION('',(0.,0.,1.));
#3393 = DIRECTION('',(1.,1.110223024625E-16,-0.));
#3394 = ADVANCED_FACE('',(#3395),#3420,.F.);
#3395 = FACE_BOUND('',#3396,.F.);
#3396 = EDGE_LOOP('',(#3397,#3405,#3406,#3414));
#3397 = ORIENTED_EDGE('',*,*,#3398,.F.);
#3398 = EDGE_CURVE('',#2292,#3399,#3401,.T.);
#3399 = VERTEX_POINT('',#3400);
#3400 = CARTESIAN_POINT('',(3.75,5.51,1.575));
#3401 = LINE('',#3402,#3403);
#3402 = CARTESIAN_POINT('',(3.75,5.51,1.159317458569));
#3403 = VECTOR('',#3404,1.);
#3404 = DIRECTION('',(0.,0.,1.));
#3405 = ORIENTED_EDGE('',*,*,#2291,.T.);
#3406 = ORIENTED_EDGE('',*,*,#3407,.T.);
#3407 = EDGE_CURVE('',#2284,#3408,#3410,.T.);
#3408 = VERTEX_POINT('',#3409);
#3409 = CARTESIAN_POINT('',(3.75,4.65,1.575));
#3410 = LINE('',#3411,#3412);
#3411 = CARTESIAN_POINT('',(3.75,4.65,1.159317458569));
#3412 = VECTOR('',#3413,1.);
#3413 = DIRECTION('',(0.,0.,1.));
#3414 = ORIENTED_EDGE('',*,*,#3415,.F.);
#3415 = EDGE_CURVE('',#3399,#3408,#3416,.T.);
#3416 = LINE('',#3417,#3418);
#3417 = CARTESIAN_POINT('',(3.75,7.525,1.575));
#3418 = VECTOR('',#3419,1.);
#3419 = DIRECTION('',(1.110223024625E-16,-1.,0.));
#3420 = PLANE('',#3421);
#3421 = AXIS2_PLACEMENT_3D('',#3422,#3423,#3424);
#3422 = CARTESIAN_POINT('',(3.75,7.525,1.575));
#3423 = DIRECTION('',(-1.,-1.110223024625E-16,0.));
#3424 = DIRECTION('',(1.110223024625E-16,-1.,0.));
#3425 = ADVANCED_FACE('',(#3426),#3451,.F.);
#3426 = FACE_BOUND('',#3427,.F.);
#3427 = EDGE_LOOP('',(#3428,#3436,#3437,#3445));
#3428 = ORIENTED_EDGE('',*,*,#3429,.F.);
#3429 = EDGE_CURVE('',#2284,#3430,#3432,.T.);
#3430 = VERTEX_POINT('',#3431);
#3431 = CARTESIAN_POINT('',(4.,4.65,1.375));
#3432 = LINE('',#3433,#3434);
#3433 = CARTESIAN_POINT('',(3.6,4.65,1.375));
#3434 = VECTOR('',#3435,1.);
#3435 = DIRECTION('',(1.,1.110223024625E-16,0.));
#3436 = ORIENTED_EDGE('',*,*,#2283,.T.);
#3437 = ORIENTED_EDGE('',*,*,#3438,.T.);
#3438 = EDGE_CURVE('',#2276,#3439,#3441,.T.);
#3439 = VERTEX_POINT('',#3440);
#3440 = CARTESIAN_POINT('',(4.,4.24,1.375));
#3441 = LINE('',#3442,#3443);
#3442 = CARTESIAN_POINT('',(3.6,4.24,1.375));
#3443 = VECTOR('',#3444,1.);
#3444 = DIRECTION('',(1.,1.110223024625E-16,0.));
#3445 = ORIENTED_EDGE('',*,*,#3446,.F.);
#3446 = EDGE_CURVE('',#3430,#3439,#3447,.T.);
#3447 = LINE('',#3448,#3449);
#3448 = CARTESIAN_POINT('',(4.,4.65,1.375));
#3449 = VECTOR('',#3450,1.);
#3450 = DIRECTION('',(1.110223024625E-16,-1.,0.));
#3451 = PLANE('',#3452);
#3452 = AXIS2_PLACEMENT_3D('',#3453,#3454,#3455);
#3453 = CARTESIAN_POINT('',(3.6,4.65,1.375));
#3454 = DIRECTION('',(0.,0.,1.));
#3455 = DIRECTION('',(1.,1.110223024625E-16,-0.));
#3456 = ADVANCED_FACE('',(#3457),#3482,.F.);
#3457 = FACE_BOUND('',#3458,.F.);
#3458 = EDGE_LOOP('',(#3459,#3467,#3468,#3476));
#3459 = ORIENTED_EDGE('',*,*,#3460,.F.);
#3460 = EDGE_CURVE('',#2276,#3461,#3463,.T.);
#3461 = VERTEX_POINT('',#3462);
#3462 = CARTESIAN_POINT('',(3.75,4.24,1.575));
#3463 = LINE('',#3464,#3465);
#3464 = CARTESIAN_POINT('',(3.75,4.24,1.159317458569));
#3465 = VECTOR('',#3466,1.);
#3466 = DIRECTION('',(0.,0.,1.));
#3467 = ORIENTED_EDGE('',*,*,#2275,.T.);
#3468 = ORIENTED_EDGE('',*,*,#3469,.T.);
#3469 = EDGE_CURVE('',#2268,#3470,#3472,.T.);
#3470 = VERTEX_POINT('',#3471);
#3471 = CARTESIAN_POINT('',(3.75,3.38,1.575));
#3472 = LINE('',#3473,#3474);
#3473 = CARTESIAN_POINT('',(3.75,3.38,1.159317458569));
#3474 = VECTOR('',#3475,1.);
#3475 = DIRECTION('',(0.,0.,1.));
#3476 = ORIENTED_EDGE('',*,*,#3477,.F.);
#3477 = EDGE_CURVE('',#3461,#3470,#3478,.T.);
#3478 = LINE('',#3479,#3480);
#3479 = CARTESIAN_POINT('',(3.75,7.525,1.575));
#3480 = VECTOR('',#3481,1.);
#3481 = DIRECTION('',(1.110223024625E-16,-1.,0.));
#3482 = PLANE('',#3483);
#3483 = AXIS2_PLACEMENT_3D('',#3484,#3485,#3486);
#3484 = CARTESIAN_POINT('',(3.75,7.525,1.575));
#3485 = DIRECTION('',(-1.,-1.110223024625E-16,0.));
#3486 = DIRECTION('',(1.110223024625E-16,-1.,0.));
#3487 = ADVANCED_FACE('',(#3488),#3513,.F.);
#3488 = FACE_BOUND('',#3489,.F.);
#3489 = EDGE_LOOP('',(#3490,#3498,#3499,#3507));
#3490 = ORIENTED_EDGE('',*,*,#3491,.F.);
#3491 = EDGE_CURVE('',#2268,#3492,#3494,.T.);
#3492 = VERTEX_POINT('',#3493);
#3493 = CARTESIAN_POINT('',(4.,3.38,1.375));
#3494 = LINE('',#3495,#3496);
#3495 = CARTESIAN_POINT('',(3.6,3.38,1.375));
#3496 = VECTOR('',#3497,1.);
#3497 = DIRECTION('',(1.,1.110223024625E-16,0.));
#3498 = ORIENTED_EDGE('',*,*,#2267,.T.);
#3499 = ORIENTED_EDGE('',*,*,#3500,.T.);
#3500 = EDGE_CURVE('',#2260,#3501,#3503,.T.);
#3501 = VERTEX_POINT('',#3502);
#3502 = CARTESIAN_POINT('',(4.,2.97,1.375));
#3503 = LINE('',#3504,#3505);
#3504 = CARTESIAN_POINT('',(3.6,2.97,1.375));
#3505 = VECTOR('',#3506,1.);
#3506 = DIRECTION('',(1.,1.110223024625E-16,0.));
#3507 = ORIENTED_EDGE('',*,*,#3508,.F.);
#3508 = EDGE_CURVE('',#3492,#3501,#3509,.T.);
#3509 = LINE('',#3510,#3511);
#3510 = CARTESIAN_POINT('',(4.,3.38,1.375));
#3511 = VECTOR('',#3512,1.);
#3512 = DIRECTION('',(1.110223024625E-16,-1.,0.));
#3513 = PLANE('',#3514);
#3514 = AXIS2_PLACEMENT_3D('',#3515,#3516,#3517);
#3515 = CARTESIAN_POINT('',(3.6,3.38,1.375));
#3516 = DIRECTION('',(0.,0.,1.));
#3517 = DIRECTION('',(1.,1.110223024625E-16,-0.));
#3518 = ADVANCED_FACE('',(#3519),#3544,.F.);
#3519 = FACE_BOUND('',#3520,.F.);
#3520 = EDGE_LOOP('',(#3521,#3529,#3530,#3538));
#3521 = ORIENTED_EDGE('',*,*,#3522,.F.);
#3522 = EDGE_CURVE('',#2260,#3523,#3525,.T.);
#3523 = VERTEX_POINT('',#3524);
#3524 = CARTESIAN_POINT('',(3.75,2.97,1.575));
#3525 = LINE('',#3526,#3527);
#3526 = CARTESIAN_POINT('',(3.75,2.97,1.159317458569));
#3527 = VECTOR('',#3528,1.);
#3528 = DIRECTION('',(0.,0.,1.));
#3529 = ORIENTED_EDGE('',*,*,#2259,.T.);
#3530 = ORIENTED_EDGE('',*,*,#3531,.T.);
#3531 = EDGE_CURVE('',#2252,#3532,#3534,.T.);
#3532 = VERTEX_POINT('',#3533);
#3533 = CARTESIAN_POINT('',(3.75,2.11,1.575));
#3534 = LINE('',#3535,#3536);
#3535 = CARTESIAN_POINT('',(3.75,2.11,1.159317458569));
#3536 = VECTOR('',#3537,1.);
#3537 = DIRECTION('',(0.,0.,1.));
#3538 = ORIENTED_EDGE('',*,*,#3539,.F.);
#3539 = EDGE_CURVE('',#3523,#3532,#3540,.T.);
#3540 = LINE('',#3541,#3542);
#3541 = CARTESIAN_POINT('',(3.75,7.525,1.575));
#3542 = VECTOR('',#3543,1.);
#3543 = DIRECTION('',(1.110223024625E-16,-1.,0.));
#3544 = PLANE('',#3545);
#3545 = AXIS2_PLACEMENT_3D('',#3546,#3547,#3548);
#3546 = CARTESIAN_POINT('',(3.75,7.525,1.575));
#3547 = DIRECTION('',(-1.,-1.110223024625E-16,0.));
#3548 = DIRECTION('',(1.110223024625E-16,-1.,0.));
#3549 = ADVANCED_FACE('',(#3550),#3575,.F.);
#3550 = FACE_BOUND('',#3551,.F.);
#3551 = EDGE_LOOP('',(#3552,#3560,#3561,#3569));
#3552 = ORIENTED_EDGE('',*,*,#3553,.F.);
#3553 = EDGE_CURVE('',#2252,#3554,#3556,.T.);
#3554 = VERTEX_POINT('',#3555);
#3555 = CARTESIAN_POINT('',(4.,2.11,1.375));
#3556 = LINE('',#3557,#3558);
#3557 = CARTESIAN_POINT('',(3.6,2.11,1.375));
#3558 = VECTOR('',#3559,1.);
#3559 = DIRECTION('',(1.,1.110223024625E-16,0.));
#3560 = ORIENTED_EDGE('',*,*,#2251,.T.);
#3561 = ORIENTED_EDGE('',*,*,#3562,.T.);
#3562 = EDGE_CURVE('',#2244,#3563,#3565,.T.);
#3563 = VERTEX_POINT('',#3564);
#3564 = CARTESIAN_POINT('',(4.,1.7,1.375));
#3565 = LINE('',#3566,#3567);
#3566 = CARTESIAN_POINT('',(3.6,1.7,1.375));
#3567 = VECTOR('',#3568,1.);
#3568 = DIRECTION('',(1.,1.110223024625E-16,0.));
#3569 = ORIENTED_EDGE('',*,*,#3570,.F.);
#3570 = EDGE_CURVE('',#3554,#3563,#3571,.T.);
#3571 = LINE('',#3572,#3573);
#3572 = CARTESIAN_POINT('',(4.,2.11,1.375));
#3573 = VECTOR('',#3574,1.);
#3574 = DIRECTION('',(1.110223024625E-16,-1.,0.));
#3575 = PLANE('',#3576);
#3576 = AXIS2_PLACEMENT_3D('',#3577,#3578,#3579);
#3577 = CARTESIAN_POINT('',(3.6,2.11,1.375));
#3578 = DIRECTION('',(0.,0.,1.));
#3579 = DIRECTION('',(1.,1.110223024625E-16,-0.));
#3580 = ADVANCED_FACE('',(#3581),#3606,.F.);
#3581 = FACE_BOUND('',#3582,.F.);
#3582 = EDGE_LOOP('',(#3583,#3591,#3592,#3600));
#3583 = ORIENTED_EDGE('',*,*,#3584,.F.);
#3584 = EDGE_CURVE('',#2244,#3585,#3587,.T.);
#3585 = VERTEX_POINT('',#3586);
#3586 = CARTESIAN_POINT('',(3.75,1.7,1.575));
#3587 = LINE('',#3588,#3589);
#3588 = CARTESIAN_POINT('',(3.75,1.7,1.159317458569));
#3589 = VECTOR('',#3590,1.);
#3590 = DIRECTION('',(0.,0.,1.));
#3591 = ORIENTED_EDGE('',*,*,#2243,.T.);
#3592 = ORIENTED_EDGE('',*,*,#3593,.T.);
#3593 = EDGE_CURVE('',#2236,#3594,#3596,.T.);
#3594 = VERTEX_POINT('',#3595);
#3595 = CARTESIAN_POINT('',(3.75,0.84,1.575));
#3596 = LINE('',#3597,#3598);
#3597 = CARTESIAN_POINT('',(3.75,0.84,1.159317458569));
#3598 = VECTOR('',#3599,1.);
#3599 = DIRECTION('',(0.,0.,1.));
#3600 = ORIENTED_EDGE('',*,*,#3601,.F.);
#3601 = EDGE_CURVE('',#3585,#3594,#3602,.T.);
#3602 = LINE('',#3603,#3604);
#3603 = CARTESIAN_POINT('',(3.75,7.525,1.575));
#3604 = VECTOR('',#3605,1.);
#3605 = DIRECTION('',(1.110223024625E-16,-1.,0.));
#3606 = PLANE('',#3607);
#3607 = AXIS2_PLACEMENT_3D('',#3608,#3609,#3610);
#3608 = CARTESIAN_POINT('',(3.75,7.525,1.575));
#3609 = DIRECTION('',(-1.,-1.110223024625E-16,0.));
#3610 = DIRECTION('',(1.110223024625E-16,-1.,0.));
#3611 = ADVANCED_FACE('',(#3612),#3637,.F.);
#3612 = FACE_BOUND('',#3613,.F.);
#3613 = EDGE_LOOP('',(#3614,#3622,#3623,#3631));
#3614 = ORIENTED_EDGE('',*,*,#3615,.F.);
#3615 = EDGE_CURVE('',#2236,#3616,#3618,.T.);
#3616 = VERTEX_POINT('',#3617);
#3617 = CARTESIAN_POINT('',(4.,0.84,1.375));
#3618 = LINE('',#3619,#3620);
#3619 = CARTESIAN_POINT('',(3.6,0.84,1.375));
#3620 = VECTOR('',#3621,1.);
#3621 = DIRECTION('',(1.,1.110223024625E-16,0.));
#3622 = ORIENTED_EDGE('',*,*,#2235,.T.);
#3623 = ORIENTED_EDGE('',*,*,#3624,.T.);
#3624 = EDGE_CURVE('',#2228,#3625,#3627,.T.);
#3625 = VERTEX_POINT('',#3626);
#3626 = CARTESIAN_POINT('',(4.,0.43,1.375));
#3627 = LINE('',#3628,#3629);
#3628 = CARTESIAN_POINT('',(3.6,0.43,1.375));
#3629 = VECTOR('',#3630,1.);
#3630 = DIRECTION('',(1.,1.110223024625E-16,0.));
#3631 = ORIENTED_EDGE('',*,*,#3632,.F.);
#3632 = EDGE_CURVE('',#3616,#3625,#3633,.T.);
#3633 = LINE('',#3634,#3635);
#3634 = CARTESIAN_POINT('',(4.,0.84,1.375));
#3635 = VECTOR('',#3636,1.);
#3636 = DIRECTION('',(1.110223024625E-16,-1.,0.));
#3637 = PLANE('',#3638);
#3638 = AXIS2_PLACEMENT_3D('',#3639,#3640,#3641);
#3639 = CARTESIAN_POINT('',(3.6,0.84,1.375));
#3640 = DIRECTION('',(0.,0.,1.));
#3641 = DIRECTION('',(1.,1.110223024625E-16,-0.));
#3642 = ADVANCED_FACE('',(#3643),#3668,.F.);
#3643 = FACE_BOUND('',#3644,.F.);
#3644 = EDGE_LOOP('',(#3645,#3653,#3654,#3662));
#3645 = ORIENTED_EDGE('',*,*,#3646,.F.);
#3646 = EDGE_CURVE('',#2228,#3647,#3649,.T.);
#3647 = VERTEX_POINT('',#3648);
#3648 = CARTESIAN_POINT('',(3.75,0.43,1.575));
#3649 = LINE('',#3650,#3651);
#3650 = CARTESIAN_POINT('',(3.75,0.43,1.159317458569));
#3651 = VECTOR('',#3652,1.);
#3652 = DIRECTION('',(0.,0.,1.));
#3653 = ORIENTED_EDGE('',*,*,#2227,.T.);
#3654 = ORIENTED_EDGE('',*,*,#3655,.T.);
#3655 = EDGE_CURVE('',#2220,#3656,#3658,.T.);
#3656 = VERTEX_POINT('',#3657);
#3657 = CARTESIAN_POINT('',(3.75,-0.43,1.575));
#3658 = LINE('',#3659,#3660);
#3659 = CARTESIAN_POINT('',(3.75,-0.43,1.159317458569));
#3660 = VECTOR('',#3661,1.);
#3661 = DIRECTION('',(0.,0.,1.));
#3662 = ORIENTED_EDGE('',*,*,#3663,.F.);
#3663 = EDGE_CURVE('',#3647,#3656,#3664,.T.);
#3664 = LINE('',#3665,#3666);
#3665 = CARTESIAN_POINT('',(3.75,7.525,1.575));
#3666 = VECTOR('',#3667,1.);
#3667 = DIRECTION('',(1.110223024625E-16,-1.,0.));
#3668 = PLANE('',#3669);
#3669 = AXIS2_PLACEMENT_3D('',#3670,#3671,#3672);
#3670 = CARTESIAN_POINT('',(3.75,7.525,1.575));
#3671 = DIRECTION('',(-1.,-1.110223024625E-16,0.));
#3672 = DIRECTION('',(1.110223024625E-16,-1.,0.));
#3673 = ADVANCED_FACE('',(#3674),#3699,.F.);
#3674 = FACE_BOUND('',#3675,.F.);
#3675 = EDGE_LOOP('',(#3676,#3684,#3685,#3693));
#3676 = ORIENTED_EDGE('',*,*,#3677,.F.);
#3677 = EDGE_CURVE('',#2220,#3678,#3680,.T.);
#3678 = VERTEX_POINT('',#3679);
#3679 = CARTESIAN_POINT('',(4.,-0.43,1.375));
#3680 = LINE('',#3681,#3682);
#3681 = CARTESIAN_POINT('',(3.6,-0.43,1.375));
#3682 = VECTOR('',#3683,1.);
#3683 = DIRECTION('',(1.,1.110223024625E-16,0.));
#3684 = ORIENTED_EDGE('',*,*,#2219,.T.);
#3685 = ORIENTED_EDGE('',*,*,#3686,.T.);
#3686 = EDGE_CURVE('',#2212,#3687,#3689,.T.);
#3687 = VERTEX_POINT('',#3688);
#3688 = CARTESIAN_POINT('',(4.,-0.84,1.375));
#3689 = LINE('',#3690,#3691);
#3690 = CARTESIAN_POINT('',(3.6,-0.84,1.375));
#3691 = VECTOR('',#3692,1.);
#3692 = DIRECTION('',(1.,1.110223024625E-16,0.));
#3693 = ORIENTED_EDGE('',*,*,#3694,.F.);
#3694 = EDGE_CURVE('',#3678,#3687,#3695,.T.);
#3695 = LINE('',#3696,#3697);
#3696 = CARTESIAN_POINT('',(4.,-0.43,1.375));
#3697 = VECTOR('',#3698,1.);
#3698 = DIRECTION('',(1.110223024625E-16,-1.,0.));
#3699 = PLANE('',#3700);
#3700 = AXIS2_PLACEMENT_3D('',#3701,#3702,#3703);
#3701 = CARTESIAN_POINT('',(3.6,-0.43,1.375));
#3702 = DIRECTION('',(0.,0.,1.));
#3703 = DIRECTION('',(1.,1.110223024625E-16,-0.));
#3704 = ADVANCED_FACE('',(#3705),#3730,.F.);
#3705 = FACE_BOUND('',#3706,.F.);
#3706 = EDGE_LOOP('',(#3707,#3715,#3716,#3724));
#3707 = ORIENTED_EDGE('',*,*,#3708,.F.);
#3708 = EDGE_CURVE('',#2212,#3709,#3711,.T.);
#3709 = VERTEX_POINT('',#3710);
#3710 = CARTESIAN_POINT('',(3.75,-0.84,1.575));
#3711 = LINE('',#3712,#3713);
#3712 = CARTESIAN_POINT('',(3.75,-0.84,1.159317458569));
#3713 = VECTOR('',#3714,1.);
#3714 = DIRECTION('',(0.,0.,1.));
#3715 = ORIENTED_EDGE('',*,*,#2211,.T.);
#3716 = ORIENTED_EDGE('',*,*,#3717,.T.);
#3717 = EDGE_CURVE('',#2204,#3718,#3720,.T.);
#3718 = VERTEX_POINT('',#3719);
#3719 = CARTESIAN_POINT('',(3.75,-1.7,1.575));
#3720 = LINE('',#3721,#3722);
#3721 = CARTESIAN_POINT('',(3.75,-1.7,1.159317458569));
#3722 = VECTOR('',#3723,1.);
#3723 = DIRECTION('',(0.,0.,1.));
#3724 = ORIENTED_EDGE('',*,*,#3725,.F.);
#3725 = EDGE_CURVE('',#3709,#3718,#3726,.T.);
#3726 = LINE('',#3727,#3728);
#3727 = CARTESIAN_POINT('',(3.75,7.525,1.575));
#3728 = VECTOR('',#3729,1.);
#3729 = DIRECTION('',(1.110223024625E-16,-1.,0.));
#3730 = PLANE('',#3731);
#3731 = AXIS2_PLACEMENT_3D('',#3732,#3733,#3734);
#3732 = CARTESIAN_POINT('',(3.75,7.525,1.575));
#3733 = DIRECTION('',(-1.,-1.110223024625E-16,0.));
#3734 = DIRECTION('',(1.110223024625E-16,-1.,0.));
#3735 = ADVANCED_FACE('',(#3736),#3761,.F.);
#3736 = FACE_BOUND('',#3737,.F.);
#3737 = EDGE_LOOP('',(#3738,#3746,#3747,#3755));
#3738 = ORIENTED_EDGE('',*,*,#3739,.F.);
#3739 = EDGE_CURVE('',#2204,#3740,#3742,.T.);
#3740 = VERTEX_POINT('',#3741);
#3741 = CARTESIAN_POINT('',(4.,-1.7,1.375));
#3742 = LINE('',#3743,#3744);
#3743 = CARTESIAN_POINT('',(3.6,-1.7,1.375));
#3744 = VECTOR('',#3745,1.);
#3745 = DIRECTION('',(1.,1.110223024625E-16,0.));
#3746 = ORIENTED_EDGE('',*,*,#2203,.T.);
#3747 = ORIENTED_EDGE('',*,*,#3748,.T.);
#3748 = EDGE_CURVE('',#2196,#3749,#3751,.T.);
#3749 = VERTEX_POINT('',#3750);
#3750 = CARTESIAN_POINT('',(4.,-2.11,1.375));
#3751 = LINE('',#3752,#3753);
#3752 = CARTESIAN_POINT('',(3.6,-2.11,1.375));
#3753 = VECTOR('',#3754,1.);
#3754 = DIRECTION('',(1.,1.110223024625E-16,0.));
#3755 = ORIENTED_EDGE('',*,*,#3756,.F.);
#3756 = EDGE_CURVE('',#3740,#3749,#3757,.T.);
#3757 = LINE('',#3758,#3759);
#3758 = CARTESIAN_POINT('',(4.,-1.7,1.375));
#3759 = VECTOR('',#3760,1.);
#3760 = DIRECTION('',(1.110223024625E-16,-1.,0.));
#3761 = PLANE('',#3762);
#3762 = AXIS2_PLACEMENT_3D('',#3763,#3764,#3765);
#3763 = CARTESIAN_POINT('',(3.6,-1.7,1.375));
#3764 = DIRECTION('',(0.,0.,1.));
#3765 = DIRECTION('',(1.,1.110223024625E-16,-0.));
#3766 = ADVANCED_FACE('',(#3767),#3792,.F.);
#3767 = FACE_BOUND('',#3768,.F.);
#3768 = EDGE_LOOP('',(#3769,#3777,#3778,#3786));
#3769 = ORIENTED_EDGE('',*,*,#3770,.F.);
#3770 = EDGE_CURVE('',#2196,#3771,#3773,.T.);
#3771 = VERTEX_POINT('',#3772);
#3772 = CARTESIAN_POINT('',(3.75,-2.11,1.575));
#3773 = LINE('',#3774,#3775);
#3774 = CARTESIAN_POINT('',(3.75,-2.11,1.159317458569));
#3775 = VECTOR('',#3776,1.);
#3776 = DIRECTION('',(0.,0.,1.));
#3777 = ORIENTED_EDGE('',*,*,#2195,.T.);
#3778 = ORIENTED_EDGE('',*,*,#3779,.T.);
#3779 = EDGE_CURVE('',#2188,#3780,#3782,.T.);
#3780 = VERTEX_POINT('',#3781);
#3781 = CARTESIAN_POINT('',(3.75,-2.97,1.575));
#3782 = LINE('',#3783,#3784);
#3783 = CARTESIAN_POINT('',(3.75,-2.97,1.159317458569));
#3784 = VECTOR('',#3785,1.);
#3785 = DIRECTION('',(0.,0.,1.));
#3786 = ORIENTED_EDGE('',*,*,#3787,.F.);
#3787 = EDGE_CURVE('',#3771,#3780,#3788,.T.);
#3788 = LINE('',#3789,#3790);
#3789 = CARTESIAN_POINT('',(3.75,7.525,1.575));
#3790 = VECTOR('',#3791,1.);
#3791 = DIRECTION('',(1.110223024625E-16,-1.,0.));
#3792 = PLANE('',#3793);
#3793 = AXIS2_PLACEMENT_3D('',#3794,#3795,#3796);
#3794 = CARTESIAN_POINT('',(3.75,7.525,1.575));
#3795 = DIRECTION('',(-1.,-1.110223024625E-16,0.));
#3796 = DIRECTION('',(1.110223024625E-16,-1.,0.));
#3797 = ADVANCED_FACE('',(#3798),#3823,.F.);
#3798 = FACE_BOUND('',#3799,.F.);
#3799 = EDGE_LOOP('',(#3800,#3808,#3809,#3817));
#3800 = ORIENTED_EDGE('',*,*,#3801,.F.);
#3801 = EDGE_CURVE('',#2188,#3802,#3804,.T.);
#3802 = VERTEX_POINT('',#3803);
#3803 = CARTESIAN_POINT('',(4.,-2.97,1.375));
#3804 = LINE('',#3805,#3806);
#3805 = CARTESIAN_POINT('',(3.6,-2.97,1.375));
#3806 = VECTOR('',#3807,1.);
#3807 = DIRECTION('',(1.,1.110223024625E-16,0.));
#3808 = ORIENTED_EDGE('',*,*,#2187,.T.);
#3809 = ORIENTED_EDGE('',*,*,#3810,.T.);
#3810 = EDGE_CURVE('',#2180,#3811,#3813,.T.);
#3811 = VERTEX_POINT('',#3812);
#3812 = CARTESIAN_POINT('',(4.,-3.38,1.375));
#3813 = LINE('',#3814,#3815);
#3814 = CARTESIAN_POINT('',(3.6,-3.38,1.375));
#3815 = VECTOR('',#3816,1.);
#3816 = DIRECTION('',(1.,1.110223024625E-16,0.));
#3817 = ORIENTED_EDGE('',*,*,#3818,.F.);
#3818 = EDGE_CURVE('',#3802,#3811,#3819,.T.);
#3819 = LINE('',#3820,#3821);
#3820 = CARTESIAN_POINT('',(4.,-2.97,1.375));
#3821 = VECTOR('',#3822,1.);
#3822 = DIRECTION('',(1.110223024625E-16,-1.,0.));
#3823 = PLANE('',#3824);
#3824 = AXIS2_PLACEMENT_3D('',#3825,#3826,#3827);
#3825 = CARTESIAN_POINT('',(3.6,-2.97,1.375));
#3826 = DIRECTION('',(0.,0.,1.));
#3827 = DIRECTION('',(1.,1.110223024625E-16,-0.));
#3828 = ADVANCED_FACE('',(#3829),#3854,.F.);
#3829 = FACE_BOUND('',#3830,.F.);
#3830 = EDGE_LOOP('',(#3831,#3839,#3840,#3848));
#3831 = ORIENTED_EDGE('',*,*,#3832,.F.);
#3832 = EDGE_CURVE('',#2180,#3833,#3835,.T.);
#3833 = VERTEX_POINT('',#3834);
#3834 = CARTESIAN_POINT('',(3.75,-3.38,1.575));
#3835 = LINE('',#3836,#3837);
#3836 = CARTESIAN_POINT('',(3.75,-3.38,1.159317458569));
#3837 = VECTOR('',#3838,1.);
#3838 = DIRECTION('',(0.,0.,1.));
#3839 = ORIENTED_EDGE('',*,*,#2179,.T.);
#3840 = ORIENTED_EDGE('',*,*,#3841,.T.);
#3841 = EDGE_CURVE('',#2172,#3842,#3844,.T.);
#3842 = VERTEX_POINT('',#3843);
#3843 = CARTESIAN_POINT('',(3.75,-4.24,1.575));
#3844 = LINE('',#3845,#3846);
#3845 = CARTESIAN_POINT('',(3.75,-4.24,1.159317458569));
#3846 = VECTOR('',#3847,1.);
#3847 = DIRECTION('',(0.,0.,1.));
#3848 = ORIENTED_EDGE('',*,*,#3849,.F.);
#3849 = EDGE_CURVE('',#3833,#3842,#3850,.T.);
#3850 = LINE('',#3851,#3852);
#3851 = CARTESIAN_POINT('',(3.75,7.525,1.575));
#3852 = VECTOR('',#3853,1.);
#3853 = DIRECTION('',(1.110223024625E-16,-1.,0.));
#3854 = PLANE('',#3855);
#3855 = AXIS2_PLACEMENT_3D('',#3856,#3857,#3858);
#3856 = CARTESIAN_POINT('',(3.75,7.525,1.575));
#3857 = DIRECTION('',(-1.,-1.110223024625E-16,0.));
#3858 = DIRECTION('',(1.110223024625E-16,-1.,0.));
#3859 = ADVANCED_FACE('',(#3860),#3885,.F.);
#3860 = FACE_BOUND('',#3861,.F.);
#3861 = EDGE_LOOP('',(#3862,#3870,#3871,#3879));
#3862 = ORIENTED_EDGE('',*,*,#3863,.F.);
#3863 = EDGE_CURVE('',#2172,#3864,#3866,.T.);
#3864 = VERTEX_POINT('',#3865);
#3865 = CARTESIAN_POINT('',(4.,-4.24,1.375));
#3866 = LINE('',#3867,#3868);
#3867 = CARTESIAN_POINT('',(3.6,-4.24,1.375));
#3868 = VECTOR('',#3869,1.);
#3869 = DIRECTION('',(1.,1.110223024625E-16,0.));
#3870 = ORIENTED_EDGE('',*,*,#2171,.T.);
#3871 = ORIENTED_EDGE('',*,*,#3872,.T.);
#3872 = EDGE_CURVE('',#2164,#3873,#3875,.T.);
#3873 = VERTEX_POINT('',#3874);
#3874 = CARTESIAN_POINT('',(4.,-4.65,1.375));
#3875 = LINE('',#3876,#3877);
#3876 = CARTESIAN_POINT('',(3.6,-4.65,1.375));
#3877 = VECTOR('',#3878,1.);
#3878 = DIRECTION('',(1.,1.110223024625E-16,0.));
#3879 = ORIENTED_EDGE('',*,*,#3880,.F.);
#3880 = EDGE_CURVE('',#3864,#3873,#3881,.T.);
#3881 = LINE('',#3882,#3883);
#3882 = CARTESIAN_POINT('',(4.,-4.24,1.375));
#3883 = VECTOR('',#3884,1.);
#3884 = DIRECTION('',(1.110223024625E-16,-1.,0.));
#3885 = PLANE('',#3886);
#3886 = AXIS2_PLACEMENT_3D('',#3887,#3888,#3889);
#3887 = CARTESIAN_POINT('',(3.6,-4.24,1.375));
#3888 = DIRECTION('',(0.,0.,1.));
#3889 = DIRECTION('',(1.,1.110223024625E-16,-0.));
#3890 = ADVANCED_FACE('',(#3891),#3916,.F.);
#3891 = FACE_BOUND('',#3892,.F.);
#3892 = EDGE_LOOP('',(#3893,#3901,#3902,#3910));
#3893 = ORIENTED_EDGE('',*,*,#3894,.F.);
#3894 = EDGE_CURVE('',#2164,#3895,#3897,.T.);
#3895 = VERTEX_POINT('',#3896);
#3896 = CARTESIAN_POINT('',(3.75,-4.65,1.575));
#3897 = LINE('',#3898,#3899);
#3898 = CARTESIAN_POINT('',(3.75,-4.65,1.159317458569));
#3899 = VECTOR('',#3900,1.);
#3900 = DIRECTION('',(0.,0.,1.));
#3901 = ORIENTED_EDGE('',*,*,#2163,.T.);
#3902 = ORIENTED_EDGE('',*,*,#3903,.T.);
#3903 = EDGE_CURVE('',#2156,#3904,#3906,.T.);
#3904 = VERTEX_POINT('',#3905);
#3905 = CARTESIAN_POINT('',(3.75,-5.51,1.575));
#3906 = LINE('',#3907,#3908);
#3907 = CARTESIAN_POINT('',(3.75,-5.51,1.159317458569));
#3908 = VECTOR('',#3909,1.);
#3909 = DIRECTION('',(0.,0.,1.));
#3910 = ORIENTED_EDGE('',*,*,#3911,.F.);
#3911 = EDGE_CURVE('',#3895,#3904,#3912,.T.);
#3912 = LINE('',#3913,#3914);
#3913 = CARTESIAN_POINT('',(3.75,7.525,1.575));
#3914 = VECTOR('',#3915,1.);
#3915 = DIRECTION('',(1.110223024625E-16,-1.,0.));
#3916 = PLANE('',#3917);
#3917 = AXIS2_PLACEMENT_3D('',#3918,#3919,#3920);
#3918 = CARTESIAN_POINT('',(3.75,7.525,1.575));
#3919 = DIRECTION('',(-1.,-1.110223024625E-16,0.));
#3920 = DIRECTION('',(1.110223024625E-16,-1.,0.));
#3921 = ADVANCED_FACE('',(#3922),#3947,.F.);
#3922 = FACE_BOUND('',#3923,.F.);
#3923 = EDGE_LOOP('',(#3924,#3932,#3933,#3941));
#3924 = ORIENTED_EDGE('',*,*,#3925,.F.);
#3925 = EDGE_CURVE('',#2156,#3926,#3928,.T.);
#3926 = VERTEX_POINT('',#3927);
#3927 = CARTESIAN_POINT('',(4.,-5.51,1.375));
#3928 = LINE('',#3929,#3930);
#3929 = CARTESIAN_POINT('',(3.6,-5.51,1.375));
#3930 = VECTOR('',#3931,1.);
#3931 = DIRECTION('',(1.,1.110223024625E-16,0.));
#3932 = ORIENTED_EDGE('',*,*,#2155,.T.);
#3933 = ORIENTED_EDGE('',*,*,#3934,.T.);
#3934 = EDGE_CURVE('',#2148,#3935,#3937,.T.);
#3935 = VERTEX_POINT('',#3936);
#3936 = CARTESIAN_POINT('',(4.,-5.92,1.375));
#3937 = LINE('',#3938,#3939);
#3938 = CARTESIAN_POINT('',(3.6,-5.92,1.375));
#3939 = VECTOR('',#3940,1.);
#3940 = DIRECTION('',(1.,1.110223024625E-16,0.));
#3941 = ORIENTED_EDGE('',*,*,#3942,.F.);
#3942 = EDGE_CURVE('',#3926,#3935,#3943,.T.);
#3943 = LINE('',#3944,#3945);
#3944 = CARTESIAN_POINT('',(4.,-5.51,1.375));
#3945 = VECTOR('',#3946,1.);
#3946 = DIRECTION('',(1.110223024625E-16,-1.,0.));
#3947 = PLANE('',#3948);
#3948 = AXIS2_PLACEMENT_3D('',#3949,#3950,#3951);
#3949 = CARTESIAN_POINT('',(3.6,-5.51,1.375));
#3950 = DIRECTION('',(0.,0.,1.));
#3951 = DIRECTION('',(1.,1.110223024625E-16,-0.));
#3952 = ADVANCED_FACE('',(#3953),#3978,.F.);
#3953 = FACE_BOUND('',#3954,.F.);
#3954 = EDGE_LOOP('',(#3955,#3963,#3964,#3972));
#3955 = ORIENTED_EDGE('',*,*,#3956,.F.);
#3956 = EDGE_CURVE('',#2148,#3957,#3959,.T.);
#3957 = VERTEX_POINT('',#3958);
#3958 = CARTESIAN_POINT('',(3.75,-5.92,1.575));
#3959 = LINE('',#3960,#3961);
#3960 = CARTESIAN_POINT('',(3.75,-5.92,1.159317458569));
#3961 = VECTOR('',#3962,1.);
#3962 = DIRECTION('',(0.,0.,1.));
#3963 = ORIENTED_EDGE('',*,*,#2147,.T.);
#3964 = ORIENTED_EDGE('',*,*,#3965,.T.);
#3965 = EDGE_CURVE('',#2140,#3966,#3968,.T.);
#3966 = VERTEX_POINT('',#3967);
#3967 = CARTESIAN_POINT('',(3.75,-6.78,1.575));
#3968 = LINE('',#3969,#3970);
#3969 = CARTESIAN_POINT('',(3.75,-6.78,1.159317458569));
#3970 = VECTOR('',#3971,1.);
#3971 = DIRECTION('',(0.,0.,1.));
#3972 = ORIENTED_EDGE('',*,*,#3973,.F.);
#3973 = EDGE_CURVE('',#3957,#3966,#3974,.T.);
#3974 = LINE('',#3975,#3976);
#3975 = CARTESIAN_POINT('',(3.75,7.525,1.575));
#3976 = VECTOR('',#3977,1.);
#3977 = DIRECTION('',(1.110223024625E-16,-1.,0.));
#3978 = PLANE('',#3979);
#3979 = AXIS2_PLACEMENT_3D('',#3980,#3981,#3982);
#3980 = CARTESIAN_POINT('',(3.75,7.525,1.575));
#3981 = DIRECTION('',(-1.,-1.110223024625E-16,0.));
#3982 = DIRECTION('',(1.110223024625E-16,-1.,0.));
#3983 = ADVANCED_FACE('',(#3984),#4009,.F.);
#3984 = FACE_BOUND('',#3985,.F.);
#3985 = EDGE_LOOP('',(#3986,#3994,#3995,#4003));
#3986 = ORIENTED_EDGE('',*,*,#3987,.F.);
#3987 = EDGE_CURVE('',#2140,#3988,#3990,.T.);
#3988 = VERTEX_POINT('',#3989);
#3989 = CARTESIAN_POINT('',(4.,-6.78,1.375));
#3990 = LINE('',#3991,#3992);
#3991 = CARTESIAN_POINT('',(3.6,-6.78,1.375));
#3992 = VECTOR('',#3993,1.);
#3993 = DIRECTION('',(1.,1.110223024625E-16,0.));
#3994 = ORIENTED_EDGE('',*,*,#2139,.T.);
#3995 = ORIENTED_EDGE('',*,*,#3996,.T.);
#3996 = EDGE_CURVE('',#2132,#3997,#3999,.T.);
#3997 = VERTEX_POINT('',#3998);
#3998 = CARTESIAN_POINT('',(4.,-7.19,1.375));
#3999 = LINE('',#4000,#4001);
#4000 = CARTESIAN_POINT('',(3.6,-7.19,1.375));
#4001 = VECTOR('',#4002,1.);
#4002 = DIRECTION('',(1.,1.110223024625E-16,0.));
#4003 = ORIENTED_EDGE('',*,*,#4004,.F.);
#4004 = EDGE_CURVE('',#3988,#3997,#4005,.T.);
#4005 = LINE('',#4006,#4007);
#4006 = CARTESIAN_POINT('',(4.,-6.78,1.375));
#4007 = VECTOR('',#4008,1.);
#4008 = DIRECTION('',(1.110223024625E-16,-1.,0.));
#4009 = PLANE('',#4010);
#4010 = AXIS2_PLACEMENT_3D('',#4011,#4012,#4013);
#4011 = CARTESIAN_POINT('',(3.6,-6.78,1.375));
#4012 = DIRECTION('',(0.,0.,1.));
#4013 = DIRECTION('',(1.,1.110223024625E-16,-0.));
#4014 = ADVANCED_FACE('',(#4015),#4039,.F.);
#4015 = FACE_BOUND('',#4016,.F.);
#4016 = EDGE_LOOP('',(#4017,#4025,#4026,#4033));
#4017 = ORIENTED_EDGE('',*,*,#4018,.F.);
#4018 = EDGE_CURVE('',#2132,#4019,#4021,.T.);
#4019 = VERTEX_POINT('',#4020);
#4020 = CARTESIAN_POINT('',(3.75,-7.19,1.575));
#4021 = LINE('',#4022,#4023);
#4022 = CARTESIAN_POINT('',(3.75,-7.19,1.159317458569));
#4023 = VECTOR('',#4024,1.);
#4024 = DIRECTION('',(0.,0.,1.));
#4025 = ORIENTED_EDGE('',*,*,#2131,.T.);
#4026 = ORIENTED_EDGE('',*,*,#4027,.T.);
#4027 = EDGE_CURVE('',#2125,#4028,#4030,.T.);
#4028 = VERTEX_POINT('',#4029);
#4029 = CARTESIAN_POINT('',(3.75,-7.525,1.575));
#4030 = B_SPLINE_CURVE_WITH_KNOTS('',1,(#4031,#4032),.UNSPECIFIED.,.F.,
  .F.,(2,2),(0.,1.),.PIECEWISE_BEZIER_KNOTS.);
#4031 = CARTESIAN_POINT('',(3.75,-7.525,1.375));
#4032 = CARTESIAN_POINT('',(3.75,-7.525,1.575));
#4033 = ORIENTED_EDGE('',*,*,#4034,.F.);
#4034 = EDGE_CURVE('',#4019,#4028,#4035,.T.);
#4035 = LINE('',#4036,#4037);
#4036 = CARTESIAN_POINT('',(3.75,7.525,1.575));
#4037 = VECTOR('',#4038,1.);
#4038 = DIRECTION('',(1.110223024625E-16,-1.,0.));
#4039 = PLANE('',#4040);
#4040 = AXIS2_PLACEMENT_3D('',#4041,#4042,#4043);
#4041 = CARTESIAN_POINT('',(3.75,7.525,1.575));
#4042 = DIRECTION('',(-1.,-1.110223024625E-16,0.));
#4043 = DIRECTION('',(1.110223024625E-16,-1.,0.));
#4044 = ADVANCED_FACE('',(#4045),#4062,.F.);
#4045 = FACE_BOUND('',#4046,.F.);
#4046 = EDGE_LOOP('',(#4047,#4048,#4049,#4057));
#4047 = ORIENTED_EDGE('',*,*,#2340,.T.);
#4048 = ORIENTED_EDGE('',*,*,#2528,.T.);
#4049 = ORIENTED_EDGE('',*,*,#4050,.F.);
#4050 = EDGE_CURVE('',#4051,#2529,#4053,.T.);
#4051 = VERTEX_POINT('',#4052);
#4052 = CARTESIAN_POINT('',(-3.575,-7.7,1.575));
#4053 = LINE('',#4054,#4055);
#4054 = CARTESIAN_POINT('',(-3.575,-7.7,1.575));
#4055 = VECTOR('',#4056,1.);
#4056 = DIRECTION('',(-0.707106781187,0.707106781187,0.));
#4057 = ORIENTED_EDGE('',*,*,#4058,.F.);
#4058 = EDGE_CURVE('',#2341,#4051,#4059,.T.);
#4059 = B_SPLINE_CURVE_WITH_KNOTS('',1,(#4060,#4061),.UNSPECIFIED.,.F.,
  .F.,(2,2),(0.,1.),.PIECEWISE_BEZIER_KNOTS.);
#4060 = CARTESIAN_POINT('',(-3.575,-7.7,1.375));
#4061 = CARTESIAN_POINT('',(-3.575,-7.7,1.575));
#4062 = PLANE('',#4063);
#4063 = AXIS2_PLACEMENT_3D('',#4064,#4065,#4066);
#4064 = CARTESIAN_POINT('',(-3.575,-7.7,1.575));
#4065 = DIRECTION('',(0.707106781187,0.707106781187,0.));
#4066 = DIRECTION('',(-0.707106781187,0.707106781187,0.));
#4067 = ADVANCED_FACE('',(#4068),#4085,.F.);
#4068 = FACE_BOUND('',#4069,.F.);
#4069 = EDGE_LOOP('',(#4070,#4071,#4078,#4084));
#4070 = ORIENTED_EDGE('',*,*,#2369,.T.);
#4071 = ORIENTED_EDGE('',*,*,#4072,.T.);
#4072 = EDGE_CURVE('',#2363,#4073,#4075,.T.);
#4073 = VERTEX_POINT('',#4074);
#4074 = CARTESIAN_POINT('',(3.575,-7.7,1.575));
#4075 = B_SPLINE_CURVE_WITH_KNOTS('',1,(#4076,#4077),.UNSPECIFIED.,.F.,
  .F.,(2,2),(0.,1.),.PIECEWISE_BEZIER_KNOTS.);
#4076 = CARTESIAN_POINT('',(3.575,-7.7,1.375));
#4077 = CARTESIAN_POINT('',(3.575,-7.7,1.575));
#4078 = ORIENTED_EDGE('',*,*,#4079,.F.);
#4079 = EDGE_CURVE('',#4028,#4073,#4080,.T.);
#4080 = LINE('',#4081,#4082);
#4081 = CARTESIAN_POINT('',(3.75,-7.525,1.575));
#4082 = VECTOR('',#4083,1.);
#4083 = DIRECTION('',(-0.707106781187,-0.707106781187,0.));
#4084 = ORIENTED_EDGE('',*,*,#4027,.F.);
#4085 = PLANE('',#4086);
#4086 = AXIS2_PLACEMENT_3D('',#4087,#4088,#4089);
#4087 = CARTESIAN_POINT('',(3.75,-7.525,1.575));
#4088 = DIRECTION('',(-0.707106781187,0.707106781187,0.));
#4089 = DIRECTION('',(-0.707106781187,-0.707106781187,0.));
#4090 = ADVANCED_FACE('',(#4091),#4102,.F.);
#4091 = FACE_BOUND('',#4092,.F.);
#4092 = EDGE_LOOP('',(#4093,#4094,#4095,#4101));
#4093 = ORIENTED_EDGE('',*,*,#2386,.T.);
#4094 = ORIENTED_EDGE('',*,*,#4058,.T.);
#4095 = ORIENTED_EDGE('',*,*,#4096,.F.);
#4096 = EDGE_CURVE('',#4073,#4051,#4097,.T.);
#4097 = LINE('',#4098,#4099);
#4098 = CARTESIAN_POINT('',(3.575,-7.7,1.575));
#4099 = VECTOR('',#4100,1.);
#4100 = DIRECTION('',(-1.,-1.110223024625E-16,0.));
#4101 = ORIENTED_EDGE('',*,*,#4072,.F.);
#4102 = PLANE('',#4103);
#4103 = AXIS2_PLACEMENT_3D('',#4104,#4105,#4106);
#4104 = CARTESIAN_POINT('',(3.575,-7.7,1.575));
#4105 = DIRECTION('',(-1.110223024625E-16,1.,0.));
#4106 = DIRECTION('',(-1.,-1.110223024625E-16,0.));
#4107 = ADVANCED_FACE('',(#4108),#4147,.F.);
#4108 = FACE_BOUND('',#4109,.F.);
#4109 = EDGE_LOOP('',(#4110,#4118,#4126,#4132,#4133,#4141));
#4110 = ORIENTED_EDGE('',*,*,#4111,.F.);
#4111 = EDGE_CURVE('',#4112,#3219,#4114,.T.);
#4112 = VERTEX_POINT('',#4113);
#4113 = CARTESIAN_POINT('',(-4.,6.78,1.575));
#4114 = LINE('',#4115,#4116);
#4115 = CARTESIAN_POINT('',(-4.,6.78,1.575));
#4116 = VECTOR('',#4117,1.);
#4117 = DIRECTION('',(1.,-1.144237745222E-17,0.));
#4118 = ORIENTED_EDGE('',*,*,#4119,.T.);
#4119 = EDGE_CURVE('',#4112,#4120,#4122,.T.);
#4120 = VERTEX_POINT('',#4121);
#4121 = CARTESIAN_POINT('',(-4.,7.19,1.575));
#4122 = LINE('',#4123,#4124);
#4123 = CARTESIAN_POINT('',(-4.,6.78,1.575));
#4124 = VECTOR('',#4125,1.);
#4125 = DIRECTION('',(1.144237745222E-17,1.,0.));
#4126 = ORIENTED_EDGE('',*,*,#4127,.T.);
#4127 = EDGE_CURVE('',#4120,#2491,#4128,.T.);
#4128 = LINE('',#4129,#4130);
#4129 = CARTESIAN_POINT('',(-4.,7.19,1.575));
#4130 = VECTOR('',#4131,1.);
#4131 = DIRECTION('',(1.,-1.144237745222E-17,0.));
#4132 = ORIENTED_EDGE('',*,*,#2490,.T.);
#4133 = ORIENTED_EDGE('',*,*,#4134,.F.);
#4134 = EDGE_CURVE('',#4135,#2483,#4137,.T.);
#4135 = VERTEX_POINT('',#4136);
#4136 = CARTESIAN_POINT('',(-3.675,6.78,1.575));
#4137 = LINE('',#4138,#4139);
#4138 = CARTESIAN_POINT('',(-3.675,-7.4875,1.575));
#4139 = VECTOR('',#4140,1.);
#4140 = DIRECTION('',(-1.110223024625E-16,1.,0.));
#4141 = ORIENTED_EDGE('',*,*,#4142,.F.);
#4142 = EDGE_CURVE('',#3219,#4135,#4143,.T.);
#4143 = LINE('',#4144,#4145);
#4144 = CARTESIAN_POINT('',(-4.,6.78,1.575));
#4145 = VECTOR('',#4146,1.);
#4146 = DIRECTION('',(1.,-1.144237745222E-17,0.));
#4147 = PLANE('',#4148);
#4148 = AXIS2_PLACEMENT_3D('',#4149,#4150,#4151);
#4149 = CARTESIAN_POINT('',(-4.,6.78,1.575));
#4150 = DIRECTION('',(0.,0.,-1.));
#4151 = DIRECTION('',(1.,-1.144237745222E-17,0.));
#4152 = ADVANCED_FACE('',(#4153),#4361,.F.);
#4153 = FACE_BOUND('',#4154,.F.);
#4154 = EDGE_LOOP('',(#4155,#4165,#4173,#4181,#4189,#4197,#4205,#4213,
    #4221,#4229,#4237,#4245,#4253,#4261,#4269,#4277,#4285,#4293,#4301,
    #4309,#4317,#4325,#4333,#4339,#4340,#4341,#4348,#4356));
#4155 = ORIENTED_EDGE('',*,*,#4156,.T.);
#4156 = EDGE_CURVE('',#4157,#4159,#4161,.T.);
#4157 = VERTEX_POINT('',#4158);
#4158 = CARTESIAN_POINT('',(-3.675,-7.4875,1.575));
#4159 = VERTEX_POINT('',#4160);
#4160 = CARTESIAN_POINT('',(-3.675,-7.19,1.575));
#4161 = LINE('',#4162,#4163);
#4162 = CARTESIAN_POINT('',(-3.675,-7.4875,1.575));
#4163 = VECTOR('',#4164,1.);
#4164 = DIRECTION('',(-1.110223024625E-16,1.,0.));
#4165 = ORIENTED_EDGE('',*,*,#4166,.T.);
#4166 = EDGE_CURVE('',#4159,#4167,#4169,.T.);
#4167 = VERTEX_POINT('',#4168);
#4168 = CARTESIAN_POINT('',(-3.675,-6.78,1.575));
#4169 = LINE('',#4170,#4171);
#4170 = CARTESIAN_POINT('',(-3.675,-7.4875,1.575));
#4171 = VECTOR('',#4172,1.);
#4172 = DIRECTION('',(-1.110223024625E-16,1.,0.));
#4173 = ORIENTED_EDGE('',*,*,#4174,.T.);
#4174 = EDGE_CURVE('',#4167,#4175,#4177,.T.);
#4175 = VERTEX_POINT('',#4176);
#4176 = CARTESIAN_POINT('',(-3.675,-5.92,1.575));
#4177 = LINE('',#4178,#4179);
#4178 = CARTESIAN_POINT('',(-3.675,-7.4875,1.575));
#4179 = VECTOR('',#4180,1.);
#4180 = DIRECTION('',(-1.110223024625E-16,1.,0.));
#4181 = ORIENTED_EDGE('',*,*,#4182,.T.);
#4182 = EDGE_CURVE('',#4175,#4183,#4185,.T.);
#4183 = VERTEX_POINT('',#4184);
#4184 = CARTESIAN_POINT('',(-3.675,-5.51,1.575));
#4185 = LINE('',#4186,#4187);
#4186 = CARTESIAN_POINT('',(-3.675,-7.4875,1.575));
#4187 = VECTOR('',#4188,1.);
#4188 = DIRECTION('',(-1.110223024625E-16,1.,0.));
#4189 = ORIENTED_EDGE('',*,*,#4190,.T.);
#4190 = EDGE_CURVE('',#4183,#4191,#4193,.T.);
#4191 = VERTEX_POINT('',#4192);
#4192 = CARTESIAN_POINT('',(-3.675,-4.65,1.575));
#4193 = LINE('',#4194,#4195);
#4194 = CARTESIAN_POINT('',(-3.675,-7.4875,1.575));
#4195 = VECTOR('',#4196,1.);
#4196 = DIRECTION('',(-1.110223024625E-16,1.,0.));
#4197 = ORIENTED_EDGE('',*,*,#4198,.T.);
#4198 = EDGE_CURVE('',#4191,#4199,#4201,.T.);
#4199 = VERTEX_POINT('',#4200);
#4200 = CARTESIAN_POINT('',(-3.675,-4.24,1.575));
#4201 = LINE('',#4202,#4203);
#4202 = CARTESIAN_POINT('',(-3.675,-7.4875,1.575));
#4203 = VECTOR('',#4204,1.);
#4204 = DIRECTION('',(-1.110223024625E-16,1.,0.));
#4205 = ORIENTED_EDGE('',*,*,#4206,.T.);
#4206 = EDGE_CURVE('',#4199,#4207,#4209,.T.);
#4207 = VERTEX_POINT('',#4208);
#4208 = CARTESIAN_POINT('',(-3.675,-3.38,1.575));
#4209 = LINE('',#4210,#4211);
#4210 = CARTESIAN_POINT('',(-3.675,-7.4875,1.575));
#4211 = VECTOR('',#4212,1.);
#4212 = DIRECTION('',(-1.110223024625E-16,1.,0.));
#4213 = ORIENTED_EDGE('',*,*,#4214,.T.);
#4214 = EDGE_CURVE('',#4207,#4215,#4217,.T.);
#4215 = VERTEX_POINT('',#4216);
#4216 = CARTESIAN_POINT('',(-3.675,-2.97,1.575));
#4217 = LINE('',#4218,#4219);
#4218 = CARTESIAN_POINT('',(-3.675,-7.4875,1.575));
#4219 = VECTOR('',#4220,1.);
#4220 = DIRECTION('',(-1.110223024625E-16,1.,0.));
#4221 = ORIENTED_EDGE('',*,*,#4222,.T.);
#4222 = EDGE_CURVE('',#4215,#4223,#4225,.T.);
#4223 = VERTEX_POINT('',#4224);
#4224 = CARTESIAN_POINT('',(-3.675,-2.11,1.575));
#4225 = LINE('',#4226,#4227);
#4226 = CARTESIAN_POINT('',(-3.675,-7.4875,1.575));
#4227 = VECTOR('',#4228,1.);
#4228 = DIRECTION('',(-1.110223024625E-16,1.,0.));
#4229 = ORIENTED_EDGE('',*,*,#4230,.T.);
#4230 = EDGE_CURVE('',#4223,#4231,#4233,.T.);
#4231 = VERTEX_POINT('',#4232);
#4232 = CARTESIAN_POINT('',(-3.675,-1.7,1.575));
#4233 = LINE('',#4234,#4235);
#4234 = CARTESIAN_POINT('',(-3.675,-7.4875,1.575));
#4235 = VECTOR('',#4236,1.);
#4236 = DIRECTION('',(-1.110223024625E-16,1.,0.));
#4237 = ORIENTED_EDGE('',*,*,#4238,.T.);
#4238 = EDGE_CURVE('',#4231,#4239,#4241,.T.);
#4239 = VERTEX_POINT('',#4240);
#4240 = CARTESIAN_POINT('',(-3.675,-0.84,1.575));
#4241 = LINE('',#4242,#4243);
#4242 = CARTESIAN_POINT('',(-3.675,-7.4875,1.575));
#4243 = VECTOR('',#4244,1.);
#4244 = DIRECTION('',(-1.110223024625E-16,1.,0.));
#4245 = ORIENTED_EDGE('',*,*,#4246,.T.);
#4246 = EDGE_CURVE('',#4239,#4247,#4249,.T.);
#4247 = VERTEX_POINT('',#4248);
#4248 = CARTESIAN_POINT('',(-3.675,-0.43,1.575));
#4249 = LINE('',#4250,#4251);
#4250 = CARTESIAN_POINT('',(-3.675,-7.4875,1.575));
#4251 = VECTOR('',#4252,1.);
#4252 = DIRECTION('',(-1.110223024625E-16,1.,0.));
#4253 = ORIENTED_EDGE('',*,*,#4254,.T.);
#4254 = EDGE_CURVE('',#4247,#4255,#4257,.T.);
#4255 = VERTEX_POINT('',#4256);
#4256 = CARTESIAN_POINT('',(-3.675,0.43,1.575));
#4257 = LINE('',#4258,#4259);
#4258 = CARTESIAN_POINT('',(-3.675,-7.4875,1.575));
#4259 = VECTOR('',#4260,1.);
#4260 = DIRECTION('',(-1.110223024625E-16,1.,0.));
#4261 = ORIENTED_EDGE('',*,*,#4262,.T.);
#4262 = EDGE_CURVE('',#4255,#4263,#4265,.T.);
#4263 = VERTEX_POINT('',#4264);
#4264 = CARTESIAN_POINT('',(-3.675,0.84,1.575));
#4265 = LINE('',#4266,#4267);
#4266 = CARTESIAN_POINT('',(-3.675,-7.4875,1.575));
#4267 = VECTOR('',#4268,1.);
#4268 = DIRECTION('',(-1.110223024625E-16,1.,0.));
#4269 = ORIENTED_EDGE('',*,*,#4270,.T.);
#4270 = EDGE_CURVE('',#4263,#4271,#4273,.T.);
#4271 = VERTEX_POINT('',#4272);
#4272 = CARTESIAN_POINT('',(-3.675,1.7,1.575));
#4273 = LINE('',#4274,#4275);
#4274 = CARTESIAN_POINT('',(-3.675,-7.4875,1.575));
#4275 = VECTOR('',#4276,1.);
#4276 = DIRECTION('',(-1.110223024625E-16,1.,0.));
#4277 = ORIENTED_EDGE('',*,*,#4278,.T.);
#4278 = EDGE_CURVE('',#4271,#4279,#4281,.T.);
#4279 = VERTEX_POINT('',#4280);
#4280 = CARTESIAN_POINT('',(-3.675,2.11,1.575));
#4281 = LINE('',#4282,#4283);
#4282 = CARTESIAN_POINT('',(-3.675,-7.4875,1.575));
#4283 = VECTOR('',#4284,1.);
#4284 = DIRECTION('',(-1.110223024625E-16,1.,0.));
#4285 = ORIENTED_EDGE('',*,*,#4286,.T.);
#4286 = EDGE_CURVE('',#4279,#4287,#4289,.T.);
#4287 = VERTEX_POINT('',#4288);
#4288 = CARTESIAN_POINT('',(-3.675,2.97,1.575));
#4289 = LINE('',#4290,#4291);
#4290 = CARTESIAN_POINT('',(-3.675,-7.4875,1.575));
#4291 = VECTOR('',#4292,1.);
#4292 = DIRECTION('',(-1.110223024625E-16,1.,0.));
#4293 = ORIENTED_EDGE('',*,*,#4294,.T.);
#4294 = EDGE_CURVE('',#4287,#4295,#4297,.T.);
#4295 = VERTEX_POINT('',#4296);
#4296 = CARTESIAN_POINT('',(-3.675,3.38,1.575));
#4297 = LINE('',#4298,#4299);
#4298 = CARTESIAN_POINT('',(-3.675,-7.4875,1.575));
#4299 = VECTOR('',#4300,1.);
#4300 = DIRECTION('',(-1.110223024625E-16,1.,0.));
#4301 = ORIENTED_EDGE('',*,*,#4302,.T.);
#4302 = EDGE_CURVE('',#4295,#4303,#4305,.T.);
#4303 = VERTEX_POINT('',#4304);
#4304 = CARTESIAN_POINT('',(-3.675,4.24,1.575));
#4305 = LINE('',#4306,#4307);
#4306 = CARTESIAN_POINT('',(-3.675,-7.4875,1.575));
#4307 = VECTOR('',#4308,1.);
#4308 = DIRECTION('',(-1.110223024625E-16,1.,0.));
#4309 = ORIENTED_EDGE('',*,*,#4310,.T.);
#4310 = EDGE_CURVE('',#4303,#4311,#4313,.T.);
#4311 = VERTEX_POINT('',#4312);
#4312 = CARTESIAN_POINT('',(-3.675,4.65,1.575));
#4313 = LINE('',#4314,#4315);
#4314 = CARTESIAN_POINT('',(-3.675,-7.4875,1.575));
#4315 = VECTOR('',#4316,1.);
#4316 = DIRECTION('',(-1.110223024625E-16,1.,0.));
#4317 = ORIENTED_EDGE('',*,*,#4318,.T.);
#4318 = EDGE_CURVE('',#4311,#4319,#4321,.T.);
#4319 = VERTEX_POINT('',#4320);
#4320 = CARTESIAN_POINT('',(-3.675,5.51,1.575));
#4321 = LINE('',#4322,#4323);
#4322 = CARTESIAN_POINT('',(-3.675,-7.4875,1.575));
#4323 = VECTOR('',#4324,1.);
#4324 = DIRECTION('',(-1.110223024625E-16,1.,0.));
#4325 = ORIENTED_EDGE('',*,*,#4326,.T.);
#4326 = EDGE_CURVE('',#4319,#4327,#4329,.T.);
#4327 = VERTEX_POINT('',#4328);
#4328 = CARTESIAN_POINT('',(-3.675,5.92,1.575));
#4329 = LINE('',#4330,#4331);
#4330 = CARTESIAN_POINT('',(-3.675,-7.4875,1.575));
#4331 = VECTOR('',#4332,1.);
#4332 = DIRECTION('',(-1.110223024625E-16,1.,0.));
#4333 = ORIENTED_EDGE('',*,*,#4334,.T.);
#4334 = EDGE_CURVE('',#4327,#4135,#4335,.T.);
#4335 = LINE('',#4336,#4337);
#4336 = CARTESIAN_POINT('',(-3.675,-7.4875,1.575));
#4337 = VECTOR('',#4338,1.);
#4338 = DIRECTION('',(-1.110223024625E-16,1.,0.));
#4339 = ORIENTED_EDGE('',*,*,#4134,.T.);
#4340 = ORIENTED_EDGE('',*,*,#2482,.T.);
#4341 = ORIENTED_EDGE('',*,*,#4342,.T.);
#4342 = EDGE_CURVE('',#2475,#4343,#4345,.T.);
#4343 = VERTEX_POINT('',#4344);
#4344 = CARTESIAN_POINT('',(-3.488898282619,7.394449141309,2.75));
#4345 = B_SPLINE_CURVE_WITH_KNOTS('',1,(#4346,#4347),.UNSPECIFIED.,.F.,
  .F.,(2,2),(0.,1.),.PIECEWISE_BEZIER_KNOTS.);
#4346 = CARTESIAN_POINT('',(-3.675,7.4875,1.575));
#4347 = CARTESIAN_POINT('',(-3.488898282619,7.394449141309,2.75));
#4348 = ORIENTED_EDGE('',*,*,#4349,.F.);
#4349 = EDGE_CURVE('',#4350,#4343,#4352,.T.);
#4350 = VERTEX_POINT('',#4351);
#4351 = CARTESIAN_POINT('',(-3.488898282619,-7.394449141309,2.75));
#4352 = LINE('',#4353,#4354);
#4353 = CARTESIAN_POINT('',(-3.488898282619,-7.394449141309,2.75));
#4354 = VECTOR('',#4355,1.);
#4355 = DIRECTION('',(-1.110223024625E-16,1.,0.));
#4356 = ORIENTED_EDGE('',*,*,#4357,.F.);
#4357 = EDGE_CURVE('',#4157,#4350,#4358,.T.);
#4358 = B_SPLINE_CURVE_WITH_KNOTS('',1,(#4359,#4360),.UNSPECIFIED.,.F.,
  .F.,(2,2),(0.,1.),.PIECEWISE_BEZIER_KNOTS.);
#4359 = CARTESIAN_POINT('',(-3.675,-7.4875,1.575));
#4360 = CARTESIAN_POINT('',(-3.488898282619,-7.394449141309,2.75));
#4361 = B_SPLINE_SURFACE_WITH_KNOTS('',1,1,(
    (#4362,#4363)
    ,(#4364,#4365
    )),.UNSPECIFIED.,.F.,.F.,.F.,(2,2),(2,2),(0.,14.975),(0.,1.),
  .PIECEWISE_BEZIER_KNOTS.);
#4362 = CARTESIAN_POINT('',(-3.675,-7.4875,1.575));
#4363 = CARTESIAN_POINT('',(-3.488898282619,-7.394449141309,2.75));
#4364 = CARTESIAN_POINT('',(-3.675,7.4875,1.575));
#4365 = CARTESIAN_POINT('',(-3.488898282619,7.394449141309,2.75));
#4366 = ADVANCED_FACE('',(#4367),#4384,.F.);
#4367 = FACE_BOUND('',#4368,.F.);
#4368 = EDGE_LOOP('',(#4369,#4370,#4377,#4383));
#4369 = ORIENTED_EDGE('',*,*,#2474,.T.);
#4370 = ORIENTED_EDGE('',*,*,#4371,.T.);
#4371 = EDGE_CURVE('',#2467,#4372,#4374,.T.);
#4372 = VERTEX_POINT('',#4373);
#4373 = CARTESIAN_POINT('',(-3.444449141309,7.438898282619,2.75));
#4374 = B_SPLINE_CURVE_WITH_KNOTS('',1,(#4375,#4376),.UNSPECIFIED.,.F.,
  .F.,(2,2),(0.,1.),.PIECEWISE_BEZIER_KNOTS.);
#4375 = CARTESIAN_POINT('',(-3.5375,7.625,1.575));
#4376 = CARTESIAN_POINT('',(-3.444449141309,7.438898282619,2.75));
#4377 = ORIENTED_EDGE('',*,*,#4378,.F.);
#4378 = EDGE_CURVE('',#4343,#4372,#4379,.T.);
#4379 = LINE('',#4380,#4381);
#4380 = CARTESIAN_POINT('',(-3.488898282619,7.394449141309,2.75));
#4381 = VECTOR('',#4382,1.);
#4382 = DIRECTION('',(0.707106781187,0.707106781187,0.));
#4383 = ORIENTED_EDGE('',*,*,#4342,.F.);
#4384 = B_SPLINE_SURFACE_WITH_KNOTS('',1,1,(
    (#4385,#4386)
    ,(#4387,#4388
    )),.UNSPECIFIED.,.F.,.F.,.F.,(2,2),(2,2),(0.,0.194454364826),(0.,1.)
  ,.PIECEWISE_BEZIER_KNOTS.);
#4385 = CARTESIAN_POINT('',(-3.675,7.4875,1.575));
#4386 = CARTESIAN_POINT('',(-3.488898282619,7.394449141309,2.75));
#4387 = CARTESIAN_POINT('',(-3.5375,7.625,1.575));
#4388 = CARTESIAN_POINT('',(-3.444449141309,7.438898282619,2.75));
#4389 = ADVANCED_FACE('',(#4390),#4407,.F.);
#4390 = FACE_BOUND('',#4391,.F.);
#4391 = EDGE_LOOP('',(#4392,#4393,#4400,#4406));
#4392 = ORIENTED_EDGE('',*,*,#2466,.T.);
#4393 = ORIENTED_EDGE('',*,*,#4394,.T.);
#4394 = EDGE_CURVE('',#2459,#4395,#4397,.T.);
#4395 = VERTEX_POINT('',#4396);
#4396 = CARTESIAN_POINT('',(3.444449141309,7.438898282619,2.75));
#4397 = B_SPLINE_CURVE_WITH_KNOTS('',1,(#4398,#4399),.UNSPECIFIED.,.F.,
  .F.,(2,2),(0.,1.),.PIECEWISE_BEZIER_KNOTS.);
#4398 = CARTESIAN_POINT('',(3.5375,7.625,1.575));
#4399 = CARTESIAN_POINT('',(3.444449141309,7.438898282619,2.75));
#4400 = ORIENTED_EDGE('',*,*,#4401,.F.);
#4401 = EDGE_CURVE('',#4372,#4395,#4402,.T.);
#4402 = LINE('',#4403,#4404);
#4403 = CARTESIAN_POINT('',(-3.444449141309,7.438898282619,2.75));
#4404 = VECTOR('',#4405,1.);
#4405 = DIRECTION('',(1.,1.110223024625E-16,0.));
#4406 = ORIENTED_EDGE('',*,*,#4371,.F.);
#4407 = B_SPLINE_SURFACE_WITH_KNOTS('',1,1,(
    (#4408,#4409)
    ,(#4410,#4411
    )),.UNSPECIFIED.,.F.,.F.,.F.,(2,2),(2,2),(0.,7.075),(0.,1.),
  .PIECEWISE_BEZIER_KNOTS.);
#4408 = CARTESIAN_POINT('',(-3.5375,7.625,1.575));
#4409 = CARTESIAN_POINT('',(-3.444449141309,7.438898282619,2.75));
#4410 = CARTESIAN_POINT('',(3.5375,7.625,1.575));
#4411 = CARTESIAN_POINT('',(3.444449141309,7.438898282619,2.75));
#4412 = ADVANCED_FACE('',(#4413),#4430,.F.);
#4413 = FACE_BOUND('',#4414,.F.);
#4414 = EDGE_LOOP('',(#4415,#4416,#4423,#4429));
#4415 = ORIENTED_EDGE('',*,*,#2458,.T.);
#4416 = ORIENTED_EDGE('',*,*,#4417,.T.);
#4417 = EDGE_CURVE('',#2451,#4418,#4420,.T.);
#4418 = VERTEX_POINT('',#4419);
#4419 = CARTESIAN_POINT('',(3.488898282619,7.394449141309,2.75));
#4420 = B_SPLINE_CURVE_WITH_KNOTS('',1,(#4421,#4422),.UNSPECIFIED.,.F.,
  .F.,(2,2),(0.,1.),.PIECEWISE_BEZIER_KNOTS.);
#4421 = CARTESIAN_POINT('',(3.675,7.4875,1.575));
#4422 = CARTESIAN_POINT('',(3.488898282619,7.394449141309,2.75));
#4423 = ORIENTED_EDGE('',*,*,#4424,.F.);
#4424 = EDGE_CURVE('',#4395,#4418,#4425,.T.);
#4425 = LINE('',#4426,#4427);
#4426 = CARTESIAN_POINT('',(3.444449141309,7.438898282619,2.75));
#4427 = VECTOR('',#4428,1.);
#4428 = DIRECTION('',(0.707106781187,-0.707106781187,0.));
#4429 = ORIENTED_EDGE('',*,*,#4394,.F.);
#4430 = B_SPLINE_SURFACE_WITH_KNOTS('',1,1,(
    (#4431,#4432)
    ,(#4433,#4434
    )),.UNSPECIFIED.,.F.,.F.,.F.,(2,2),(2,2),(0.,0.194454364826),(0.,1.)
  ,.PIECEWISE_BEZIER_KNOTS.);
#4431 = CARTESIAN_POINT('',(3.5375,7.625,1.575));
#4432 = CARTESIAN_POINT('',(3.444449141309,7.438898282619,2.75));
#4433 = CARTESIAN_POINT('',(3.675,7.4875,1.575));
#4434 = CARTESIAN_POINT('',(3.488898282619,7.394449141309,2.75));
#4435 = ADVANCED_FACE('',(#4436),#4645,.F.);
#4436 = FACE_BOUND('',#4437,.F.);
#4437 = EDGE_LOOP('',(#4438,#4439,#4447,#4455,#4463,#4471,#4479,#4487,
    #4495,#4503,#4511,#4519,#4527,#4535,#4543,#4551,#4559,#4567,#4575,
    #4583,#4591,#4599,#4607,#4615,#4623,#4631,#4638,#4644));
#4438 = ORIENTED_EDGE('',*,*,#2450,.T.);
#4439 = ORIENTED_EDGE('',*,*,#4440,.T.);
#4440 = EDGE_CURVE('',#2443,#4441,#4443,.T.);
#4441 = VERTEX_POINT('',#4442);
#4442 = CARTESIAN_POINT('',(3.675,6.78,1.575));
#4443 = LINE('',#4444,#4445);
#4444 = CARTESIAN_POINT('',(3.675,7.4875,1.575));
#4445 = VECTOR('',#4446,1.);
#4446 = DIRECTION('',(1.110223024625E-16,-1.,0.));
#4447 = ORIENTED_EDGE('',*,*,#4448,.T.);
#4448 = EDGE_CURVE('',#4441,#4449,#4451,.T.);
#4449 = VERTEX_POINT('',#4450);
#4450 = CARTESIAN_POINT('',(3.675,5.92,1.575));
#4451 = LINE('',#4452,#4453);
#4452 = CARTESIAN_POINT('',(3.675,7.4875,1.575));
#4453 = VECTOR('',#4454,1.);
#4454 = DIRECTION('',(1.110223024625E-16,-1.,0.));
#4455 = ORIENTED_EDGE('',*,*,#4456,.T.);
#4456 = EDGE_CURVE('',#4449,#4457,#4459,.T.);
#4457 = VERTEX_POINT('',#4458);
#4458 = CARTESIAN_POINT('',(3.675,5.51,1.575));
#4459 = LINE('',#4460,#4461);
#4460 = CARTESIAN_POINT('',(3.675,7.4875,1.575));
#4461 = VECTOR('',#4462,1.);
#4462 = DIRECTION('',(1.110223024625E-16,-1.,0.));
#4463 = ORIENTED_EDGE('',*,*,#4464,.T.);
#4464 = EDGE_CURVE('',#4457,#4465,#4467,.T.);
#4465 = VERTEX_POINT('',#4466);
#4466 = CARTESIAN_POINT('',(3.675,4.65,1.575));
#4467 = LINE('',#4468,#4469);
#4468 = CARTESIAN_POINT('',(3.675,7.4875,1.575));
#4469 = VECTOR('',#4470,1.);
#4470 = DIRECTION('',(1.110223024625E-16,-1.,0.));
#4471 = ORIENTED_EDGE('',*,*,#4472,.T.);
#4472 = EDGE_CURVE('',#4465,#4473,#4475,.T.);
#4473 = VERTEX_POINT('',#4474);
#4474 = CARTESIAN_POINT('',(3.675,4.24,1.575));
#4475 = LINE('',#4476,#4477);
#4476 = CARTESIAN_POINT('',(3.675,7.4875,1.575));
#4477 = VECTOR('',#4478,1.);
#4478 = DIRECTION('',(1.110223024625E-16,-1.,0.));
#4479 = ORIENTED_EDGE('',*,*,#4480,.T.);
#4480 = EDGE_CURVE('',#4473,#4481,#4483,.T.);
#4481 = VERTEX_POINT('',#4482);
#4482 = CARTESIAN_POINT('',(3.675,3.38,1.575));
#4483 = LINE('',#4484,#4485);
#4484 = CARTESIAN_POINT('',(3.675,7.4875,1.575));
#4485 = VECTOR('',#4486,1.);
#4486 = DIRECTION('',(1.110223024625E-16,-1.,0.));
#4487 = ORIENTED_EDGE('',*,*,#4488,.T.);
#4488 = EDGE_CURVE('',#4481,#4489,#4491,.T.);
#4489 = VERTEX_POINT('',#4490);
#4490 = CARTESIAN_POINT('',(3.675,2.97,1.575));
#4491 = LINE('',#4492,#4493);
#4492 = CARTESIAN_POINT('',(3.675,7.4875,1.575));
#4493 = VECTOR('',#4494,1.);
#4494 = DIRECTION('',(1.110223024625E-16,-1.,0.));
#4495 = ORIENTED_EDGE('',*,*,#4496,.T.);
#4496 = EDGE_CURVE('',#4489,#4497,#4499,.T.);
#4497 = VERTEX_POINT('',#4498);
#4498 = CARTESIAN_POINT('',(3.675,2.11,1.575));
#4499 = LINE('',#4500,#4501);
#4500 = CARTESIAN_POINT('',(3.675,7.4875,1.575));
#4501 = VECTOR('',#4502,1.);
#4502 = DIRECTION('',(1.110223024625E-16,-1.,0.));
#4503 = ORIENTED_EDGE('',*,*,#4504,.T.);
#4504 = EDGE_CURVE('',#4497,#4505,#4507,.T.);
#4505 = VERTEX_POINT('',#4506);
#4506 = CARTESIAN_POINT('',(3.675,1.7,1.575));
#4507 = LINE('',#4508,#4509);
#4508 = CARTESIAN_POINT('',(3.675,7.4875,1.575));
#4509 = VECTOR('',#4510,1.);
#4510 = DIRECTION('',(1.110223024625E-16,-1.,0.));
#4511 = ORIENTED_EDGE('',*,*,#4512,.T.);
#4512 = EDGE_CURVE('',#4505,#4513,#4515,.T.);
#4513 = VERTEX_POINT('',#4514);
#4514 = CARTESIAN_POINT('',(3.675,0.84,1.575));
#4515 = LINE('',#4516,#4517);
#4516 = CARTESIAN_POINT('',(3.675,7.4875,1.575));
#4517 = VECTOR('',#4518,1.);
#4518 = DIRECTION('',(1.110223024625E-16,-1.,0.));
#4519 = ORIENTED_EDGE('',*,*,#4520,.T.);
#4520 = EDGE_CURVE('',#4513,#4521,#4523,.T.);
#4521 = VERTEX_POINT('',#4522);
#4522 = CARTESIAN_POINT('',(3.675,0.43,1.575));
#4523 = LINE('',#4524,#4525);
#4524 = CARTESIAN_POINT('',(3.675,7.4875,1.575));
#4525 = VECTOR('',#4526,1.);
#4526 = DIRECTION('',(1.110223024625E-16,-1.,0.));
#4527 = ORIENTED_EDGE('',*,*,#4528,.T.);
#4528 = EDGE_CURVE('',#4521,#4529,#4531,.T.);
#4529 = VERTEX_POINT('',#4530);
#4530 = CARTESIAN_POINT('',(3.675,-0.43,1.575));
#4531 = LINE('',#4532,#4533);
#4532 = CARTESIAN_POINT('',(3.675,7.4875,1.575));
#4533 = VECTOR('',#4534,1.);
#4534 = DIRECTION('',(1.110223024625E-16,-1.,0.));
#4535 = ORIENTED_EDGE('',*,*,#4536,.T.);
#4536 = EDGE_CURVE('',#4529,#4537,#4539,.T.);
#4537 = VERTEX_POINT('',#4538);
#4538 = CARTESIAN_POINT('',(3.675,-0.84,1.575));
#4539 = LINE('',#4540,#4541);
#4540 = CARTESIAN_POINT('',(3.675,7.4875,1.575));
#4541 = VECTOR('',#4542,1.);
#4542 = DIRECTION('',(1.110223024625E-16,-1.,0.));
#4543 = ORIENTED_EDGE('',*,*,#4544,.T.);
#4544 = EDGE_CURVE('',#4537,#4545,#4547,.T.);
#4545 = VERTEX_POINT('',#4546);
#4546 = CARTESIAN_POINT('',(3.675,-1.7,1.575));
#4547 = LINE('',#4548,#4549);
#4548 = CARTESIAN_POINT('',(3.675,7.4875,1.575));
#4549 = VECTOR('',#4550,1.);
#4550 = DIRECTION('',(1.110223024625E-16,-1.,0.));
#4551 = ORIENTED_EDGE('',*,*,#4552,.T.);
#4552 = EDGE_CURVE('',#4545,#4553,#4555,.T.);
#4553 = VERTEX_POINT('',#4554);
#4554 = CARTESIAN_POINT('',(3.675,-2.11,1.575));
#4555 = LINE('',#4556,#4557);
#4556 = CARTESIAN_POINT('',(3.675,7.4875,1.575));
#4557 = VECTOR('',#4558,1.);
#4558 = DIRECTION('',(1.110223024625E-16,-1.,0.));
#4559 = ORIENTED_EDGE('',*,*,#4560,.T.);
#4560 = EDGE_CURVE('',#4553,#4561,#4563,.T.);
#4561 = VERTEX_POINT('',#4562);
#4562 = CARTESIAN_POINT('',(3.675,-2.97,1.575));
#4563 = LINE('',#4564,#4565);
#4564 = CARTESIAN_POINT('',(3.675,7.4875,1.575));
#4565 = VECTOR('',#4566,1.);
#4566 = DIRECTION('',(1.110223024625E-16,-1.,0.));
#4567 = ORIENTED_EDGE('',*,*,#4568,.T.);
#4568 = EDGE_CURVE('',#4561,#4569,#4571,.T.);
#4569 = VERTEX_POINT('',#4570);
#4570 = CARTESIAN_POINT('',(3.675,-3.38,1.575));
#4571 = LINE('',#4572,#4573);
#4572 = CARTESIAN_POINT('',(3.675,7.4875,1.575));
#4573 = VECTOR('',#4574,1.);
#4574 = DIRECTION('',(1.110223024625E-16,-1.,0.));
#4575 = ORIENTED_EDGE('',*,*,#4576,.T.);
#4576 = EDGE_CURVE('',#4569,#4577,#4579,.T.);
#4577 = VERTEX_POINT('',#4578);
#4578 = CARTESIAN_POINT('',(3.675,-4.24,1.575));
#4579 = LINE('',#4580,#4581);
#4580 = CARTESIAN_POINT('',(3.675,7.4875,1.575));
#4581 = VECTOR('',#4582,1.);
#4582 = DIRECTION('',(1.110223024625E-16,-1.,0.));
#4583 = ORIENTED_EDGE('',*,*,#4584,.T.);
#4584 = EDGE_CURVE('',#4577,#4585,#4587,.T.);
#4585 = VERTEX_POINT('',#4586);
#4586 = CARTESIAN_POINT('',(3.675,-4.65,1.575));
#4587 = LINE('',#4588,#4589);
#4588 = CARTESIAN_POINT('',(3.675,7.4875,1.575));
#4589 = VECTOR('',#4590,1.);
#4590 = DIRECTION('',(1.110223024625E-16,-1.,0.));
#4591 = ORIENTED_EDGE('',*,*,#4592,.T.);
#4592 = EDGE_CURVE('',#4585,#4593,#4595,.T.);
#4593 = VERTEX_POINT('',#4594);
#4594 = CARTESIAN_POINT('',(3.675,-5.51,1.575));
#4595 = LINE('',#4596,#4597);
#4596 = CARTESIAN_POINT('',(3.675,7.4875,1.575));
#4597 = VECTOR('',#4598,1.);
#4598 = DIRECTION('',(1.110223024625E-16,-1.,0.));
#4599 = ORIENTED_EDGE('',*,*,#4600,.T.);
#4600 = EDGE_CURVE('',#4593,#4601,#4603,.T.);
#4601 = VERTEX_POINT('',#4602);
#4602 = CARTESIAN_POINT('',(3.675,-5.92,1.575));
#4603 = LINE('',#4604,#4605);
#4604 = CARTESIAN_POINT('',(3.675,7.4875,1.575));
#4605 = VECTOR('',#4606,1.);
#4606 = DIRECTION('',(1.110223024625E-16,-1.,0.));
#4607 = ORIENTED_EDGE('',*,*,#4608,.T.);
#4608 = EDGE_CURVE('',#4601,#4609,#4611,.T.);
#4609 = VERTEX_POINT('',#4610);
#4610 = CARTESIAN_POINT('',(3.675,-6.78,1.575));
#4611 = LINE('',#4612,#4613);
#4612 = CARTESIAN_POINT('',(3.675,7.4875,1.575));
#4613 = VECTOR('',#4614,1.);
#4614 = DIRECTION('',(1.110223024625E-16,-1.,0.));
#4615 = ORIENTED_EDGE('',*,*,#4616,.T.);
#4616 = EDGE_CURVE('',#4609,#4617,#4619,.T.);
#4617 = VERTEX_POINT('',#4618);
#4618 = CARTESIAN_POINT('',(3.675,-7.19,1.575));
#4619 = LINE('',#4620,#4621);
#4620 = CARTESIAN_POINT('',(3.675,7.4875,1.575));
#4621 = VECTOR('',#4622,1.);
#4622 = DIRECTION('',(1.110223024625E-16,-1.,0.));
#4623 = ORIENTED_EDGE('',*,*,#4624,.T.);
#4624 = EDGE_CURVE('',#4617,#4625,#4627,.T.);
#4625 = VERTEX_POINT('',#4626);
#4626 = CARTESIAN_POINT('',(3.675,-7.4875,1.575));
#4627 = LINE('',#4628,#4629);
#4628 = CARTESIAN_POINT('',(3.675,7.4875,1.575));
#4629 = VECTOR('',#4630,1.);
#4630 = DIRECTION('',(1.110223024625E-16,-1.,0.));
#4631 = ORIENTED_EDGE('',*,*,#4632,.T.);
#4632 = EDGE_CURVE('',#4625,#4633,#4635,.T.);
#4633 = VERTEX_POINT('',#4634);
#4634 = CARTESIAN_POINT('',(3.488898282619,-7.394449141309,2.75));
#4635 = B_SPLINE_CURVE_WITH_KNOTS('',1,(#4636,#4637),.UNSPECIFIED.,.F.,
  .F.,(2,2),(0.,1.),.PIECEWISE_BEZIER_KNOTS.);
#4636 = CARTESIAN_POINT('',(3.675,-7.4875,1.575));
#4637 = CARTESIAN_POINT('',(3.488898282619,-7.394449141309,2.75));
#4638 = ORIENTED_EDGE('',*,*,#4639,.F.);
#4639 = EDGE_CURVE('',#4418,#4633,#4640,.T.);
#4640 = LINE('',#4641,#4642);
#4641 = CARTESIAN_POINT('',(3.488898282619,7.394449141309,2.75));
#4642 = VECTOR('',#4643,1.);
#4643 = DIRECTION('',(1.110223024625E-16,-1.,0.));
#4644 = ORIENTED_EDGE('',*,*,#4417,.F.);
#4645 = B_SPLINE_SURFACE_WITH_KNOTS('',1,1,(
    (#4646,#4647)
    ,(#4648,#4649
    )),.UNSPECIFIED.,.F.,.F.,.F.,(2,2),(2,2),(0.,14.975),(0.,1.),
  .PIECEWISE_BEZIER_KNOTS.);
#4646 = CARTESIAN_POINT('',(3.675,7.4875,1.575));
#4647 = CARTESIAN_POINT('',(3.488898282619,7.394449141309,2.75));
#4648 = CARTESIAN_POINT('',(3.675,-7.4875,1.575));
#4649 = CARTESIAN_POINT('',(3.488898282619,-7.394449141309,2.75));
#4650 = ADVANCED_FACE('',(#4651),#4683,.F.);
#4651 = FACE_BOUND('',#4652,.F.);
#4652 = EDGE_LOOP('',(#4653,#4661,#4669,#4675,#4681,#4682));
#4653 = ORIENTED_EDGE('',*,*,#4654,.F.);
#4654 = EDGE_CURVE('',#4655,#2435,#4657,.T.);
#4655 = VERTEX_POINT('',#4656);
#4656 = CARTESIAN_POINT('',(4.,7.19,1.575));
#4657 = LINE('',#4658,#4659);
#4658 = CARTESIAN_POINT('',(4.,7.19,1.575));
#4659 = VECTOR('',#4660,1.);
#4660 = DIRECTION('',(-1.,-1.110223024625E-16,0.));
#4661 = ORIENTED_EDGE('',*,*,#4662,.T.);
#4662 = EDGE_CURVE('',#4655,#4663,#4665,.T.);
#4663 = VERTEX_POINT('',#4664);
#4664 = CARTESIAN_POINT('',(4.,6.78,1.575));
#4665 = LINE('',#4666,#4667);
#4666 = CARTESIAN_POINT('',(4.,7.19,1.575));
#4667 = VECTOR('',#4668,1.);
#4668 = DIRECTION('',(1.110223024625E-16,-1.,0.));
#4669 = ORIENTED_EDGE('',*,*,#4670,.T.);
#4670 = EDGE_CURVE('',#4663,#3337,#4671,.T.);
#4671 = LINE('',#4672,#4673);
#4672 = CARTESIAN_POINT('',(4.,6.78,1.575));
#4673 = VECTOR('',#4674,1.);
#4674 = DIRECTION('',(-1.,-1.110223024625E-16,0.));
#4675 = ORIENTED_EDGE('',*,*,#4676,.T.);
#4676 = EDGE_CURVE('',#3337,#4441,#4677,.T.);
#4677 = LINE('',#4678,#4679);
#4678 = CARTESIAN_POINT('',(4.,6.78,1.575));
#4679 = VECTOR('',#4680,1.);
#4680 = DIRECTION('',(-1.,-1.110223024625E-16,0.));
#4681 = ORIENTED_EDGE('',*,*,#4440,.F.);
#4682 = ORIENTED_EDGE('',*,*,#2442,.F.);
#4683 = PLANE('',#4684);
#4684 = AXIS2_PLACEMENT_3D('',#4685,#4686,#4687);
#4685 = CARTESIAN_POINT('',(4.,7.19,1.575));
#4686 = DIRECTION('',(0.,0.,-1.));
#4687 = DIRECTION('',(-1.,-1.110223024625E-16,-0.));
#4688 = ADVANCED_FACE('',(#4689),#4732,.F.);
#4689 = FACE_BOUND('',#4690,.F.);
#4690 = EDGE_LOOP('',(#4691,#4692,#4698,#4699,#4707,#4715,#4721,#4722,
    #4728,#4729,#4730,#4731));
#4691 = ORIENTED_EDGE('',*,*,#2544,.T.);
#4692 = ORIENTED_EDGE('',*,*,#4693,.T.);
#4693 = EDGE_CURVE('',#2537,#4159,#4694,.T.);
#4694 = LINE('',#4695,#4696);
#4695 = CARTESIAN_POINT('',(-4.,-7.19,1.575));
#4696 = VECTOR('',#4697,1.);
#4697 = DIRECTION('',(1.,-1.144237745222E-17,0.));
#4698 = ORIENTED_EDGE('',*,*,#4156,.F.);
#4699 = ORIENTED_EDGE('',*,*,#4700,.F.);
#4700 = EDGE_CURVE('',#4701,#4157,#4703,.T.);
#4701 = VERTEX_POINT('',#4702);
#4702 = CARTESIAN_POINT('',(-3.5375,-7.625,1.575));
#4703 = LINE('',#4704,#4705);
#4704 = CARTESIAN_POINT('',(-3.5375,-7.625,1.575));
#4705 = VECTOR('',#4706,1.);
#4706 = DIRECTION('',(-0.707106781187,0.707106781187,0.));
#4707 = ORIENTED_EDGE('',*,*,#4708,.F.);
#4708 = EDGE_CURVE('',#4709,#4701,#4711,.T.);
#4709 = VERTEX_POINT('',#4710);
#4710 = CARTESIAN_POINT('',(3.5375,-7.625,1.575));
#4711 = LINE('',#4712,#4713);
#4712 = CARTESIAN_POINT('',(3.5375,-7.625,1.575));
#4713 = VECTOR('',#4714,1.);
#4714 = DIRECTION('',(-1.,-1.110223024625E-16,0.));
#4715 = ORIENTED_EDGE('',*,*,#4716,.F.);
#4716 = EDGE_CURVE('',#4625,#4709,#4717,.T.);
#4717 = LINE('',#4718,#4719);
#4718 = CARTESIAN_POINT('',(3.675,-7.4875,1.575));
#4719 = VECTOR('',#4720,1.);
#4720 = DIRECTION('',(-0.707106781187,-0.707106781187,0.));
#4721 = ORIENTED_EDGE('',*,*,#4624,.F.);
#4722 = ORIENTED_EDGE('',*,*,#4723,.F.);
#4723 = EDGE_CURVE('',#4019,#4617,#4724,.T.);
#4724 = LINE('',#4725,#4726);
#4725 = CARTESIAN_POINT('',(4.,-7.19,1.575));
#4726 = VECTOR('',#4727,1.);
#4727 = DIRECTION('',(-1.,-1.110223024625E-16,0.));
#4728 = ORIENTED_EDGE('',*,*,#4034,.T.);
#4729 = ORIENTED_EDGE('',*,*,#4079,.T.);
#4730 = ORIENTED_EDGE('',*,*,#4096,.T.);
#4731 = ORIENTED_EDGE('',*,*,#4050,.T.);
#4732 = PLANE('',#4733);
#4733 = AXIS2_PLACEMENT_3D('',#4734,#4735,#4736);
#4734 = CARTESIAN_POINT('',(-6.818810897008E-16,7.6625,1.575));
#4735 = DIRECTION('',(1.36606555458E-31,1.361853537021E-27,-1.));
#4736 = DIRECTION('',(1.,1.109316052857E-16,1.366065554582E-31));
#4737 = ADVANCED_FACE('',(#4738),#4824,.F.);
#4738 = FACE_BOUND('',#4739,.F.);
#4739 = EDGE_LOOP('',(#4740,#4741,#4742,#4751,#4759,#4768,#4776,#4784,
    #4792,#4801,#4809,#4818));
#4740 = ORIENTED_EDGE('',*,*,#2536,.F.);
#4741 = ORIENTED_EDGE('',*,*,#2558,.T.);
#4742 = ORIENTED_EDGE('',*,*,#4743,.T.);
#4743 = EDGE_CURVE('',#2559,#4744,#4746,.T.);
#4744 = VERTEX_POINT('',#4745);
#4745 = CARTESIAN_POINT('',(-4.098480775301,-7.19,1.292364817767));
#4746 = CIRCLE('',#4747,0.1);
#4747 = AXIS2_PLACEMENT_3D('',#4748,#4749,#4750);
#4748 = CARTESIAN_POINT('',(-4.,-7.19,1.275));
#4749 = DIRECTION('',(-1.144237745222E-17,-1.,6.568586551523E-47));
#4750 = DIRECTION('',(8.881784197001E-15,-1.016287272312E-31,1.));
#4751 = ORIENTED_EDGE('',*,*,#4752,.T.);
#4752 = EDGE_CURVE('',#4744,#4753,#4755,.T.);
#4753 = VERTEX_POINT('',#4754);
#4754 = CARTESIAN_POINT('',(-4.276476480287,-7.19,0.2479055467));
#4755 = LINE('',#4756,#4757);
#4756 = CARTESIAN_POINT('',(-4.098480775301,-7.19,1.292364817767));
#4757 = VECTOR('',#4758,1.);
#4758 = DIRECTION('',(-0.167996923731,1.922284212135E-18,-0.985787519508
    ));
#4759 = ORIENTED_EDGE('',*,*,#4760,.T.);
#4760 = EDGE_CURVE('',#4753,#4761,#4763,.T.);
#4761 = VERTEX_POINT('',#4762);
#4762 = CARTESIAN_POINT('',(-4.571918806191,-7.19,-2.22044604925E-16));
#4763 = CIRCLE('',#4764,0.3);
#4764 = AXIS2_PLACEMENT_3D('',#4765,#4766,#4767);
#4765 = CARTESIAN_POINT('',(-4.571918806191,-7.19,0.3));
#4766 = DIRECTION('',(1.144237745222E-17,1.,0.));
#4767 = DIRECTION('',(0.984807753012,-1.126854202784E-17,-0.173648177667
    ));
#4768 = ORIENTED_EDGE('',*,*,#4769,.T.);
#4769 = EDGE_CURVE('',#4761,#4770,#4772,.T.);
#4770 = VERTEX_POINT('',#4771);
#4771 = CARTESIAN_POINT('',(-5.15,-7.19,-2.22044604925E-16));
#4772 = LINE('',#4773,#4774);
#4773 = CARTESIAN_POINT('',(-4.571918806191,-7.19,-2.22044604925E-16));
#4774 = VECTOR('',#4775,1.);
#4775 = DIRECTION('',(-1.,1.144237745222E-17,0.));
#4776 = ORIENTED_EDGE('',*,*,#4777,.T.);
#4777 = EDGE_CURVE('',#4770,#4778,#4780,.T.);
#4778 = VERTEX_POINT('',#4779);
#4779 = CARTESIAN_POINT('',(-5.15,-7.19,0.2));
#4780 = LINE('',#4781,#4782);
#4781 = CARTESIAN_POINT('',(-5.15,-7.19,-2.22044604925E-16));
#4782 = VECTOR('',#4783,1.);
#4783 = DIRECTION('',(0.,0.,1.));
#4784 = ORIENTED_EDGE('',*,*,#4785,.T.);
#4785 = EDGE_CURVE('',#4778,#4786,#4788,.T.);
#4786 = VERTEX_POINT('',#4787);
#4787 = CARTESIAN_POINT('',(-4.571918806191,-7.19,0.2));
#4788 = LINE('',#4789,#4790);
#4789 = CARTESIAN_POINT('',(-5.15,-7.19,0.2));
#4790 = VECTOR('',#4791,1.);
#4791 = DIRECTION('',(1.,-1.144237745222E-17,0.));
#4792 = ORIENTED_EDGE('',*,*,#4793,.T.);
#4793 = EDGE_CURVE('',#4786,#4794,#4796,.T.);
#4794 = VERTEX_POINT('',#4795);
#4795 = CARTESIAN_POINT('',(-4.47343803089,-7.19,0.282635182233));
#4796 = CIRCLE('',#4797,0.1);
#4797 = AXIS2_PLACEMENT_3D('',#4798,#4799,#4800);
#4798 = CARTESIAN_POINT('',(-4.571918806191,-7.19,0.3));
#4799 = DIRECTION('',(-1.144237745222E-17,-1.,2.189528850508E-47));
#4800 = DIRECTION('',(-8.881784197001E-15,1.016287272312E-31,-1.));
#4801 = ORIENTED_EDGE('',*,*,#4802,.T.);
#4802 = EDGE_CURVE('',#4794,#4803,#4805,.T.);
#4803 = VERTEX_POINT('',#4804);
#4804 = CARTESIAN_POINT('',(-4.295442325904,-7.19,1.3270944533));
#4805 = LINE('',#4806,#4807);
#4806 = CARTESIAN_POINT('',(-4.47343803089,-7.19,0.282635182233));
#4807 = VECTOR('',#4808,1.);
#4808 = DIRECTION('',(0.167996923731,-1.922284212135E-18,0.985787519508)
  );
#4809 = ORIENTED_EDGE('',*,*,#4810,.T.);
#4810 = EDGE_CURVE('',#4803,#4811,#4813,.T.);
#4811 = VERTEX_POINT('',#4812);
#4812 = CARTESIAN_POINT('',(-4.,-7.19,1.575));
#4813 = CIRCLE('',#4814,0.3);
#4814 = AXIS2_PLACEMENT_3D('',#4815,#4816,#4817);
#4815 = CARTESIAN_POINT('',(-4.,-7.19,1.275));
#4816 = DIRECTION('',(1.144237745222E-17,1.,7.703719777549E-34));
#4817 = DIRECTION('',(-0.984807753012,1.126854202784E-17,0.173648177667)
  );
#4818 = ORIENTED_EDGE('',*,*,#4819,.T.);
#4819 = EDGE_CURVE('',#4811,#2537,#4820,.T.);
#4820 = LINE('',#4821,#4822);
#4821 = CARTESIAN_POINT('',(-4.,-7.19,1.575));
#4822 = VECTOR('',#4823,1.);
#4823 = DIRECTION('',(1.,-1.144237745222E-17,0.));
#4824 = PLANE('',#4825);
#4825 = AXIS2_PLACEMENT_3D('',#4826,#4827,#4828);
#4826 = CARTESIAN_POINT('',(-4.341787690374,-7.19,0.743634917138));
#4827 = DIRECTION('',(1.144237745222E-17,1.,0.));
#4828 = DIRECTION('',(0.,-0.,1.));
#4829 = ADVANCED_FACE('',(#4830),#4849,.F.);
#4830 = FACE_BOUND('',#4831,.F.);
#4831 = EDGE_LOOP('',(#4832,#4833,#4842,#4848));
#4832 = ORIENTED_EDGE('',*,*,#2575,.T.);
#4833 = ORIENTED_EDGE('',*,*,#4834,.T.);
#4834 = EDGE_CURVE('',#2568,#4835,#4837,.T.);
#4835 = VERTEX_POINT('',#4836);
#4836 = CARTESIAN_POINT('',(-4.098480775301,-6.78,1.292364817767));
#4837 = CIRCLE('',#4838,0.1);
#4838 = AXIS2_PLACEMENT_3D('',#4839,#4840,#4841);
#4839 = CARTESIAN_POINT('',(-4.,-6.78,1.275));
#4840 = DIRECTION('',(-1.144237745222E-17,-1.,6.568586551523E-47));
#4841 = DIRECTION('',(8.881784197001E-15,-1.016287272312E-31,1.));
#4842 = ORIENTED_EDGE('',*,*,#4843,.F.);
#4843 = EDGE_CURVE('',#4744,#4835,#4844,.T.);
#4844 = LINE('',#4845,#4846);
#4845 = CARTESIAN_POINT('',(-4.098480775301,-7.19,1.292364817767));
#4846 = VECTOR('',#4847,1.);
#4847 = DIRECTION('',(1.144237745222E-17,1.,0.));
#4848 = ORIENTED_EDGE('',*,*,#4743,.F.);
#4849 = CYLINDRICAL_SURFACE('',#4850,0.1);
#4850 = AXIS2_PLACEMENT_3D('',#4851,#4852,#4853);
#4851 = CARTESIAN_POINT('',(-4.,-7.19,1.275));
#4852 = DIRECTION('',(-1.144237745222E-17,-1.,0.));
#4853 = DIRECTION('',(8.881784197001E-15,-1.016287272312E-31,1.));
#4854 = ADVANCED_FACE('',(#4855),#4933,.T.);
#4855 = FACE_BOUND('',#4856,.T.);
#4856 = EDGE_LOOP('',(#4857,#4858,#4859,#4860,#4868,#4877,#4885,#4893,
    #4901,#4910,#4918,#4927));
#4857 = ORIENTED_EDGE('',*,*,#2589,.F.);
#4858 = ORIENTED_EDGE('',*,*,#2567,.T.);
#4859 = ORIENTED_EDGE('',*,*,#4834,.T.);
#4860 = ORIENTED_EDGE('',*,*,#4861,.T.);
#4861 = EDGE_CURVE('',#4835,#4862,#4864,.T.);
#4862 = VERTEX_POINT('',#4863);
#4863 = CARTESIAN_POINT('',(-4.276476480287,-6.78,0.2479055467));
#4864 = LINE('',#4865,#4866);
#4865 = CARTESIAN_POINT('',(-4.098480775301,-6.78,1.292364817767));
#4866 = VECTOR('',#4867,1.);
#4867 = DIRECTION('',(-0.167996923731,1.922284212135E-18,-0.985787519508
    ));
#4868 = ORIENTED_EDGE('',*,*,#4869,.T.);
#4869 = EDGE_CURVE('',#4862,#4870,#4872,.T.);
#4870 = VERTEX_POINT('',#4871);
#4871 = CARTESIAN_POINT('',(-4.571918806191,-6.78,-2.22044604925E-16));
#4872 = CIRCLE('',#4873,0.3);
#4873 = AXIS2_PLACEMENT_3D('',#4874,#4875,#4876);
#4874 = CARTESIAN_POINT('',(-4.571918806191,-6.78,0.3));
#4875 = DIRECTION('',(1.144237745222E-17,1.,0.));
#4876 = DIRECTION('',(0.984807753012,-1.126854202784E-17,-0.173648177667
    ));
#4877 = ORIENTED_EDGE('',*,*,#4878,.T.);
#4878 = EDGE_CURVE('',#4870,#4879,#4881,.T.);
#4879 = VERTEX_POINT('',#4880);
#4880 = CARTESIAN_POINT('',(-5.15,-6.78,-2.22044604925E-16));
#4881 = LINE('',#4882,#4883);
#4882 = CARTESIAN_POINT('',(-4.571918806191,-6.78,-2.22044604925E-16));
#4883 = VECTOR('',#4884,1.);
#4884 = DIRECTION('',(-1.,1.144237745222E-17,0.));
#4885 = ORIENTED_EDGE('',*,*,#4886,.T.);
#4886 = EDGE_CURVE('',#4879,#4887,#4889,.T.);
#4887 = VERTEX_POINT('',#4888);
#4888 = CARTESIAN_POINT('',(-5.15,-6.78,0.2));
#4889 = LINE('',#4890,#4891);
#4890 = CARTESIAN_POINT('',(-5.15,-6.78,-2.22044604925E-16));
#4891 = VECTOR('',#4892,1.);
#4892 = DIRECTION('',(0.,0.,1.));
#4893 = ORIENTED_EDGE('',*,*,#4894,.T.);
#4894 = EDGE_CURVE('',#4887,#4895,#4897,.T.);
#4895 = VERTEX_POINT('',#4896);
#4896 = CARTESIAN_POINT('',(-4.571918806191,-6.78,0.2));
#4897 = LINE('',#4898,#4899);
#4898 = CARTESIAN_POINT('',(-5.15,-6.78,0.2));
#4899 = VECTOR('',#4900,1.);
#4900 = DIRECTION('',(1.,-1.144237745222E-17,0.));
#4901 = ORIENTED_EDGE('',*,*,#4902,.T.);
#4902 = EDGE_CURVE('',#4895,#4903,#4905,.T.);
#4903 = VERTEX_POINT('',#4904);
#4904 = CARTESIAN_POINT('',(-4.47343803089,-6.78,0.282635182233));
#4905 = CIRCLE('',#4906,0.1);
#4906 = AXIS2_PLACEMENT_3D('',#4907,#4908,#4909);
#4907 = CARTESIAN_POINT('',(-4.571918806191,-6.78,0.3));
#4908 = DIRECTION('',(-1.144237745222E-17,-1.,2.189528850508E-47));
#4909 = DIRECTION('',(-8.881784197001E-15,1.016287272312E-31,-1.));
#4910 = ORIENTED_EDGE('',*,*,#4911,.T.);
#4911 = EDGE_CURVE('',#4903,#4912,#4914,.T.);
#4912 = VERTEX_POINT('',#4913);
#4913 = CARTESIAN_POINT('',(-4.295442325904,-6.78,1.3270944533));
#4914 = LINE('',#4915,#4916);
#4915 = CARTESIAN_POINT('',(-4.47343803089,-6.78,0.282635182233));
#4916 = VECTOR('',#4917,1.);
#4917 = DIRECTION('',(0.167996923731,-1.922284212135E-18,0.985787519508)
  );
#4918 = ORIENTED_EDGE('',*,*,#4919,.T.);
#4919 = EDGE_CURVE('',#4912,#4920,#4922,.T.);
#4920 = VERTEX_POINT('',#4921);
#4921 = CARTESIAN_POINT('',(-4.,-6.78,1.575));
#4922 = CIRCLE('',#4923,0.3);
#4923 = AXIS2_PLACEMENT_3D('',#4924,#4925,#4926);
#4924 = CARTESIAN_POINT('',(-4.,-6.78,1.275));
#4925 = DIRECTION('',(1.144237745222E-17,1.,7.703719777549E-34));
#4926 = DIRECTION('',(-0.984807753012,1.126854202784E-17,0.173648177667)
  );
#4927 = ORIENTED_EDGE('',*,*,#4928,.T.);
#4928 = EDGE_CURVE('',#4920,#2590,#4929,.T.);
#4929 = LINE('',#4930,#4931);
#4930 = CARTESIAN_POINT('',(-4.,-6.78,1.575));
#4931 = VECTOR('',#4932,1.);
#4932 = DIRECTION('',(1.,-1.144237745222E-17,0.));
#4933 = PLANE('',#4934);
#4934 = AXIS2_PLACEMENT_3D('',#4935,#4936,#4937);
#4935 = CARTESIAN_POINT('',(-4.341787690374,-6.78,0.743634917138));
#4936 = DIRECTION('',(1.144237745222E-17,1.,0.));
#4937 = DIRECTION('',(0.,-0.,1.));
#4938 = ADVANCED_FACE('',(#4939),#4955,.F.);
#4939 = FACE_BOUND('',#4940,.F.);
#4940 = EDGE_LOOP('',(#4941,#4942,#4948,#4949));
#4941 = ORIENTED_EDGE('',*,*,#2606,.T.);
#4942 = ORIENTED_EDGE('',*,*,#4943,.T.);
#4943 = EDGE_CURVE('',#2599,#4175,#4944,.T.);
#4944 = LINE('',#4945,#4946);
#4945 = CARTESIAN_POINT('',(-4.,-5.92,1.575));
#4946 = VECTOR('',#4947,1.);
#4947 = DIRECTION('',(1.,-1.144237745222E-17,0.));
#4948 = ORIENTED_EDGE('',*,*,#4174,.F.);
#4949 = ORIENTED_EDGE('',*,*,#4950,.F.);
#4950 = EDGE_CURVE('',#2590,#4167,#4951,.T.);
#4951 = LINE('',#4952,#4953);
#4952 = CARTESIAN_POINT('',(-4.,-6.78,1.575));
#4953 = VECTOR('',#4954,1.);
#4954 = DIRECTION('',(1.,-1.144237745222E-17,0.));
#4955 = PLANE('',#4956);
#4956 = AXIS2_PLACEMENT_3D('',#4957,#4958,#4959);
#4957 = CARTESIAN_POINT('',(-6.818810897008E-16,7.6625,1.575));
#4958 = DIRECTION('',(1.36606555458E-31,1.361853537021E-27,-1.));
#4959 = DIRECTION('',(1.,1.109316052857E-16,1.366065554582E-31));
#4960 = ADVANCED_FACE('',(#4961),#5047,.F.);
#4961 = FACE_BOUND('',#4962,.F.);
#4962 = EDGE_LOOP('',(#4963,#4964,#4965,#4974,#4982,#4991,#4999,#5007,
    #5015,#5024,#5032,#5041));
#4963 = ORIENTED_EDGE('',*,*,#2598,.F.);
#4964 = ORIENTED_EDGE('',*,*,#2620,.T.);
#4965 = ORIENTED_EDGE('',*,*,#4966,.T.);
#4966 = EDGE_CURVE('',#2621,#4967,#4969,.T.);
#4967 = VERTEX_POINT('',#4968);
#4968 = CARTESIAN_POINT('',(-4.098480775301,-5.92,1.292364817767));
#4969 = CIRCLE('',#4970,0.1);
#4970 = AXIS2_PLACEMENT_3D('',#4971,#4972,#4973);
#4971 = CARTESIAN_POINT('',(-4.,-5.92,1.275));
#4972 = DIRECTION('',(-1.144237745222E-17,-1.,6.568586551523E-47));
#4973 = DIRECTION('',(8.881784197001E-15,-1.016287272312E-31,1.));
#4974 = ORIENTED_EDGE('',*,*,#4975,.T.);
#4975 = EDGE_CURVE('',#4967,#4976,#4978,.T.);
#4976 = VERTEX_POINT('',#4977);
#4977 = CARTESIAN_POINT('',(-4.276476480287,-5.92,0.2479055467));
#4978 = LINE('',#4979,#4980);
#4979 = CARTESIAN_POINT('',(-4.098480775301,-5.92,1.292364817767));
#4980 = VECTOR('',#4981,1.);
#4981 = DIRECTION('',(-0.167996923731,1.922284212135E-18,-0.985787519508
    ));
#4982 = ORIENTED_EDGE('',*,*,#4983,.T.);
#4983 = EDGE_CURVE('',#4976,#4984,#4986,.T.);
#4984 = VERTEX_POINT('',#4985);
#4985 = CARTESIAN_POINT('',(-4.571918806191,-5.92,-2.22044604925E-16));
#4986 = CIRCLE('',#4987,0.3);
#4987 = AXIS2_PLACEMENT_3D('',#4988,#4989,#4990);
#4988 = CARTESIAN_POINT('',(-4.571918806191,-5.92,0.3));
#4989 = DIRECTION('',(1.144237745222E-17,1.,0.));
#4990 = DIRECTION('',(0.984807753012,-1.126854202784E-17,-0.173648177667
    ));
#4991 = ORIENTED_EDGE('',*,*,#4992,.T.);
#4992 = EDGE_CURVE('',#4984,#4993,#4995,.T.);
#4993 = VERTEX_POINT('',#4994);
#4994 = CARTESIAN_POINT('',(-5.15,-5.92,-2.22044604925E-16));
#4995 = LINE('',#4996,#4997);
#4996 = CARTESIAN_POINT('',(-4.571918806191,-5.92,-2.22044604925E-16));
#4997 = VECTOR('',#4998,1.);
#4998 = DIRECTION('',(-1.,1.144237745222E-17,0.));
#4999 = ORIENTED_EDGE('',*,*,#5000,.T.);
#5000 = EDGE_CURVE('',#4993,#5001,#5003,.T.);
#5001 = VERTEX_POINT('',#5002);
#5002 = CARTESIAN_POINT('',(-5.15,-5.92,0.2));
#5003 = LINE('',#5004,#5005);
#5004 = CARTESIAN_POINT('',(-5.15,-5.92,-2.22044604925E-16));
#5005 = VECTOR('',#5006,1.);
#5006 = DIRECTION('',(0.,0.,1.));
#5007 = ORIENTED_EDGE('',*,*,#5008,.T.);
#5008 = EDGE_CURVE('',#5001,#5009,#5011,.T.);
#5009 = VERTEX_POINT('',#5010);
#5010 = CARTESIAN_POINT('',(-4.571918806191,-5.92,0.2));
#5011 = LINE('',#5012,#5013);
#5012 = CARTESIAN_POINT('',(-5.15,-5.92,0.2));
#5013 = VECTOR('',#5014,1.);
#5014 = DIRECTION('',(1.,-1.144237745222E-17,0.));
#5015 = ORIENTED_EDGE('',*,*,#5016,.T.);
#5016 = EDGE_CURVE('',#5009,#5017,#5019,.T.);
#5017 = VERTEX_POINT('',#5018);
#5018 = CARTESIAN_POINT('',(-4.47343803089,-5.92,0.282635182233));
#5019 = CIRCLE('',#5020,0.1);
#5020 = AXIS2_PLACEMENT_3D('',#5021,#5022,#5023);
#5021 = CARTESIAN_POINT('',(-4.571918806191,-5.92,0.3));
#5022 = DIRECTION('',(-1.144237745222E-17,-1.,2.189528850508E-47));
#5023 = DIRECTION('',(-8.881784197001E-15,1.016287272312E-31,-1.));
#5024 = ORIENTED_EDGE('',*,*,#5025,.T.);
#5025 = EDGE_CURVE('',#5017,#5026,#5028,.T.);
#5026 = VERTEX_POINT('',#5027);
#5027 = CARTESIAN_POINT('',(-4.295442325904,-5.92,1.3270944533));
#5028 = LINE('',#5029,#5030);
#5029 = CARTESIAN_POINT('',(-4.47343803089,-5.92,0.282635182233));
#5030 = VECTOR('',#5031,1.);
#5031 = DIRECTION('',(0.167996923731,-1.922284212135E-18,0.985787519508)
  );
#5032 = ORIENTED_EDGE('',*,*,#5033,.T.);
#5033 = EDGE_CURVE('',#5026,#5034,#5036,.T.);
#5034 = VERTEX_POINT('',#5035);
#5035 = CARTESIAN_POINT('',(-4.,-5.92,1.575));
#5036 = CIRCLE('',#5037,0.3);
#5037 = AXIS2_PLACEMENT_3D('',#5038,#5039,#5040);
#5038 = CARTESIAN_POINT('',(-4.,-5.92,1.275));
#5039 = DIRECTION('',(1.144237745222E-17,1.,7.703719777549E-34));
#5040 = DIRECTION('',(-0.984807753012,1.126854202784E-17,0.173648177667)
  );
#5041 = ORIENTED_EDGE('',*,*,#5042,.T.);
#5042 = EDGE_CURVE('',#5034,#2599,#5043,.T.);
#5043 = LINE('',#5044,#5045);
#5044 = CARTESIAN_POINT('',(-4.,-5.92,1.575));
#5045 = VECTOR('',#5046,1.);
#5046 = DIRECTION('',(1.,-1.144237745222E-17,0.));
#5047 = PLANE('',#5048);
#5048 = AXIS2_PLACEMENT_3D('',#5049,#5050,#5051);
#5049 = CARTESIAN_POINT('',(-4.341787690374,-5.92,0.743634917138));
#5050 = DIRECTION('',(1.144237745222E-17,1.,0.));
#5051 = DIRECTION('',(0.,-0.,1.));
#5052 = ADVANCED_FACE('',(#5053),#5072,.F.);
#5053 = FACE_BOUND('',#5054,.F.);
#5054 = EDGE_LOOP('',(#5055,#5056,#5065,#5071));
#5055 = ORIENTED_EDGE('',*,*,#2637,.T.);
#5056 = ORIENTED_EDGE('',*,*,#5057,.T.);
#5057 = EDGE_CURVE('',#2630,#5058,#5060,.T.);
#5058 = VERTEX_POINT('',#5059);
#5059 = CARTESIAN_POINT('',(-4.098480775301,-5.51,1.292364817767));
#5060 = CIRCLE('',#5061,0.1);
#5061 = AXIS2_PLACEMENT_3D('',#5062,#5063,#5064);
#5062 = CARTESIAN_POINT('',(-4.,-5.51,1.275));
#5063 = DIRECTION('',(-1.144237745222E-17,-1.,6.568586551523E-47));
#5064 = DIRECTION('',(8.881784197001E-15,-1.016287272312E-31,1.));
#5065 = ORIENTED_EDGE('',*,*,#5066,.F.);
#5066 = EDGE_CURVE('',#4967,#5058,#5067,.T.);
#5067 = LINE('',#5068,#5069);
#5068 = CARTESIAN_POINT('',(-4.098480775301,-5.92,1.292364817767));
#5069 = VECTOR('',#5070,1.);
#5070 = DIRECTION('',(1.144237745222E-17,1.,0.));
#5071 = ORIENTED_EDGE('',*,*,#4966,.F.);
#5072 = CYLINDRICAL_SURFACE('',#5073,0.1);
#5073 = AXIS2_PLACEMENT_3D('',#5074,#5075,#5076);
#5074 = CARTESIAN_POINT('',(-4.,-5.92,1.275));
#5075 = DIRECTION('',(-1.144237745222E-17,-1.,0.));
#5076 = DIRECTION('',(8.881784197001E-15,-1.016287272312E-31,1.));
#5077 = ADVANCED_FACE('',(#5078),#5156,.T.);
#5078 = FACE_BOUND('',#5079,.T.);
#5079 = EDGE_LOOP('',(#5080,#5081,#5082,#5083,#5091,#5100,#5108,#5116,
    #5124,#5133,#5141,#5150));
#5080 = ORIENTED_EDGE('',*,*,#2651,.F.);
#5081 = ORIENTED_EDGE('',*,*,#2629,.T.);
#5082 = ORIENTED_EDGE('',*,*,#5057,.T.);
#5083 = ORIENTED_EDGE('',*,*,#5084,.T.);
#5084 = EDGE_CURVE('',#5058,#5085,#5087,.T.);
#5085 = VERTEX_POINT('',#5086);
#5086 = CARTESIAN_POINT('',(-4.276476480287,-5.51,0.2479055467));
#5087 = LINE('',#5088,#5089);
#5088 = CARTESIAN_POINT('',(-4.098480775301,-5.51,1.292364817767));
#5089 = VECTOR('',#5090,1.);
#5090 = DIRECTION('',(-0.167996923731,1.922284212135E-18,-0.985787519508
    ));
#5091 = ORIENTED_EDGE('',*,*,#5092,.T.);
#5092 = EDGE_CURVE('',#5085,#5093,#5095,.T.);
#5093 = VERTEX_POINT('',#5094);
#5094 = CARTESIAN_POINT('',(-4.571918806191,-5.51,-2.22044604925E-16));
#5095 = CIRCLE('',#5096,0.3);
#5096 = AXIS2_PLACEMENT_3D('',#5097,#5098,#5099);
#5097 = CARTESIAN_POINT('',(-4.571918806191,-5.51,0.3));
#5098 = DIRECTION('',(1.144237745222E-17,1.,0.));
#5099 = DIRECTION('',(0.984807753012,-1.126854202784E-17,-0.173648177667
    ));
#5100 = ORIENTED_EDGE('',*,*,#5101,.T.);
#5101 = EDGE_CURVE('',#5093,#5102,#5104,.T.);
#5102 = VERTEX_POINT('',#5103);
#5103 = CARTESIAN_POINT('',(-5.15,-5.51,-2.22044604925E-16));
#5104 = LINE('',#5105,#5106);
#5105 = CARTESIAN_POINT('',(-4.571918806191,-5.51,-2.22044604925E-16));
#5106 = VECTOR('',#5107,1.);
#5107 = DIRECTION('',(-1.,1.144237745222E-17,0.));
#5108 = ORIENTED_EDGE('',*,*,#5109,.T.);
#5109 = EDGE_CURVE('',#5102,#5110,#5112,.T.);
#5110 = VERTEX_POINT('',#5111);
#5111 = CARTESIAN_POINT('',(-5.15,-5.51,0.2));
#5112 = LINE('',#5113,#5114);
#5113 = CARTESIAN_POINT('',(-5.15,-5.51,-2.22044604925E-16));
#5114 = VECTOR('',#5115,1.);
#5115 = DIRECTION('',(0.,0.,1.));
#5116 = ORIENTED_EDGE('',*,*,#5117,.T.);
#5117 = EDGE_CURVE('',#5110,#5118,#5120,.T.);
#5118 = VERTEX_POINT('',#5119);
#5119 = CARTESIAN_POINT('',(-4.571918806191,-5.51,0.2));
#5120 = LINE('',#5121,#5122);
#5121 = CARTESIAN_POINT('',(-5.15,-5.51,0.2));
#5122 = VECTOR('',#5123,1.);
#5123 = DIRECTION('',(1.,-1.144237745222E-17,0.));
#5124 = ORIENTED_EDGE('',*,*,#5125,.T.);
#5125 = EDGE_CURVE('',#5118,#5126,#5128,.T.);
#5126 = VERTEX_POINT('',#5127);
#5127 = CARTESIAN_POINT('',(-4.47343803089,-5.51,0.282635182233));
#5128 = CIRCLE('',#5129,0.1);
#5129 = AXIS2_PLACEMENT_3D('',#5130,#5131,#5132);
#5130 = CARTESIAN_POINT('',(-4.571918806191,-5.51,0.3));
#5131 = DIRECTION('',(-1.144237745222E-17,-1.,2.189528850508E-47));
#5132 = DIRECTION('',(-8.881784197001E-15,1.016287272312E-31,-1.));
#5133 = ORIENTED_EDGE('',*,*,#5134,.T.);
#5134 = EDGE_CURVE('',#5126,#5135,#5137,.T.);
#5135 = VERTEX_POINT('',#5136);
#5136 = CARTESIAN_POINT('',(-4.295442325904,-5.51,1.3270944533));
#5137 = LINE('',#5138,#5139);
#5138 = CARTESIAN_POINT('',(-4.47343803089,-5.51,0.282635182233));
#5139 = VECTOR('',#5140,1.);
#5140 = DIRECTION('',(0.167996923731,-1.922284212135E-18,0.985787519508)
  );
#5141 = ORIENTED_EDGE('',*,*,#5142,.T.);
#5142 = EDGE_CURVE('',#5135,#5143,#5145,.T.);
#5143 = VERTEX_POINT('',#5144);
#5144 = CARTESIAN_POINT('',(-4.,-5.51,1.575));
#5145 = CIRCLE('',#5146,0.3);
#5146 = AXIS2_PLACEMENT_3D('',#5147,#5148,#5149);
#5147 = CARTESIAN_POINT('',(-4.,-5.51,1.275));
#5148 = DIRECTION('',(1.144237745222E-17,1.,7.703719777549E-34));
#5149 = DIRECTION('',(-0.984807753012,1.126854202784E-17,0.173648177667)
  );
#5150 = ORIENTED_EDGE('',*,*,#5151,.T.);
#5151 = EDGE_CURVE('',#5143,#2652,#5152,.T.);
#5152 = LINE('',#5153,#5154);
#5153 = CARTESIAN_POINT('',(-4.,-5.51,1.575));
#5154 = VECTOR('',#5155,1.);
#5155 = DIRECTION('',(1.,-1.144237745222E-17,0.));
#5156 = PLANE('',#5157);
#5157 = AXIS2_PLACEMENT_3D('',#5158,#5159,#5160);
#5158 = CARTESIAN_POINT('',(-4.341787690374,-5.51,0.743634917138));
#5159 = DIRECTION('',(1.144237745222E-17,1.,0.));
#5160 = DIRECTION('',(0.,-0.,1.));
#5161 = ADVANCED_FACE('',(#5162),#5178,.F.);
#5162 = FACE_BOUND('',#5163,.F.);
#5163 = EDGE_LOOP('',(#5164,#5165,#5171,#5172));
#5164 = ORIENTED_EDGE('',*,*,#2668,.T.);
#5165 = ORIENTED_EDGE('',*,*,#5166,.T.);
#5166 = EDGE_CURVE('',#2661,#4191,#5167,.T.);
#5167 = LINE('',#5168,#5169);
#5168 = CARTESIAN_POINT('',(-4.,-4.65,1.575));
#5169 = VECTOR('',#5170,1.);
#5170 = DIRECTION('',(1.,-1.144237745222E-17,0.));
#5171 = ORIENTED_EDGE('',*,*,#4190,.F.);
#5172 = ORIENTED_EDGE('',*,*,#5173,.F.);
#5173 = EDGE_CURVE('',#2652,#4183,#5174,.T.);
#5174 = LINE('',#5175,#5176);
#5175 = CARTESIAN_POINT('',(-4.,-5.51,1.575));
#5176 = VECTOR('',#5177,1.);
#5177 = DIRECTION('',(1.,-1.144237745222E-17,0.));
#5178 = PLANE('',#5179);
#5179 = AXIS2_PLACEMENT_3D('',#5180,#5181,#5182);
#5180 = CARTESIAN_POINT('',(-6.818810897008E-16,7.6625,1.575));
#5181 = DIRECTION('',(1.36606555458E-31,1.361853537021E-27,-1.));
#5182 = DIRECTION('',(1.,1.109316052857E-16,1.366065554582E-31));
#5183 = ADVANCED_FACE('',(#5184),#5270,.F.);
#5184 = FACE_BOUND('',#5185,.F.);
#5185 = EDGE_LOOP('',(#5186,#5187,#5188,#5197,#5205,#5214,#5222,#5230,
    #5238,#5247,#5255,#5264));
#5186 = ORIENTED_EDGE('',*,*,#2660,.F.);
#5187 = ORIENTED_EDGE('',*,*,#2682,.T.);
#5188 = ORIENTED_EDGE('',*,*,#5189,.T.);
#5189 = EDGE_CURVE('',#2683,#5190,#5192,.T.);
#5190 = VERTEX_POINT('',#5191);
#5191 = CARTESIAN_POINT('',(-4.098480775301,-4.65,1.292364817767));
#5192 = CIRCLE('',#5193,0.1);
#5193 = AXIS2_PLACEMENT_3D('',#5194,#5195,#5196);
#5194 = CARTESIAN_POINT('',(-4.,-4.65,1.275));
#5195 = DIRECTION('',(-1.144237745222E-17,-1.,6.568586551523E-47));
#5196 = DIRECTION('',(8.881784197001E-15,-1.016287272312E-31,1.));
#5197 = ORIENTED_EDGE('',*,*,#5198,.T.);
#5198 = EDGE_CURVE('',#5190,#5199,#5201,.T.);
#5199 = VERTEX_POINT('',#5200);
#5200 = CARTESIAN_POINT('',(-4.276476480287,-4.65,0.2479055467));
#5201 = LINE('',#5202,#5203);
#5202 = CARTESIAN_POINT('',(-4.098480775301,-4.65,1.292364817767));
#5203 = VECTOR('',#5204,1.);
#5204 = DIRECTION('',(-0.167996923731,1.922284212135E-18,-0.985787519508
    ));
#5205 = ORIENTED_EDGE('',*,*,#5206,.T.);
#5206 = EDGE_CURVE('',#5199,#5207,#5209,.T.);
#5207 = VERTEX_POINT('',#5208);
#5208 = CARTESIAN_POINT('',(-4.571918806191,-4.65,-2.22044604925E-16));
#5209 = CIRCLE('',#5210,0.3);
#5210 = AXIS2_PLACEMENT_3D('',#5211,#5212,#5213);
#5211 = CARTESIAN_POINT('',(-4.571918806191,-4.65,0.3));
#5212 = DIRECTION('',(1.144237745222E-17,1.,0.));
#5213 = DIRECTION('',(0.984807753012,-1.126854202784E-17,-0.173648177667
    ));
#5214 = ORIENTED_EDGE('',*,*,#5215,.T.);
#5215 = EDGE_CURVE('',#5207,#5216,#5218,.T.);
#5216 = VERTEX_POINT('',#5217);
#5217 = CARTESIAN_POINT('',(-5.15,-4.65,-2.22044604925E-16));
#5218 = LINE('',#5219,#5220);
#5219 = CARTESIAN_POINT('',(-4.571918806191,-4.65,-2.22044604925E-16));
#5220 = VECTOR('',#5221,1.);
#5221 = DIRECTION('',(-1.,1.144237745222E-17,0.));
#5222 = ORIENTED_EDGE('',*,*,#5223,.T.);
#5223 = EDGE_CURVE('',#5216,#5224,#5226,.T.);
#5224 = VERTEX_POINT('',#5225);
#5225 = CARTESIAN_POINT('',(-5.15,-4.65,0.2));
#5226 = LINE('',#5227,#5228);
#5227 = CARTESIAN_POINT('',(-5.15,-4.65,-2.22044604925E-16));
#5228 = VECTOR('',#5229,1.);
#5229 = DIRECTION('',(0.,0.,1.));
#5230 = ORIENTED_EDGE('',*,*,#5231,.T.);
#5231 = EDGE_CURVE('',#5224,#5232,#5234,.T.);
#5232 = VERTEX_POINT('',#5233);
#5233 = CARTESIAN_POINT('',(-4.571918806191,-4.65,0.2));
#5234 = LINE('',#5235,#5236);
#5235 = CARTESIAN_POINT('',(-5.15,-4.65,0.2));
#5236 = VECTOR('',#5237,1.);
#5237 = DIRECTION('',(1.,-1.144237745222E-17,0.));
#5238 = ORIENTED_EDGE('',*,*,#5239,.T.);
#5239 = EDGE_CURVE('',#5232,#5240,#5242,.T.);
#5240 = VERTEX_POINT('',#5241);
#5241 = CARTESIAN_POINT('',(-4.47343803089,-4.65,0.282635182233));
#5242 = CIRCLE('',#5243,0.1);
#5243 = AXIS2_PLACEMENT_3D('',#5244,#5245,#5246);
#5244 = CARTESIAN_POINT('',(-4.571918806191,-4.65,0.3));
#5245 = DIRECTION('',(-1.144237745222E-17,-1.,2.189528850508E-47));
#5246 = DIRECTION('',(-8.881784197001E-15,1.016287272312E-31,-1.));
#5247 = ORIENTED_EDGE('',*,*,#5248,.T.);
#5248 = EDGE_CURVE('',#5240,#5249,#5251,.T.);
#5249 = VERTEX_POINT('',#5250);
#5250 = CARTESIAN_POINT('',(-4.295442325904,-4.65,1.3270944533));
#5251 = LINE('',#5252,#5253);
#5252 = CARTESIAN_POINT('',(-4.47343803089,-4.65,0.282635182233));
#5253 = VECTOR('',#5254,1.);
#5254 = DIRECTION('',(0.167996923731,-1.922284212135E-18,0.985787519508)
  );
#5255 = ORIENTED_EDGE('',*,*,#5256,.T.);
#5256 = EDGE_CURVE('',#5249,#5257,#5259,.T.);
#5257 = VERTEX_POINT('',#5258);
#5258 = CARTESIAN_POINT('',(-4.,-4.65,1.575));
#5259 = CIRCLE('',#5260,0.3);
#5260 = AXIS2_PLACEMENT_3D('',#5261,#5262,#5263);
#5261 = CARTESIAN_POINT('',(-4.,-4.65,1.275));
#5262 = DIRECTION('',(1.144237745222E-17,1.,7.703719777549E-34));
#5263 = DIRECTION('',(-0.984807753012,1.126854202784E-17,0.173648177667)
  );
#5264 = ORIENTED_EDGE('',*,*,#5265,.T.);
#5265 = EDGE_CURVE('',#5257,#2661,#5266,.T.);
#5266 = LINE('',#5267,#5268);
#5267 = CARTESIAN_POINT('',(-4.,-4.65,1.575));
#5268 = VECTOR('',#5269,1.);
#5269 = DIRECTION('',(1.,-1.144237745222E-17,0.));
#5270 = PLANE('',#5271);
#5271 = AXIS2_PLACEMENT_3D('',#5272,#5273,#5274);
#5272 = CARTESIAN_POINT('',(-4.341787690374,-4.65,0.743634917138));
#5273 = DIRECTION('',(1.144237745222E-17,1.,0.));
#5274 = DIRECTION('',(0.,-0.,1.));
#5275 = ADVANCED_FACE('',(#5276),#5295,.F.);
#5276 = FACE_BOUND('',#5277,.F.);
#5277 = EDGE_LOOP('',(#5278,#5279,#5288,#5294));
#5278 = ORIENTED_EDGE('',*,*,#2699,.T.);
#5279 = ORIENTED_EDGE('',*,*,#5280,.T.);
#5280 = EDGE_CURVE('',#2692,#5281,#5283,.T.);
#5281 = VERTEX_POINT('',#5282);
#5282 = CARTESIAN_POINT('',(-4.098480775301,-4.24,1.292364817767));
#5283 = CIRCLE('',#5284,0.1);
#5284 = AXIS2_PLACEMENT_3D('',#5285,#5286,#5287);
#5285 = CARTESIAN_POINT('',(-4.,-4.24,1.275));
#5286 = DIRECTION('',(-1.144237745222E-17,-1.,6.568586551523E-47));
#5287 = DIRECTION('',(8.881784197001E-15,-1.016287272312E-31,1.));
#5288 = ORIENTED_EDGE('',*,*,#5289,.F.);
#5289 = EDGE_CURVE('',#5190,#5281,#5290,.T.);
#5290 = LINE('',#5291,#5292);
#5291 = CARTESIAN_POINT('',(-4.098480775301,-4.65,1.292364817767));
#5292 = VECTOR('',#5293,1.);
#5293 = DIRECTION('',(1.144237745222E-17,1.,0.));
#5294 = ORIENTED_EDGE('',*,*,#5189,.F.);
#5295 = CYLINDRICAL_SURFACE('',#5296,0.1);
#5296 = AXIS2_PLACEMENT_3D('',#5297,#5298,#5299);
#5297 = CARTESIAN_POINT('',(-4.,-4.65,1.275));
#5298 = DIRECTION('',(-1.144237745222E-17,-1.,0.));
#5299 = DIRECTION('',(8.881784197001E-15,-1.016287272312E-31,1.));
#5300 = ADVANCED_FACE('',(#5301),#5379,.T.);
#5301 = FACE_BOUND('',#5302,.T.);
#5302 = EDGE_LOOP('',(#5303,#5304,#5305,#5306,#5314,#5323,#5331,#5339,
    #5347,#5356,#5364,#5373));
#5303 = ORIENTED_EDGE('',*,*,#2713,.F.);
#5304 = ORIENTED_EDGE('',*,*,#2691,.T.);
#5305 = ORIENTED_EDGE('',*,*,#5280,.T.);
#5306 = ORIENTED_EDGE('',*,*,#5307,.T.);
#5307 = EDGE_CURVE('',#5281,#5308,#5310,.T.);
#5308 = VERTEX_POINT('',#5309);
#5309 = CARTESIAN_POINT('',(-4.276476480287,-4.24,0.2479055467));
#5310 = LINE('',#5311,#5312);
#5311 = CARTESIAN_POINT('',(-4.098480775301,-4.24,1.292364817767));
#5312 = VECTOR('',#5313,1.);
#5313 = DIRECTION('',(-0.167996923731,1.922284212135E-18,-0.985787519508
    ));
#5314 = ORIENTED_EDGE('',*,*,#5315,.T.);
#5315 = EDGE_CURVE('',#5308,#5316,#5318,.T.);
#5316 = VERTEX_POINT('',#5317);
#5317 = CARTESIAN_POINT('',(-4.571918806191,-4.24,-2.22044604925E-16));
#5318 = CIRCLE('',#5319,0.3);
#5319 = AXIS2_PLACEMENT_3D('',#5320,#5321,#5322);
#5320 = CARTESIAN_POINT('',(-4.571918806191,-4.24,0.3));
#5321 = DIRECTION('',(1.144237745222E-17,1.,0.));
#5322 = DIRECTION('',(0.984807753012,-1.126854202784E-17,-0.173648177667
    ));
#5323 = ORIENTED_EDGE('',*,*,#5324,.T.);
#5324 = EDGE_CURVE('',#5316,#5325,#5327,.T.);
#5325 = VERTEX_POINT('',#5326);
#5326 = CARTESIAN_POINT('',(-5.15,-4.24,-2.22044604925E-16));
#5327 = LINE('',#5328,#5329);
#5328 = CARTESIAN_POINT('',(-4.571918806191,-4.24,-2.22044604925E-16));
#5329 = VECTOR('',#5330,1.);
#5330 = DIRECTION('',(-1.,1.144237745222E-17,0.));
#5331 = ORIENTED_EDGE('',*,*,#5332,.T.);
#5332 = EDGE_CURVE('',#5325,#5333,#5335,.T.);
#5333 = VERTEX_POINT('',#5334);
#5334 = CARTESIAN_POINT('',(-5.15,-4.24,0.2));
#5335 = LINE('',#5336,#5337);
#5336 = CARTESIAN_POINT('',(-5.15,-4.24,-2.22044604925E-16));
#5337 = VECTOR('',#5338,1.);
#5338 = DIRECTION('',(0.,0.,1.));
#5339 = ORIENTED_EDGE('',*,*,#5340,.T.);
#5340 = EDGE_CURVE('',#5333,#5341,#5343,.T.);
#5341 = VERTEX_POINT('',#5342);
#5342 = CARTESIAN_POINT('',(-4.571918806191,-4.24,0.2));
#5343 = LINE('',#5344,#5345);
#5344 = CARTESIAN_POINT('',(-5.15,-4.24,0.2));
#5345 = VECTOR('',#5346,1.);
#5346 = DIRECTION('',(1.,-1.144237745222E-17,0.));
#5347 = ORIENTED_EDGE('',*,*,#5348,.T.);
#5348 = EDGE_CURVE('',#5341,#5349,#5351,.T.);
#5349 = VERTEX_POINT('',#5350);
#5350 = CARTESIAN_POINT('',(-4.47343803089,-4.24,0.282635182233));
#5351 = CIRCLE('',#5352,0.1);
#5352 = AXIS2_PLACEMENT_3D('',#5353,#5354,#5355);
#5353 = CARTESIAN_POINT('',(-4.571918806191,-4.24,0.3));
#5354 = DIRECTION('',(-1.144237745222E-17,-1.,2.189528850508E-47));
#5355 = DIRECTION('',(-8.881784197001E-15,1.016287272312E-31,-1.));
#5356 = ORIENTED_EDGE('',*,*,#5357,.T.);
#5357 = EDGE_CURVE('',#5349,#5358,#5360,.T.);
#5358 = VERTEX_POINT('',#5359);
#5359 = CARTESIAN_POINT('',(-4.295442325904,-4.24,1.3270944533));
#5360 = LINE('',#5361,#5362);
#5361 = CARTESIAN_POINT('',(-4.47343803089,-4.24,0.282635182233));
#5362 = VECTOR('',#5363,1.);
#5363 = DIRECTION('',(0.167996923731,-1.922284212135E-18,0.985787519508)
  );
#5364 = ORIENTED_EDGE('',*,*,#5365,.T.);
#5365 = EDGE_CURVE('',#5358,#5366,#5368,.T.);
#5366 = VERTEX_POINT('',#5367);
#5367 = CARTESIAN_POINT('',(-4.,-4.24,1.575));
#5368 = CIRCLE('',#5369,0.3);
#5369 = AXIS2_PLACEMENT_3D('',#5370,#5371,#5372);
#5370 = CARTESIAN_POINT('',(-4.,-4.24,1.275));
#5371 = DIRECTION('',(1.144237745222E-17,1.,7.703719777549E-34));
#5372 = DIRECTION('',(-0.984807753012,1.126854202784E-17,0.173648177667)
  );
#5373 = ORIENTED_EDGE('',*,*,#5374,.T.);
#5374 = EDGE_CURVE('',#5366,#2714,#5375,.T.);
#5375 = LINE('',#5376,#5377);
#5376 = CARTESIAN_POINT('',(-4.,-4.24,1.575));
#5377 = VECTOR('',#5378,1.);
#5378 = DIRECTION('',(1.,-1.144237745222E-17,0.));
#5379 = PLANE('',#5380);
#5380 = AXIS2_PLACEMENT_3D('',#5381,#5382,#5383);
#5381 = CARTESIAN_POINT('',(-4.341787690374,-4.24,0.743634917138));
#5382 = DIRECTION('',(1.144237745222E-17,1.,0.));
#5383 = DIRECTION('',(0.,-0.,1.));
#5384 = ADVANCED_FACE('',(#5385),#5401,.F.);
#5385 = FACE_BOUND('',#5386,.F.);
#5386 = EDGE_LOOP('',(#5387,#5388,#5394,#5395));
#5387 = ORIENTED_EDGE('',*,*,#2730,.T.);
#5388 = ORIENTED_EDGE('',*,*,#5389,.T.);
#5389 = EDGE_CURVE('',#2723,#4207,#5390,.T.);
#5390 = LINE('',#5391,#5392);
#5391 = CARTESIAN_POINT('',(-4.,-3.38,1.575));
#5392 = VECTOR('',#5393,1.);
#5393 = DIRECTION('',(1.,-1.144237745222E-17,0.));
#5394 = ORIENTED_EDGE('',*,*,#4206,.F.);
#5395 = ORIENTED_EDGE('',*,*,#5396,.F.);
#5396 = EDGE_CURVE('',#2714,#4199,#5397,.T.);
#5397 = LINE('',#5398,#5399);
#5398 = CARTESIAN_POINT('',(-4.,-4.24,1.575));
#5399 = VECTOR('',#5400,1.);
#5400 = DIRECTION('',(1.,-1.144237745222E-17,0.));
#5401 = PLANE('',#5402);
#5402 = AXIS2_PLACEMENT_3D('',#5403,#5404,#5405);
#5403 = CARTESIAN_POINT('',(-6.818810897008E-16,7.6625,1.575));
#5404 = DIRECTION('',(1.36606555458E-31,1.361853537021E-27,-1.));
#5405 = DIRECTION('',(1.,1.109316052857E-16,1.366065554582E-31));
#5406 = ADVANCED_FACE('',(#5407),#5493,.F.);
#5407 = FACE_BOUND('',#5408,.F.);
#5408 = EDGE_LOOP('',(#5409,#5410,#5411,#5420,#5428,#5437,#5445,#5453,
    #5461,#5470,#5478,#5487));
#5409 = ORIENTED_EDGE('',*,*,#2722,.F.);
#5410 = ORIENTED_EDGE('',*,*,#2744,.T.);
#5411 = ORIENTED_EDGE('',*,*,#5412,.T.);
#5412 = EDGE_CURVE('',#2745,#5413,#5415,.T.);
#5413 = VERTEX_POINT('',#5414);
#5414 = CARTESIAN_POINT('',(-4.098480775301,-3.38,1.292364817767));
#5415 = CIRCLE('',#5416,0.1);
#5416 = AXIS2_PLACEMENT_3D('',#5417,#5418,#5419);
#5417 = CARTESIAN_POINT('',(-4.,-3.38,1.275));
#5418 = DIRECTION('',(-1.144237745222E-17,-1.,6.568586551523E-47));
#5419 = DIRECTION('',(8.881784197001E-15,-1.016287272312E-31,1.));
#5420 = ORIENTED_EDGE('',*,*,#5421,.T.);
#5421 = EDGE_CURVE('',#5413,#5422,#5424,.T.);
#5422 = VERTEX_POINT('',#5423);
#5423 = CARTESIAN_POINT('',(-4.276476480287,-3.38,0.2479055467));
#5424 = LINE('',#5425,#5426);
#5425 = CARTESIAN_POINT('',(-4.098480775301,-3.38,1.292364817767));
#5426 = VECTOR('',#5427,1.);
#5427 = DIRECTION('',(-0.167996923731,1.922284212135E-18,-0.985787519508
    ));
#5428 = ORIENTED_EDGE('',*,*,#5429,.T.);
#5429 = EDGE_CURVE('',#5422,#5430,#5432,.T.);
#5430 = VERTEX_POINT('',#5431);
#5431 = CARTESIAN_POINT('',(-4.571918806191,-3.38,-2.22044604925E-16));
#5432 = CIRCLE('',#5433,0.3);
#5433 = AXIS2_PLACEMENT_3D('',#5434,#5435,#5436);
#5434 = CARTESIAN_POINT('',(-4.571918806191,-3.38,0.3));
#5435 = DIRECTION('',(1.144237745222E-17,1.,0.));
#5436 = DIRECTION('',(0.984807753012,-1.126854202784E-17,-0.173648177667
    ));
#5437 = ORIENTED_EDGE('',*,*,#5438,.T.);
#5438 = EDGE_CURVE('',#5430,#5439,#5441,.T.);
#5439 = VERTEX_POINT('',#5440);
#5440 = CARTESIAN_POINT('',(-5.15,-3.38,-2.22044604925E-16));
#5441 = LINE('',#5442,#5443);
#5442 = CARTESIAN_POINT('',(-4.571918806191,-3.38,-2.22044604925E-16));
#5443 = VECTOR('',#5444,1.);
#5444 = DIRECTION('',(-1.,1.144237745222E-17,0.));
#5445 = ORIENTED_EDGE('',*,*,#5446,.T.);
#5446 = EDGE_CURVE('',#5439,#5447,#5449,.T.);
#5447 = VERTEX_POINT('',#5448);
#5448 = CARTESIAN_POINT('',(-5.15,-3.38,0.2));
#5449 = LINE('',#5450,#5451);
#5450 = CARTESIAN_POINT('',(-5.15,-3.38,-2.22044604925E-16));
#5451 = VECTOR('',#5452,1.);
#5452 = DIRECTION('',(0.,0.,1.));
#5453 = ORIENTED_EDGE('',*,*,#5454,.T.);
#5454 = EDGE_CURVE('',#5447,#5455,#5457,.T.);
#5455 = VERTEX_POINT('',#5456);
#5456 = CARTESIAN_POINT('',(-4.571918806191,-3.38,0.2));
#5457 = LINE('',#5458,#5459);
#5458 = CARTESIAN_POINT('',(-5.15,-3.38,0.2));
#5459 = VECTOR('',#5460,1.);
#5460 = DIRECTION('',(1.,-1.144237745222E-17,0.));
#5461 = ORIENTED_EDGE('',*,*,#5462,.T.);
#5462 = EDGE_CURVE('',#5455,#5463,#5465,.T.);
#5463 = VERTEX_POINT('',#5464);
#5464 = CARTESIAN_POINT('',(-4.47343803089,-3.38,0.282635182233));
#5465 = CIRCLE('',#5466,0.1);
#5466 = AXIS2_PLACEMENT_3D('',#5467,#5468,#5469);
#5467 = CARTESIAN_POINT('',(-4.571918806191,-3.38,0.3));
#5468 = DIRECTION('',(-1.144237745222E-17,-1.,2.189528850508E-47));
#5469 = DIRECTION('',(-8.881784197001E-15,1.016287272312E-31,-1.));
#5470 = ORIENTED_EDGE('',*,*,#5471,.T.);
#5471 = EDGE_CURVE('',#5463,#5472,#5474,.T.);
#5472 = VERTEX_POINT('',#5473);
#5473 = CARTESIAN_POINT('',(-4.295442325904,-3.38,1.3270944533));
#5474 = LINE('',#5475,#5476);
#5475 = CARTESIAN_POINT('',(-4.47343803089,-3.38,0.282635182233));
#5476 = VECTOR('',#5477,1.);
#5477 = DIRECTION('',(0.167996923731,-1.922284212135E-18,0.985787519508)
  );
#5478 = ORIENTED_EDGE('',*,*,#5479,.T.);
#5479 = EDGE_CURVE('',#5472,#5480,#5482,.T.);
#5480 = VERTEX_POINT('',#5481);
#5481 = CARTESIAN_POINT('',(-4.,-3.38,1.575));
#5482 = CIRCLE('',#5483,0.3);
#5483 = AXIS2_PLACEMENT_3D('',#5484,#5485,#5486);
#5484 = CARTESIAN_POINT('',(-4.,-3.38,1.275));
#5485 = DIRECTION('',(1.144237745222E-17,1.,7.703719777549E-34));
#5486 = DIRECTION('',(-0.984807753012,1.126854202784E-17,0.173648177667)
  );
#5487 = ORIENTED_EDGE('',*,*,#5488,.T.);
#5488 = EDGE_CURVE('',#5480,#2723,#5489,.T.);
#5489 = LINE('',#5490,#5491);
#5490 = CARTESIAN_POINT('',(-4.,-3.38,1.575));
#5491 = VECTOR('',#5492,1.);
#5492 = DIRECTION('',(1.,-1.144237745222E-17,0.));
#5493 = PLANE('',#5494);
#5494 = AXIS2_PLACEMENT_3D('',#5495,#5496,#5497);
#5495 = CARTESIAN_POINT('',(-4.341787690374,-3.38,0.743634917138));
#5496 = DIRECTION('',(1.144237745222E-17,1.,0.));
#5497 = DIRECTION('',(0.,-0.,1.));
#5498 = ADVANCED_FACE('',(#5499),#5518,.F.);
#5499 = FACE_BOUND('',#5500,.F.);
#5500 = EDGE_LOOP('',(#5501,#5502,#5511,#5517));
#5501 = ORIENTED_EDGE('',*,*,#2761,.T.);
#5502 = ORIENTED_EDGE('',*,*,#5503,.T.);
#5503 = EDGE_CURVE('',#2754,#5504,#5506,.T.);
#5504 = VERTEX_POINT('',#5505);
#5505 = CARTESIAN_POINT('',(-4.098480775301,-2.97,1.292364817767));
#5506 = CIRCLE('',#5507,0.1);
#5507 = AXIS2_PLACEMENT_3D('',#5508,#5509,#5510);
#5508 = CARTESIAN_POINT('',(-4.,-2.97,1.275));
#5509 = DIRECTION('',(-1.144237745222E-17,-1.,6.568586551523E-47));
#5510 = DIRECTION('',(8.881784197001E-15,-1.016287272312E-31,1.));
#5511 = ORIENTED_EDGE('',*,*,#5512,.F.);
#5512 = EDGE_CURVE('',#5413,#5504,#5513,.T.);
#5513 = LINE('',#5514,#5515);
#5514 = CARTESIAN_POINT('',(-4.098480775301,-3.38,1.292364817767));
#5515 = VECTOR('',#5516,1.);
#5516 = DIRECTION('',(1.144237745222E-17,1.,0.));
#5517 = ORIENTED_EDGE('',*,*,#5412,.F.);
#5518 = CYLINDRICAL_SURFACE('',#5519,0.1);
#5519 = AXIS2_PLACEMENT_3D('',#5520,#5521,#5522);
#5520 = CARTESIAN_POINT('',(-4.,-3.38,1.275));
#5521 = DIRECTION('',(-1.144237745222E-17,-1.,0.));
#5522 = DIRECTION('',(8.881784197001E-15,-1.016287272312E-31,1.));
#5523 = ADVANCED_FACE('',(#5524),#5602,.T.);
#5524 = FACE_BOUND('',#5525,.T.);
#5525 = EDGE_LOOP('',(#5526,#5527,#5528,#5529,#5537,#5546,#5554,#5562,
    #5570,#5579,#5587,#5596));
#5526 = ORIENTED_EDGE('',*,*,#2775,.F.);
#5527 = ORIENTED_EDGE('',*,*,#2753,.T.);
#5528 = ORIENTED_EDGE('',*,*,#5503,.T.);
#5529 = ORIENTED_EDGE('',*,*,#5530,.T.);
#5530 = EDGE_CURVE('',#5504,#5531,#5533,.T.);
#5531 = VERTEX_POINT('',#5532);
#5532 = CARTESIAN_POINT('',(-4.276476480287,-2.97,0.2479055467));
#5533 = LINE('',#5534,#5535);
#5534 = CARTESIAN_POINT('',(-4.098480775301,-2.97,1.292364817767));
#5535 = VECTOR('',#5536,1.);
#5536 = DIRECTION('',(-0.167996923731,1.922284212135E-18,-0.985787519508
    ));
#5537 = ORIENTED_EDGE('',*,*,#5538,.T.);
#5538 = EDGE_CURVE('',#5531,#5539,#5541,.T.);
#5539 = VERTEX_POINT('',#5540);
#5540 = CARTESIAN_POINT('',(-4.571918806191,-2.97,-2.22044604925E-16));
#5541 = CIRCLE('',#5542,0.3);
#5542 = AXIS2_PLACEMENT_3D('',#5543,#5544,#5545);
#5543 = CARTESIAN_POINT('',(-4.571918806191,-2.97,0.3));
#5544 = DIRECTION('',(1.144237745222E-17,1.,0.));
#5545 = DIRECTION('',(0.984807753012,-1.126854202784E-17,-0.173648177667
    ));
#5546 = ORIENTED_EDGE('',*,*,#5547,.T.);
#5547 = EDGE_CURVE('',#5539,#5548,#5550,.T.);
#5548 = VERTEX_POINT('',#5549);
#5549 = CARTESIAN_POINT('',(-5.15,-2.97,-2.22044604925E-16));
#5550 = LINE('',#5551,#5552);
#5551 = CARTESIAN_POINT('',(-4.571918806191,-2.97,-2.22044604925E-16));
#5552 = VECTOR('',#5553,1.);
#5553 = DIRECTION('',(-1.,1.144237745222E-17,0.));
#5554 = ORIENTED_EDGE('',*,*,#5555,.T.);
#5555 = EDGE_CURVE('',#5548,#5556,#5558,.T.);
#5556 = VERTEX_POINT('',#5557);
#5557 = CARTESIAN_POINT('',(-5.15,-2.97,0.2));
#5558 = LINE('',#5559,#5560);
#5559 = CARTESIAN_POINT('',(-5.15,-2.97,-2.22044604925E-16));
#5560 = VECTOR('',#5561,1.);
#5561 = DIRECTION('',(0.,0.,1.));
#5562 = ORIENTED_EDGE('',*,*,#5563,.T.);
#5563 = EDGE_CURVE('',#5556,#5564,#5566,.T.);
#5564 = VERTEX_POINT('',#5565);
#5565 = CARTESIAN_POINT('',(-4.571918806191,-2.97,0.2));
#5566 = LINE('',#5567,#5568);
#5567 = CARTESIAN_POINT('',(-5.15,-2.97,0.2));
#5568 = VECTOR('',#5569,1.);
#5569 = DIRECTION('',(1.,-1.144237745222E-17,0.));
#5570 = ORIENTED_EDGE('',*,*,#5571,.T.);
#5571 = EDGE_CURVE('',#5564,#5572,#5574,.T.);
#5572 = VERTEX_POINT('',#5573);
#5573 = CARTESIAN_POINT('',(-4.47343803089,-2.97,0.282635182233));
#5574 = CIRCLE('',#5575,0.1);
#5575 = AXIS2_PLACEMENT_3D('',#5576,#5577,#5578);
#5576 = CARTESIAN_POINT('',(-4.571918806191,-2.97,0.3));
#5577 = DIRECTION('',(-1.144237745222E-17,-1.,2.189528850508E-47));
#5578 = DIRECTION('',(-8.881784197001E-15,1.016287272312E-31,-1.));
#5579 = ORIENTED_EDGE('',*,*,#5580,.T.);
#5580 = EDGE_CURVE('',#5572,#5581,#5583,.T.);
#5581 = VERTEX_POINT('',#5582);
#5582 = CARTESIAN_POINT('',(-4.295442325904,-2.97,1.3270944533));
#5583 = LINE('',#5584,#5585);
#5584 = CARTESIAN_POINT('',(-4.47343803089,-2.97,0.282635182233));
#5585 = VECTOR('',#5586,1.);
#5586 = DIRECTION('',(0.167996923731,-1.922284212135E-18,0.985787519508)
  );
#5587 = ORIENTED_EDGE('',*,*,#5588,.T.);
#5588 = EDGE_CURVE('',#5581,#5589,#5591,.T.);
#5589 = VERTEX_POINT('',#5590);
#5590 = CARTESIAN_POINT('',(-4.,-2.97,1.575));
#5591 = CIRCLE('',#5592,0.3);
#5592 = AXIS2_PLACEMENT_3D('',#5593,#5594,#5595);
#5593 = CARTESIAN_POINT('',(-4.,-2.97,1.275));
#5594 = DIRECTION('',(1.144237745222E-17,1.,7.703719777549E-34));
#5595 = DIRECTION('',(-0.984807753012,1.126854202784E-17,0.173648177667)
  );
#5596 = ORIENTED_EDGE('',*,*,#5597,.T.);
#5597 = EDGE_CURVE('',#5589,#2776,#5598,.T.);
#5598 = LINE('',#5599,#5600);
#5599 = CARTESIAN_POINT('',(-4.,-2.97,1.575));
#5600 = VECTOR('',#5601,1.);
#5601 = DIRECTION('',(1.,-1.144237745222E-17,0.));
#5602 = PLANE('',#5603);
#5603 = AXIS2_PLACEMENT_3D('',#5604,#5605,#5606);
#5604 = CARTESIAN_POINT('',(-4.341787690374,-2.97,0.743634917138));
#5605 = DIRECTION('',(1.144237745222E-17,1.,0.));
#5606 = DIRECTION('',(0.,-0.,1.));
#5607 = ADVANCED_FACE('',(#5608),#5624,.F.);
#5608 = FACE_BOUND('',#5609,.F.);
#5609 = EDGE_LOOP('',(#5610,#5611,#5617,#5618));
#5610 = ORIENTED_EDGE('',*,*,#2792,.T.);
#5611 = ORIENTED_EDGE('',*,*,#5612,.T.);
#5612 = EDGE_CURVE('',#2785,#4223,#5613,.T.);
#5613 = LINE('',#5614,#5615);
#5614 = CARTESIAN_POINT('',(-4.,-2.11,1.575));
#5615 = VECTOR('',#5616,1.);
#5616 = DIRECTION('',(1.,-1.144237745222E-17,0.));
#5617 = ORIENTED_EDGE('',*,*,#4222,.F.);
#5618 = ORIENTED_EDGE('',*,*,#5619,.F.);
#5619 = EDGE_CURVE('',#2776,#4215,#5620,.T.);
#5620 = LINE('',#5621,#5622);
#5621 = CARTESIAN_POINT('',(-4.,-2.97,1.575));
#5622 = VECTOR('',#5623,1.);
#5623 = DIRECTION('',(1.,-1.144237745222E-17,0.));
#5624 = PLANE('',#5625);
#5625 = AXIS2_PLACEMENT_3D('',#5626,#5627,#5628);
#5626 = CARTESIAN_POINT('',(-6.818810897008E-16,7.6625,1.575));
#5627 = DIRECTION('',(1.36606555458E-31,1.361853537021E-27,-1.));
#5628 = DIRECTION('',(1.,1.109316052857E-16,1.366065554582E-31));
#5629 = ADVANCED_FACE('',(#5630),#5716,.F.);
#5630 = FACE_BOUND('',#5631,.F.);
#5631 = EDGE_LOOP('',(#5632,#5633,#5634,#5643,#5651,#5660,#5668,#5676,
    #5684,#5693,#5701,#5710));
#5632 = ORIENTED_EDGE('',*,*,#2784,.F.);
#5633 = ORIENTED_EDGE('',*,*,#2806,.T.);
#5634 = ORIENTED_EDGE('',*,*,#5635,.T.);
#5635 = EDGE_CURVE('',#2807,#5636,#5638,.T.);
#5636 = VERTEX_POINT('',#5637);
#5637 = CARTESIAN_POINT('',(-4.098480775301,-2.11,1.292364817767));
#5638 = CIRCLE('',#5639,0.1);
#5639 = AXIS2_PLACEMENT_3D('',#5640,#5641,#5642);
#5640 = CARTESIAN_POINT('',(-4.,-2.11,1.275));
#5641 = DIRECTION('',(-1.144237745222E-17,-1.,6.568586551523E-47));
#5642 = DIRECTION('',(8.881784197001E-15,-1.016287272312E-31,1.));
#5643 = ORIENTED_EDGE('',*,*,#5644,.T.);
#5644 = EDGE_CURVE('',#5636,#5645,#5647,.T.);
#5645 = VERTEX_POINT('',#5646);
#5646 = CARTESIAN_POINT('',(-4.276476480287,-2.11,0.2479055467));
#5647 = LINE('',#5648,#5649);
#5648 = CARTESIAN_POINT('',(-4.098480775301,-2.11,1.292364817767));
#5649 = VECTOR('',#5650,1.);
#5650 = DIRECTION('',(-0.167996923731,1.922284212135E-18,-0.985787519508
    ));
#5651 = ORIENTED_EDGE('',*,*,#5652,.T.);
#5652 = EDGE_CURVE('',#5645,#5653,#5655,.T.);
#5653 = VERTEX_POINT('',#5654);
#5654 = CARTESIAN_POINT('',(-4.571918806191,-2.11,-2.22044604925E-16));
#5655 = CIRCLE('',#5656,0.3);
#5656 = AXIS2_PLACEMENT_3D('',#5657,#5658,#5659);
#5657 = CARTESIAN_POINT('',(-4.571918806191,-2.11,0.3));
#5658 = DIRECTION('',(1.144237745222E-17,1.,0.));
#5659 = DIRECTION('',(0.984807753012,-1.126854202784E-17,-0.173648177667
    ));
#5660 = ORIENTED_EDGE('',*,*,#5661,.T.);
#5661 = EDGE_CURVE('',#5653,#5662,#5664,.T.);
#5662 = VERTEX_POINT('',#5663);
#5663 = CARTESIAN_POINT('',(-5.15,-2.11,-2.22044604925E-16));
#5664 = LINE('',#5665,#5666);
#5665 = CARTESIAN_POINT('',(-4.571918806191,-2.11,-2.22044604925E-16));
#5666 = VECTOR('',#5667,1.);
#5667 = DIRECTION('',(-1.,1.144237745222E-17,0.));
#5668 = ORIENTED_EDGE('',*,*,#5669,.T.);
#5669 = EDGE_CURVE('',#5662,#5670,#5672,.T.);
#5670 = VERTEX_POINT('',#5671);
#5671 = CARTESIAN_POINT('',(-5.15,-2.11,0.2));
#5672 = LINE('',#5673,#5674);
#5673 = CARTESIAN_POINT('',(-5.15,-2.11,-2.22044604925E-16));
#5674 = VECTOR('',#5675,1.);
#5675 = DIRECTION('',(0.,0.,1.));
#5676 = ORIENTED_EDGE('',*,*,#5677,.T.);
#5677 = EDGE_CURVE('',#5670,#5678,#5680,.T.);
#5678 = VERTEX_POINT('',#5679);
#5679 = CARTESIAN_POINT('',(-4.571918806191,-2.11,0.2));
#5680 = LINE('',#5681,#5682);
#5681 = CARTESIAN_POINT('',(-5.15,-2.11,0.2));
#5682 = VECTOR('',#5683,1.);
#5683 = DIRECTION('',(1.,-1.144237745222E-17,0.));
#5684 = ORIENTED_EDGE('',*,*,#5685,.T.);
#5685 = EDGE_CURVE('',#5678,#5686,#5688,.T.);
#5686 = VERTEX_POINT('',#5687);
#5687 = CARTESIAN_POINT('',(-4.47343803089,-2.11,0.282635182233));
#5688 = CIRCLE('',#5689,0.1);
#5689 = AXIS2_PLACEMENT_3D('',#5690,#5691,#5692);
#5690 = CARTESIAN_POINT('',(-4.571918806191,-2.11,0.3));
#5691 = DIRECTION('',(-1.144237745222E-17,-1.,2.189528850508E-47));
#5692 = DIRECTION('',(-8.881784197001E-15,1.016287272312E-31,-1.));
#5693 = ORIENTED_EDGE('',*,*,#5694,.T.);
#5694 = EDGE_CURVE('',#5686,#5695,#5697,.T.);
#5695 = VERTEX_POINT('',#5696);
#5696 = CARTESIAN_POINT('',(-4.295442325904,-2.11,1.3270944533));
#5697 = LINE('',#5698,#5699);
#5698 = CARTESIAN_POINT('',(-4.47343803089,-2.11,0.282635182233));
#5699 = VECTOR('',#5700,1.);
#5700 = DIRECTION('',(0.167996923731,-1.922284212135E-18,0.985787519508)
  );
#5701 = ORIENTED_EDGE('',*,*,#5702,.T.);
#5702 = EDGE_CURVE('',#5695,#5703,#5705,.T.);
#5703 = VERTEX_POINT('',#5704);
#5704 = CARTESIAN_POINT('',(-4.,-2.11,1.575));
#5705 = CIRCLE('',#5706,0.3);
#5706 = AXIS2_PLACEMENT_3D('',#5707,#5708,#5709);
#5707 = CARTESIAN_POINT('',(-4.,-2.11,1.275));
#5708 = DIRECTION('',(1.144237745222E-17,1.,7.703719777549E-34));
#5709 = DIRECTION('',(-0.984807753012,1.126854202784E-17,0.173648177667)
  );
#5710 = ORIENTED_EDGE('',*,*,#5711,.T.);
#5711 = EDGE_CURVE('',#5703,#2785,#5712,.T.);
#5712 = LINE('',#5713,#5714);
#5713 = CARTESIAN_POINT('',(-4.,-2.11,1.575));
#5714 = VECTOR('',#5715,1.);
#5715 = DIRECTION('',(1.,-1.144237745222E-17,0.));
#5716 = PLANE('',#5717);
#5717 = AXIS2_PLACEMENT_3D('',#5718,#5719,#5720);
#5718 = CARTESIAN_POINT('',(-4.341787690374,-2.11,0.743634917138));
#5719 = DIRECTION('',(1.144237745222E-17,1.,0.));
#5720 = DIRECTION('',(0.,-0.,1.));
#5721 = ADVANCED_FACE('',(#5722),#5741,.F.);
#5722 = FACE_BOUND('',#5723,.F.);
#5723 = EDGE_LOOP('',(#5724,#5725,#5734,#5740));
#5724 = ORIENTED_EDGE('',*,*,#2823,.T.);
#5725 = ORIENTED_EDGE('',*,*,#5726,.T.);
#5726 = EDGE_CURVE('',#2816,#5727,#5729,.T.);
#5727 = VERTEX_POINT('',#5728);
#5728 = CARTESIAN_POINT('',(-4.098480775301,-1.7,1.292364817767));
#5729 = CIRCLE('',#5730,0.1);
#5730 = AXIS2_PLACEMENT_3D('',#5731,#5732,#5733);
#5731 = CARTESIAN_POINT('',(-4.,-1.7,1.275));
#5732 = DIRECTION('',(-1.144237745222E-17,-1.,6.568586551523E-47));
#5733 = DIRECTION('',(8.881784197001E-15,-1.016287272312E-31,1.));
#5734 = ORIENTED_EDGE('',*,*,#5735,.F.);
#5735 = EDGE_CURVE('',#5636,#5727,#5736,.T.);
#5736 = LINE('',#5737,#5738);
#5737 = CARTESIAN_POINT('',(-4.098480775301,-2.11,1.292364817767));
#5738 = VECTOR('',#5739,1.);
#5739 = DIRECTION('',(1.144237745222E-17,1.,0.));
#5740 = ORIENTED_EDGE('',*,*,#5635,.F.);
#5741 = CYLINDRICAL_SURFACE('',#5742,0.1);
#5742 = AXIS2_PLACEMENT_3D('',#5743,#5744,#5745);
#5743 = CARTESIAN_POINT('',(-4.,-2.11,1.275));
#5744 = DIRECTION('',(-1.144237745222E-17,-1.,0.));
#5745 = DIRECTION('',(8.881784197001E-15,-1.016287272312E-31,1.));
#5746 = ADVANCED_FACE('',(#5747),#5825,.T.);
#5747 = FACE_BOUND('',#5748,.T.);
#5748 = EDGE_LOOP('',(#5749,#5750,#5751,#5752,#5760,#5769,#5777,#5785,
    #5793,#5802,#5810,#5819));
#5749 = ORIENTED_EDGE('',*,*,#2837,.F.);
#5750 = ORIENTED_EDGE('',*,*,#2815,.T.);
#5751 = ORIENTED_EDGE('',*,*,#5726,.T.);
#5752 = ORIENTED_EDGE('',*,*,#5753,.T.);
#5753 = EDGE_CURVE('',#5727,#5754,#5756,.T.);
#5754 = VERTEX_POINT('',#5755);
#5755 = CARTESIAN_POINT('',(-4.276476480287,-1.7,0.2479055467));
#5756 = LINE('',#5757,#5758);
#5757 = CARTESIAN_POINT('',(-4.098480775301,-1.7,1.292364817767));
#5758 = VECTOR('',#5759,1.);
#5759 = DIRECTION('',(-0.167996923731,1.922284212135E-18,-0.985787519508
    ));
#5760 = ORIENTED_EDGE('',*,*,#5761,.T.);
#5761 = EDGE_CURVE('',#5754,#5762,#5764,.T.);
#5762 = VERTEX_POINT('',#5763);
#5763 = CARTESIAN_POINT('',(-4.571918806191,-1.7,-2.22044604925E-16));
#5764 = CIRCLE('',#5765,0.3);
#5765 = AXIS2_PLACEMENT_3D('',#5766,#5767,#5768);
#5766 = CARTESIAN_POINT('',(-4.571918806191,-1.7,0.3));
#5767 = DIRECTION('',(1.144237745222E-17,1.,0.));
#5768 = DIRECTION('',(0.984807753012,-1.126854202784E-17,-0.173648177667
    ));
#5769 = ORIENTED_EDGE('',*,*,#5770,.T.);
#5770 = EDGE_CURVE('',#5762,#5771,#5773,.T.);
#5771 = VERTEX_POINT('',#5772);
#5772 = CARTESIAN_POINT('',(-5.15,-1.7,-2.22044604925E-16));
#5773 = LINE('',#5774,#5775);
#5774 = CARTESIAN_POINT('',(-4.571918806191,-1.7,-2.22044604925E-16));
#5775 = VECTOR('',#5776,1.);
#5776 = DIRECTION('',(-1.,1.144237745222E-17,0.));
#5777 = ORIENTED_EDGE('',*,*,#5778,.T.);
#5778 = EDGE_CURVE('',#5771,#5779,#5781,.T.);
#5779 = VERTEX_POINT('',#5780);
#5780 = CARTESIAN_POINT('',(-5.15,-1.7,0.2));
#5781 = LINE('',#5782,#5783);
#5782 = CARTESIAN_POINT('',(-5.15,-1.7,-2.22044604925E-16));
#5783 = VECTOR('',#5784,1.);
#5784 = DIRECTION('',(0.,0.,1.));
#5785 = ORIENTED_EDGE('',*,*,#5786,.T.);
#5786 = EDGE_CURVE('',#5779,#5787,#5789,.T.);
#5787 = VERTEX_POINT('',#5788);
#5788 = CARTESIAN_POINT('',(-4.571918806191,-1.7,0.2));
#5789 = LINE('',#5790,#5791);
#5790 = CARTESIAN_POINT('',(-5.15,-1.7,0.2));
#5791 = VECTOR('',#5792,1.);
#5792 = DIRECTION('',(1.,-1.144237745222E-17,0.));
#5793 = ORIENTED_EDGE('',*,*,#5794,.T.);
#5794 = EDGE_CURVE('',#5787,#5795,#5797,.T.);
#5795 = VERTEX_POINT('',#5796);
#5796 = CARTESIAN_POINT('',(-4.47343803089,-1.7,0.282635182233));
#5797 = CIRCLE('',#5798,0.1);
#5798 = AXIS2_PLACEMENT_3D('',#5799,#5800,#5801);
#5799 = CARTESIAN_POINT('',(-4.571918806191,-1.7,0.3));
#5800 = DIRECTION('',(-1.144237745222E-17,-1.,2.189528850508E-47));
#5801 = DIRECTION('',(-8.881784197001E-15,1.016287272312E-31,-1.));
#5802 = ORIENTED_EDGE('',*,*,#5803,.T.);
#5803 = EDGE_CURVE('',#5795,#5804,#5806,.T.);
#5804 = VERTEX_POINT('',#5805);
#5805 = CARTESIAN_POINT('',(-4.295442325904,-1.7,1.3270944533));
#5806 = LINE('',#5807,#5808);
#5807 = CARTESIAN_POINT('',(-4.47343803089,-1.7,0.282635182233));
#5808 = VECTOR('',#5809,1.);
#5809 = DIRECTION('',(0.167996923731,-1.922284212135E-18,0.985787519508)
  );
#5810 = ORIENTED_EDGE('',*,*,#5811,.T.);
#5811 = EDGE_CURVE('',#5804,#5812,#5814,.T.);
#5812 = VERTEX_POINT('',#5813);
#5813 = CARTESIAN_POINT('',(-4.,-1.7,1.575));
#5814 = CIRCLE('',#5815,0.3);
#5815 = AXIS2_PLACEMENT_3D('',#5816,#5817,#5818);
#5816 = CARTESIAN_POINT('',(-4.,-1.7,1.275));
#5817 = DIRECTION('',(1.144237745222E-17,1.,7.703719777549E-34));
#5818 = DIRECTION('',(-0.984807753012,1.126854202784E-17,0.173648177667)
  );
#5819 = ORIENTED_EDGE('',*,*,#5820,.T.);
#5820 = EDGE_CURVE('',#5812,#2838,#5821,.T.);
#5821 = LINE('',#5822,#5823);
#5822 = CARTESIAN_POINT('',(-4.,-1.7,1.575));
#5823 = VECTOR('',#5824,1.);
#5824 = DIRECTION('',(1.,-1.144237745222E-17,0.));
#5825 = PLANE('',#5826);
#5826 = AXIS2_PLACEMENT_3D('',#5827,#5828,#5829);
#5827 = CARTESIAN_POINT('',(-4.341787690374,-1.7,0.743634917138));
#5828 = DIRECTION('',(1.144237745222E-17,1.,0.));
#5829 = DIRECTION('',(0.,-0.,1.));
#5830 = ADVANCED_FACE('',(#5831),#5847,.F.);
#5831 = FACE_BOUND('',#5832,.F.);
#5832 = EDGE_LOOP('',(#5833,#5834,#5840,#5841));
#5833 = ORIENTED_EDGE('',*,*,#2854,.T.);
#5834 = ORIENTED_EDGE('',*,*,#5835,.T.);
#5835 = EDGE_CURVE('',#2847,#4239,#5836,.T.);
#5836 = LINE('',#5837,#5838);
#5837 = CARTESIAN_POINT('',(-4.,-0.84,1.575));
#5838 = VECTOR('',#5839,1.);
#5839 = DIRECTION('',(1.,-1.144237745222E-17,0.));
#5840 = ORIENTED_EDGE('',*,*,#4238,.F.);
#5841 = ORIENTED_EDGE('',*,*,#5842,.F.);
#5842 = EDGE_CURVE('',#2838,#4231,#5843,.T.);
#5843 = LINE('',#5844,#5845);
#5844 = CARTESIAN_POINT('',(-4.,-1.7,1.575));
#5845 = VECTOR('',#5846,1.);
#5846 = DIRECTION('',(1.,-1.144237745222E-17,0.));
#5847 = PLANE('',#5848);
#5848 = AXIS2_PLACEMENT_3D('',#5849,#5850,#5851);
#5849 = CARTESIAN_POINT('',(-6.818810897008E-16,7.6625,1.575));
#5850 = DIRECTION('',(1.36606555458E-31,1.361853537021E-27,-1.));
#5851 = DIRECTION('',(1.,1.109316052857E-16,1.366065554582E-31));
#5852 = ADVANCED_FACE('',(#5853),#5939,.F.);
#5853 = FACE_BOUND('',#5854,.F.);
#5854 = EDGE_LOOP('',(#5855,#5856,#5857,#5866,#5874,#5883,#5891,#5899,
    #5907,#5916,#5924,#5933));
#5855 = ORIENTED_EDGE('',*,*,#2846,.F.);
#5856 = ORIENTED_EDGE('',*,*,#2868,.T.);
#5857 = ORIENTED_EDGE('',*,*,#5858,.T.);
#5858 = EDGE_CURVE('',#2869,#5859,#5861,.T.);
#5859 = VERTEX_POINT('',#5860);
#5860 = CARTESIAN_POINT('',(-4.098480775301,-0.84,1.292364817767));
#5861 = CIRCLE('',#5862,0.1);
#5862 = AXIS2_PLACEMENT_3D('',#5863,#5864,#5865);
#5863 = CARTESIAN_POINT('',(-4.,-0.84,1.275));
#5864 = DIRECTION('',(-1.144237745222E-17,-1.,6.568586551523E-47));
#5865 = DIRECTION('',(8.881784197001E-15,-1.016287272312E-31,1.));
#5866 = ORIENTED_EDGE('',*,*,#5867,.T.);
#5867 = EDGE_CURVE('',#5859,#5868,#5870,.T.);
#5868 = VERTEX_POINT('',#5869);
#5869 = CARTESIAN_POINT('',(-4.276476480287,-0.84,0.2479055467));
#5870 = LINE('',#5871,#5872);
#5871 = CARTESIAN_POINT('',(-4.098480775301,-0.84,1.292364817767));
#5872 = VECTOR('',#5873,1.);
#5873 = DIRECTION('',(-0.167996923731,1.922284212135E-18,-0.985787519508
    ));
#5874 = ORIENTED_EDGE('',*,*,#5875,.T.);
#5875 = EDGE_CURVE('',#5868,#5876,#5878,.T.);
#5876 = VERTEX_POINT('',#5877);
#5877 = CARTESIAN_POINT('',(-4.571918806191,-0.84,-2.22044604925E-16));
#5878 = CIRCLE('',#5879,0.3);
#5879 = AXIS2_PLACEMENT_3D('',#5880,#5881,#5882);
#5880 = CARTESIAN_POINT('',(-4.571918806191,-0.84,0.3));
#5881 = DIRECTION('',(1.144237745222E-17,1.,0.));
#5882 = DIRECTION('',(0.984807753012,-1.126854202784E-17,-0.173648177667
    ));
#5883 = ORIENTED_EDGE('',*,*,#5884,.T.);
#5884 = EDGE_CURVE('',#5876,#5885,#5887,.T.);
#5885 = VERTEX_POINT('',#5886);
#5886 = CARTESIAN_POINT('',(-5.15,-0.84,-2.22044604925E-16));
#5887 = LINE('',#5888,#5889);
#5888 = CARTESIAN_POINT('',(-4.571918806191,-0.84,-2.22044604925E-16));
#5889 = VECTOR('',#5890,1.);
#5890 = DIRECTION('',(-1.,1.144237745222E-17,0.));
#5891 = ORIENTED_EDGE('',*,*,#5892,.T.);
#5892 = EDGE_CURVE('',#5885,#5893,#5895,.T.);
#5893 = VERTEX_POINT('',#5894);
#5894 = CARTESIAN_POINT('',(-5.15,-0.84,0.2));
#5895 = LINE('',#5896,#5897);
#5896 = CARTESIAN_POINT('',(-5.15,-0.84,-2.22044604925E-16));
#5897 = VECTOR('',#5898,1.);
#5898 = DIRECTION('',(0.,0.,1.));
#5899 = ORIENTED_EDGE('',*,*,#5900,.T.);
#5900 = EDGE_CURVE('',#5893,#5901,#5903,.T.);
#5901 = VERTEX_POINT('',#5902);
#5902 = CARTESIAN_POINT('',(-4.571918806191,-0.84,0.2));
#5903 = LINE('',#5904,#5905);
#5904 = CARTESIAN_POINT('',(-5.15,-0.84,0.2));
#5905 = VECTOR('',#5906,1.);
#5906 = DIRECTION('',(1.,-1.144237745222E-17,0.));
#5907 = ORIENTED_EDGE('',*,*,#5908,.T.);
#5908 = EDGE_CURVE('',#5901,#5909,#5911,.T.);
#5909 = VERTEX_POINT('',#5910);
#5910 = CARTESIAN_POINT('',(-4.47343803089,-0.84,0.282635182233));
#5911 = CIRCLE('',#5912,0.1);
#5912 = AXIS2_PLACEMENT_3D('',#5913,#5914,#5915);
#5913 = CARTESIAN_POINT('',(-4.571918806191,-0.84,0.3));
#5914 = DIRECTION('',(-1.144237745222E-17,-1.,2.189528850508E-47));
#5915 = DIRECTION('',(-8.881784197001E-15,1.016287272312E-31,-1.));
#5916 = ORIENTED_EDGE('',*,*,#5917,.T.);
#5917 = EDGE_CURVE('',#5909,#5918,#5920,.T.);
#5918 = VERTEX_POINT('',#5919);
#5919 = CARTESIAN_POINT('',(-4.295442325904,-0.84,1.3270944533));
#5920 = LINE('',#5921,#5922);
#5921 = CARTESIAN_POINT('',(-4.47343803089,-0.84,0.282635182233));
#5922 = VECTOR('',#5923,1.);
#5923 = DIRECTION('',(0.167996923731,-1.922284212135E-18,0.985787519508)
  );
#5924 = ORIENTED_EDGE('',*,*,#5925,.T.);
#5925 = EDGE_CURVE('',#5918,#5926,#5928,.T.);
#5926 = VERTEX_POINT('',#5927);
#5927 = CARTESIAN_POINT('',(-4.,-0.84,1.575));
#5928 = CIRCLE('',#5929,0.3);
#5929 = AXIS2_PLACEMENT_3D('',#5930,#5931,#5932);
#5930 = CARTESIAN_POINT('',(-4.,-0.84,1.275));
#5931 = DIRECTION('',(1.144237745222E-17,1.,7.703719777549E-34));
#5932 = DIRECTION('',(-0.984807753012,1.126854202784E-17,0.173648177667)
  );
#5933 = ORIENTED_EDGE('',*,*,#5934,.T.);
#5934 = EDGE_CURVE('',#5926,#2847,#5935,.T.);
#5935 = LINE('',#5936,#5937);
#5936 = CARTESIAN_POINT('',(-4.,-0.84,1.575));
#5937 = VECTOR('',#5938,1.);
#5938 = DIRECTION('',(1.,-1.144237745222E-17,0.));
#5939 = PLANE('',#5940);
#5940 = AXIS2_PLACEMENT_3D('',#5941,#5942,#5943);
#5941 = CARTESIAN_POINT('',(-4.341787690374,-0.84,0.743634917138));
#5942 = DIRECTION('',(1.144237745222E-17,1.,0.));
#5943 = DIRECTION('',(0.,-0.,1.));
#5944 = ADVANCED_FACE('',(#5945),#5964,.F.);
#5945 = FACE_BOUND('',#5946,.F.);
#5946 = EDGE_LOOP('',(#5947,#5948,#5957,#5963));
#5947 = ORIENTED_EDGE('',*,*,#2885,.T.);
#5948 = ORIENTED_EDGE('',*,*,#5949,.T.);
#5949 = EDGE_CURVE('',#2878,#5950,#5952,.T.);
#5950 = VERTEX_POINT('',#5951);
#5951 = CARTESIAN_POINT('',(-4.098480775301,-0.43,1.292364817767));
#5952 = CIRCLE('',#5953,0.1);
#5953 = AXIS2_PLACEMENT_3D('',#5954,#5955,#5956);
#5954 = CARTESIAN_POINT('',(-4.,-0.43,1.275));
#5955 = DIRECTION('',(-1.144237745222E-17,-1.,6.568586551523E-47));
#5956 = DIRECTION('',(8.881784197001E-15,-1.016287272312E-31,1.));
#5957 = ORIENTED_EDGE('',*,*,#5958,.F.);
#5958 = EDGE_CURVE('',#5859,#5950,#5959,.T.);
#5959 = LINE('',#5960,#5961);
#5960 = CARTESIAN_POINT('',(-4.098480775301,-0.84,1.292364817767));
#5961 = VECTOR('',#5962,1.);
#5962 = DIRECTION('',(1.144237745222E-17,1.,0.));
#5963 = ORIENTED_EDGE('',*,*,#5858,.F.);
#5964 = CYLINDRICAL_SURFACE('',#5965,0.1);
#5965 = AXIS2_PLACEMENT_3D('',#5966,#5967,#5968);
#5966 = CARTESIAN_POINT('',(-4.,-0.84,1.275));
#5967 = DIRECTION('',(-1.144237745222E-17,-1.,0.));
#5968 = DIRECTION('',(8.881784197001E-15,-1.016287272312E-31,1.));
#5969 = ADVANCED_FACE('',(#5970),#6048,.T.);
#5970 = FACE_BOUND('',#5971,.T.);
#5971 = EDGE_LOOP('',(#5972,#5973,#5974,#5975,#5983,#5992,#6000,#6008,
    #6016,#6025,#6033,#6042));
#5972 = ORIENTED_EDGE('',*,*,#2899,.F.);
#5973 = ORIENTED_EDGE('',*,*,#2877,.T.);
#5974 = ORIENTED_EDGE('',*,*,#5949,.T.);
#5975 = ORIENTED_EDGE('',*,*,#5976,.T.);
#5976 = EDGE_CURVE('',#5950,#5977,#5979,.T.);
#5977 = VERTEX_POINT('',#5978);
#5978 = CARTESIAN_POINT('',(-4.276476480287,-0.43,0.2479055467));
#5979 = LINE('',#5980,#5981);
#5980 = CARTESIAN_POINT('',(-4.098480775301,-0.43,1.292364817767));
#5981 = VECTOR('',#5982,1.);
#5982 = DIRECTION('',(-0.167996923731,1.922284212135E-18,-0.985787519508
    ));
#5983 = ORIENTED_EDGE('',*,*,#5984,.T.);
#5984 = EDGE_CURVE('',#5977,#5985,#5987,.T.);
#5985 = VERTEX_POINT('',#5986);
#5986 = CARTESIAN_POINT('',(-4.571918806191,-0.43,-2.22044604925E-16));
#5987 = CIRCLE('',#5988,0.3);
#5988 = AXIS2_PLACEMENT_3D('',#5989,#5990,#5991);
#5989 = CARTESIAN_POINT('',(-4.571918806191,-0.43,0.3));
#5990 = DIRECTION('',(1.144237745222E-17,1.,0.));
#5991 = DIRECTION('',(0.984807753012,-1.126854202784E-17,-0.173648177667
    ));
#5992 = ORIENTED_EDGE('',*,*,#5993,.T.);
#5993 = EDGE_CURVE('',#5985,#5994,#5996,.T.);
#5994 = VERTEX_POINT('',#5995);
#5995 = CARTESIAN_POINT('',(-5.15,-0.43,-2.22044604925E-16));
#5996 = LINE('',#5997,#5998);
#5997 = CARTESIAN_POINT('',(-4.571918806191,-0.43,-2.22044604925E-16));
#5998 = VECTOR('',#5999,1.);
#5999 = DIRECTION('',(-1.,1.144237745222E-17,0.));
#6000 = ORIENTED_EDGE('',*,*,#6001,.T.);
#6001 = EDGE_CURVE('',#5994,#6002,#6004,.T.);
#6002 = VERTEX_POINT('',#6003);
#6003 = CARTESIAN_POINT('',(-5.15,-0.43,0.2));
#6004 = LINE('',#6005,#6006);
#6005 = CARTESIAN_POINT('',(-5.15,-0.43,-2.22044604925E-16));
#6006 = VECTOR('',#6007,1.);
#6007 = DIRECTION('',(0.,0.,1.));
#6008 = ORIENTED_EDGE('',*,*,#6009,.T.);
#6009 = EDGE_CURVE('',#6002,#6010,#6012,.T.);
#6010 = VERTEX_POINT('',#6011);
#6011 = CARTESIAN_POINT('',(-4.571918806191,-0.43,0.2));
#6012 = LINE('',#6013,#6014);
#6013 = CARTESIAN_POINT('',(-5.15,-0.43,0.2));
#6014 = VECTOR('',#6015,1.);
#6015 = DIRECTION('',(1.,-1.144237745222E-17,0.));
#6016 = ORIENTED_EDGE('',*,*,#6017,.T.);
#6017 = EDGE_CURVE('',#6010,#6018,#6020,.T.);
#6018 = VERTEX_POINT('',#6019);
#6019 = CARTESIAN_POINT('',(-4.47343803089,-0.43,0.282635182233));
#6020 = CIRCLE('',#6021,0.1);
#6021 = AXIS2_PLACEMENT_3D('',#6022,#6023,#6024);
#6022 = CARTESIAN_POINT('',(-4.571918806191,-0.43,0.3));
#6023 = DIRECTION('',(-1.144237745222E-17,-1.,2.189528850508E-47));
#6024 = DIRECTION('',(-8.881784197001E-15,1.016287272312E-31,-1.));
#6025 = ORIENTED_EDGE('',*,*,#6026,.T.);
#6026 = EDGE_CURVE('',#6018,#6027,#6029,.T.);
#6027 = VERTEX_POINT('',#6028);
#6028 = CARTESIAN_POINT('',(-4.295442325904,-0.43,1.3270944533));
#6029 = LINE('',#6030,#6031);
#6030 = CARTESIAN_POINT('',(-4.47343803089,-0.43,0.282635182233));
#6031 = VECTOR('',#6032,1.);
#6032 = DIRECTION('',(0.167996923731,-1.922284212135E-18,0.985787519508)
  );
#6033 = ORIENTED_EDGE('',*,*,#6034,.T.);
#6034 = EDGE_CURVE('',#6027,#6035,#6037,.T.);
#6035 = VERTEX_POINT('',#6036);
#6036 = CARTESIAN_POINT('',(-4.,-0.43,1.575));
#6037 = CIRCLE('',#6038,0.3);
#6038 = AXIS2_PLACEMENT_3D('',#6039,#6040,#6041);
#6039 = CARTESIAN_POINT('',(-4.,-0.43,1.275));
#6040 = DIRECTION('',(1.144237745222E-17,1.,7.703719777549E-34));
#6041 = DIRECTION('',(-0.984807753012,1.126854202784E-17,0.173648177667)
  );
#6042 = ORIENTED_EDGE('',*,*,#6043,.T.);
#6043 = EDGE_CURVE('',#6035,#2900,#6044,.T.);
#6044 = LINE('',#6045,#6046);
#6045 = CARTESIAN_POINT('',(-4.,-0.43,1.575));
#6046 = VECTOR('',#6047,1.);
#6047 = DIRECTION('',(1.,-1.144237745222E-17,0.));
#6048 = PLANE('',#6049);
#6049 = AXIS2_PLACEMENT_3D('',#6050,#6051,#6052);
#6050 = CARTESIAN_POINT('',(-4.341787690374,-0.43,0.743634917138));
#6051 = DIRECTION('',(1.144237745222E-17,1.,0.));
#6052 = DIRECTION('',(0.,-0.,1.));
#6053 = ADVANCED_FACE('',(#6054),#6070,.F.);
#6054 = FACE_BOUND('',#6055,.F.);
#6055 = EDGE_LOOP('',(#6056,#6057,#6063,#6064));
#6056 = ORIENTED_EDGE('',*,*,#2916,.T.);
#6057 = ORIENTED_EDGE('',*,*,#6058,.T.);
#6058 = EDGE_CURVE('',#2909,#4255,#6059,.T.);
#6059 = LINE('',#6060,#6061);
#6060 = CARTESIAN_POINT('',(-4.,0.43,1.575));
#6061 = VECTOR('',#6062,1.);
#6062 = DIRECTION('',(1.,-1.144237745222E-17,0.));
#6063 = ORIENTED_EDGE('',*,*,#4254,.F.);
#6064 = ORIENTED_EDGE('',*,*,#6065,.F.);
#6065 = EDGE_CURVE('',#2900,#4247,#6066,.T.);
#6066 = LINE('',#6067,#6068);
#6067 = CARTESIAN_POINT('',(-4.,-0.43,1.575));
#6068 = VECTOR('',#6069,1.);
#6069 = DIRECTION('',(1.,-1.144237745222E-17,0.));
#6070 = PLANE('',#6071);
#6071 = AXIS2_PLACEMENT_3D('',#6072,#6073,#6074);
#6072 = CARTESIAN_POINT('',(-6.818810897008E-16,7.6625,1.575));
#6073 = DIRECTION('',(1.36606555458E-31,1.361853537021E-27,-1.));
#6074 = DIRECTION('',(1.,1.109316052857E-16,1.366065554582E-31));
#6075 = ADVANCED_FACE('',(#6076),#6162,.F.);
#6076 = FACE_BOUND('',#6077,.F.);
#6077 = EDGE_LOOP('',(#6078,#6079,#6080,#6089,#6097,#6106,#6114,#6122,
    #6130,#6139,#6147,#6156));
#6078 = ORIENTED_EDGE('',*,*,#2908,.F.);
#6079 = ORIENTED_EDGE('',*,*,#2930,.T.);
#6080 = ORIENTED_EDGE('',*,*,#6081,.T.);
#6081 = EDGE_CURVE('',#2931,#6082,#6084,.T.);
#6082 = VERTEX_POINT('',#6083);
#6083 = CARTESIAN_POINT('',(-4.098480775301,0.43,1.292364817767));
#6084 = CIRCLE('',#6085,0.1);
#6085 = AXIS2_PLACEMENT_3D('',#6086,#6087,#6088);
#6086 = CARTESIAN_POINT('',(-4.,0.43,1.275));
#6087 = DIRECTION('',(-1.144237745222E-17,-1.,6.568586551523E-47));
#6088 = DIRECTION('',(8.881784197001E-15,-1.016287272312E-31,1.));
#6089 = ORIENTED_EDGE('',*,*,#6090,.T.);
#6090 = EDGE_CURVE('',#6082,#6091,#6093,.T.);
#6091 = VERTEX_POINT('',#6092);
#6092 = CARTESIAN_POINT('',(-4.276476480287,0.43,0.2479055467));
#6093 = LINE('',#6094,#6095);
#6094 = CARTESIAN_POINT('',(-4.098480775301,0.43,1.292364817767));
#6095 = VECTOR('',#6096,1.);
#6096 = DIRECTION('',(-0.167996923731,1.922284212135E-18,-0.985787519508
    ));
#6097 = ORIENTED_EDGE('',*,*,#6098,.T.);
#6098 = EDGE_CURVE('',#6091,#6099,#6101,.T.);
#6099 = VERTEX_POINT('',#6100);
#6100 = CARTESIAN_POINT('',(-4.571918806191,0.43,-2.22044604925E-16));
#6101 = CIRCLE('',#6102,0.3);
#6102 = AXIS2_PLACEMENT_3D('',#6103,#6104,#6105);
#6103 = CARTESIAN_POINT('',(-4.571918806191,0.43,0.3));
#6104 = DIRECTION('',(1.144237745222E-17,1.,0.));
#6105 = DIRECTION('',(0.984807753012,-1.126854202784E-17,-0.173648177667
    ));
#6106 = ORIENTED_EDGE('',*,*,#6107,.T.);
#6107 = EDGE_CURVE('',#6099,#6108,#6110,.T.);
#6108 = VERTEX_POINT('',#6109);
#6109 = CARTESIAN_POINT('',(-5.15,0.43,-2.22044604925E-16));
#6110 = LINE('',#6111,#6112);
#6111 = CARTESIAN_POINT('',(-4.571918806191,0.43,-2.22044604925E-16));
#6112 = VECTOR('',#6113,1.);
#6113 = DIRECTION('',(-1.,1.144237745222E-17,0.));
#6114 = ORIENTED_EDGE('',*,*,#6115,.T.);
#6115 = EDGE_CURVE('',#6108,#6116,#6118,.T.);
#6116 = VERTEX_POINT('',#6117);
#6117 = CARTESIAN_POINT('',(-5.15,0.43,0.2));
#6118 = LINE('',#6119,#6120);
#6119 = CARTESIAN_POINT('',(-5.15,0.43,-2.22044604925E-16));
#6120 = VECTOR('',#6121,1.);
#6121 = DIRECTION('',(0.,0.,1.));
#6122 = ORIENTED_EDGE('',*,*,#6123,.T.);
#6123 = EDGE_CURVE('',#6116,#6124,#6126,.T.);
#6124 = VERTEX_POINT('',#6125);
#6125 = CARTESIAN_POINT('',(-4.571918806191,0.43,0.2));
#6126 = LINE('',#6127,#6128);
#6127 = CARTESIAN_POINT('',(-5.15,0.43,0.2));
#6128 = VECTOR('',#6129,1.);
#6129 = DIRECTION('',(1.,-1.144237745222E-17,0.));
#6130 = ORIENTED_EDGE('',*,*,#6131,.T.);
#6131 = EDGE_CURVE('',#6124,#6132,#6134,.T.);
#6132 = VERTEX_POINT('',#6133);
#6133 = CARTESIAN_POINT('',(-4.47343803089,0.43,0.282635182233));
#6134 = CIRCLE('',#6135,0.1);
#6135 = AXIS2_PLACEMENT_3D('',#6136,#6137,#6138);
#6136 = CARTESIAN_POINT('',(-4.571918806191,0.43,0.3));
#6137 = DIRECTION('',(-1.144237745222E-17,-1.,2.189528850508E-47));
#6138 = DIRECTION('',(-8.881784197001E-15,1.016287272312E-31,-1.));
#6139 = ORIENTED_EDGE('',*,*,#6140,.T.);
#6140 = EDGE_CURVE('',#6132,#6141,#6143,.T.);
#6141 = VERTEX_POINT('',#6142);
#6142 = CARTESIAN_POINT('',(-4.295442325904,0.43,1.3270944533));
#6143 = LINE('',#6144,#6145);
#6144 = CARTESIAN_POINT('',(-4.47343803089,0.43,0.282635182233));
#6145 = VECTOR('',#6146,1.);
#6146 = DIRECTION('',(0.167996923731,-1.922284212135E-18,0.985787519508)
  );
#6147 = ORIENTED_EDGE('',*,*,#6148,.T.);
#6148 = EDGE_CURVE('',#6141,#6149,#6151,.T.);
#6149 = VERTEX_POINT('',#6150);
#6150 = CARTESIAN_POINT('',(-4.,0.43,1.575));
#6151 = CIRCLE('',#6152,0.3);
#6152 = AXIS2_PLACEMENT_3D('',#6153,#6154,#6155);
#6153 = CARTESIAN_POINT('',(-4.,0.43,1.275));
#6154 = DIRECTION('',(1.144237745222E-17,1.,7.703719777549E-34));
#6155 = DIRECTION('',(-0.984807753012,1.126854202784E-17,0.173648177667)
  );
#6156 = ORIENTED_EDGE('',*,*,#6157,.T.);
#6157 = EDGE_CURVE('',#6149,#2909,#6158,.T.);
#6158 = LINE('',#6159,#6160);
#6159 = CARTESIAN_POINT('',(-4.,0.43,1.575));
#6160 = VECTOR('',#6161,1.);
#6161 = DIRECTION('',(1.,-1.144237745222E-17,0.));
#6162 = PLANE('',#6163);
#6163 = AXIS2_PLACEMENT_3D('',#6164,#6165,#6166);
#6164 = CARTESIAN_POINT('',(-4.341787690374,0.43,0.743634917138));
#6165 = DIRECTION('',(1.144237745222E-17,1.,0.));
#6166 = DIRECTION('',(0.,-0.,1.));
#6167 = ADVANCED_FACE('',(#6168),#6187,.F.);
#6168 = FACE_BOUND('',#6169,.F.);
#6169 = EDGE_LOOP('',(#6170,#6171,#6180,#6186));
#6170 = ORIENTED_EDGE('',*,*,#2947,.T.);
#6171 = ORIENTED_EDGE('',*,*,#6172,.T.);
#6172 = EDGE_CURVE('',#2940,#6173,#6175,.T.);
#6173 = VERTEX_POINT('',#6174);
#6174 = CARTESIAN_POINT('',(-4.098480775301,0.84,1.292364817767));
#6175 = CIRCLE('',#6176,0.1);
#6176 = AXIS2_PLACEMENT_3D('',#6177,#6178,#6179);
#6177 = CARTESIAN_POINT('',(-4.,0.84,1.275));
#6178 = DIRECTION('',(-1.144237745222E-17,-1.,6.568586551523E-47));
#6179 = DIRECTION('',(8.881784197001E-15,-1.016287272312E-31,1.));
#6180 = ORIENTED_EDGE('',*,*,#6181,.F.);
#6181 = EDGE_CURVE('',#6082,#6173,#6182,.T.);
#6182 = LINE('',#6183,#6184);
#6183 = CARTESIAN_POINT('',(-4.098480775301,0.43,1.292364817767));
#6184 = VECTOR('',#6185,1.);
#6185 = DIRECTION('',(1.144237745222E-17,1.,0.));
#6186 = ORIENTED_EDGE('',*,*,#6081,.F.);
#6187 = CYLINDRICAL_SURFACE('',#6188,0.1);
#6188 = AXIS2_PLACEMENT_3D('',#6189,#6190,#6191);
#6189 = CARTESIAN_POINT('',(-4.,0.43,1.275));
#6190 = DIRECTION('',(-1.144237745222E-17,-1.,0.));
#6191 = DIRECTION('',(8.881784197001E-15,-1.016287272312E-31,1.));
#6192 = ADVANCED_FACE('',(#6193),#6271,.T.);
#6193 = FACE_BOUND('',#6194,.T.);
#6194 = EDGE_LOOP('',(#6195,#6196,#6197,#6198,#6206,#6215,#6223,#6231,
    #6239,#6248,#6256,#6265));
#6195 = ORIENTED_EDGE('',*,*,#2961,.F.);
#6196 = ORIENTED_EDGE('',*,*,#2939,.T.);
#6197 = ORIENTED_EDGE('',*,*,#6172,.T.);
#6198 = ORIENTED_EDGE('',*,*,#6199,.T.);
#6199 = EDGE_CURVE('',#6173,#6200,#6202,.T.);
#6200 = VERTEX_POINT('',#6201);
#6201 = CARTESIAN_POINT('',(-4.276476480287,0.84,0.2479055467));
#6202 = LINE('',#6203,#6204);
#6203 = CARTESIAN_POINT('',(-4.098480775301,0.84,1.292364817767));
#6204 = VECTOR('',#6205,1.);
#6205 = DIRECTION('',(-0.167996923731,1.922284212135E-18,-0.985787519508
    ));
#6206 = ORIENTED_EDGE('',*,*,#6207,.T.);
#6207 = EDGE_CURVE('',#6200,#6208,#6210,.T.);
#6208 = VERTEX_POINT('',#6209);
#6209 = CARTESIAN_POINT('',(-4.571918806191,0.84,-2.22044604925E-16));
#6210 = CIRCLE('',#6211,0.3);
#6211 = AXIS2_PLACEMENT_3D('',#6212,#6213,#6214);
#6212 = CARTESIAN_POINT('',(-4.571918806191,0.84,0.3));
#6213 = DIRECTION('',(1.144237745222E-17,1.,0.));
#6214 = DIRECTION('',(0.984807753012,-1.126854202784E-17,-0.173648177667
    ));
#6215 = ORIENTED_EDGE('',*,*,#6216,.T.);
#6216 = EDGE_CURVE('',#6208,#6217,#6219,.T.);
#6217 = VERTEX_POINT('',#6218);
#6218 = CARTESIAN_POINT('',(-5.15,0.84,-2.22044604925E-16));
#6219 = LINE('',#6220,#6221);
#6220 = CARTESIAN_POINT('',(-4.571918806191,0.84,-2.22044604925E-16));
#6221 = VECTOR('',#6222,1.);
#6222 = DIRECTION('',(-1.,1.144237745222E-17,0.));
#6223 = ORIENTED_EDGE('',*,*,#6224,.T.);
#6224 = EDGE_CURVE('',#6217,#6225,#6227,.T.);
#6225 = VERTEX_POINT('',#6226);
#6226 = CARTESIAN_POINT('',(-5.15,0.84,0.2));
#6227 = LINE('',#6228,#6229);
#6228 = CARTESIAN_POINT('',(-5.15,0.84,-2.22044604925E-16));
#6229 = VECTOR('',#6230,1.);
#6230 = DIRECTION('',(0.,0.,1.));
#6231 = ORIENTED_EDGE('',*,*,#6232,.T.);
#6232 = EDGE_CURVE('',#6225,#6233,#6235,.T.);
#6233 = VERTEX_POINT('',#6234);
#6234 = CARTESIAN_POINT('',(-4.571918806191,0.84,0.2));
#6235 = LINE('',#6236,#6237);
#6236 = CARTESIAN_POINT('',(-5.15,0.84,0.2));
#6237 = VECTOR('',#6238,1.);
#6238 = DIRECTION('',(1.,-1.144237745222E-17,0.));
#6239 = ORIENTED_EDGE('',*,*,#6240,.T.);
#6240 = EDGE_CURVE('',#6233,#6241,#6243,.T.);
#6241 = VERTEX_POINT('',#6242);
#6242 = CARTESIAN_POINT('',(-4.47343803089,0.84,0.282635182233));
#6243 = CIRCLE('',#6244,0.1);
#6244 = AXIS2_PLACEMENT_3D('',#6245,#6246,#6247);
#6245 = CARTESIAN_POINT('',(-4.571918806191,0.84,0.3));
#6246 = DIRECTION('',(-1.144237745222E-17,-1.,2.189528850508E-47));
#6247 = DIRECTION('',(-8.881784197001E-15,1.016287272312E-31,-1.));
#6248 = ORIENTED_EDGE('',*,*,#6249,.T.);
#6249 = EDGE_CURVE('',#6241,#6250,#6252,.T.);
#6250 = VERTEX_POINT('',#6251);
#6251 = CARTESIAN_POINT('',(-4.295442325904,0.84,1.3270944533));
#6252 = LINE('',#6253,#6254);
#6253 = CARTESIAN_POINT('',(-4.47343803089,0.84,0.282635182233));
#6254 = VECTOR('',#6255,1.);
#6255 = DIRECTION('',(0.167996923731,-1.922284212135E-18,0.985787519508)
  );
#6256 = ORIENTED_EDGE('',*,*,#6257,.T.);
#6257 = EDGE_CURVE('',#6250,#6258,#6260,.T.);
#6258 = VERTEX_POINT('',#6259);
#6259 = CARTESIAN_POINT('',(-4.,0.84,1.575));
#6260 = CIRCLE('',#6261,0.3);
#6261 = AXIS2_PLACEMENT_3D('',#6262,#6263,#6264);
#6262 = CARTESIAN_POINT('',(-4.,0.84,1.275));
#6263 = DIRECTION('',(1.144237745222E-17,1.,7.703719777549E-34));
#6264 = DIRECTION('',(-0.984807753012,1.126854202784E-17,0.173648177667)
  );
#6265 = ORIENTED_EDGE('',*,*,#6266,.T.);
#6266 = EDGE_CURVE('',#6258,#2962,#6267,.T.);
#6267 = LINE('',#6268,#6269);
#6268 = CARTESIAN_POINT('',(-4.,0.84,1.575));
#6269 = VECTOR('',#6270,1.);
#6270 = DIRECTION('',(1.,-1.144237745222E-17,0.));
#6271 = PLANE('',#6272);
#6272 = AXIS2_PLACEMENT_3D('',#6273,#6274,#6275);
#6273 = CARTESIAN_POINT('',(-4.341787690374,0.84,0.743634917138));
#6274 = DIRECTION('',(1.144237745222E-17,1.,0.));
#6275 = DIRECTION('',(0.,-0.,1.));
#6276 = ADVANCED_FACE('',(#6277),#6293,.F.);
#6277 = FACE_BOUND('',#6278,.F.);
#6278 = EDGE_LOOP('',(#6279,#6280,#6286,#6287));
#6279 = ORIENTED_EDGE('',*,*,#2978,.T.);
#6280 = ORIENTED_EDGE('',*,*,#6281,.T.);
#6281 = EDGE_CURVE('',#2971,#4271,#6282,.T.);
#6282 = LINE('',#6283,#6284);
#6283 = CARTESIAN_POINT('',(-4.,1.7,1.575));
#6284 = VECTOR('',#6285,1.);
#6285 = DIRECTION('',(1.,-1.144237745222E-17,0.));
#6286 = ORIENTED_EDGE('',*,*,#4270,.F.);
#6287 = ORIENTED_EDGE('',*,*,#6288,.F.);
#6288 = EDGE_CURVE('',#2962,#4263,#6289,.T.);
#6289 = LINE('',#6290,#6291);
#6290 = CARTESIAN_POINT('',(-4.,0.84,1.575));
#6291 = VECTOR('',#6292,1.);
#6292 = DIRECTION('',(1.,-1.144237745222E-17,0.));
#6293 = PLANE('',#6294);
#6294 = AXIS2_PLACEMENT_3D('',#6295,#6296,#6297);
#6295 = CARTESIAN_POINT('',(-6.818810897008E-16,7.6625,1.575));
#6296 = DIRECTION('',(1.36606555458E-31,1.361853537021E-27,-1.));
#6297 = DIRECTION('',(1.,1.109316052857E-16,1.366065554582E-31));
#6298 = ADVANCED_FACE('',(#6299),#6385,.F.);
#6299 = FACE_BOUND('',#6300,.F.);
#6300 = EDGE_LOOP('',(#6301,#6302,#6303,#6312,#6320,#6329,#6337,#6345,
    #6353,#6362,#6370,#6379));
#6301 = ORIENTED_EDGE('',*,*,#2970,.F.);
#6302 = ORIENTED_EDGE('',*,*,#2992,.T.);
#6303 = ORIENTED_EDGE('',*,*,#6304,.T.);
#6304 = EDGE_CURVE('',#2993,#6305,#6307,.T.);
#6305 = VERTEX_POINT('',#6306);
#6306 = CARTESIAN_POINT('',(-4.098480775301,1.7,1.292364817767));
#6307 = CIRCLE('',#6308,0.1);
#6308 = AXIS2_PLACEMENT_3D('',#6309,#6310,#6311);
#6309 = CARTESIAN_POINT('',(-4.,1.7,1.275));
#6310 = DIRECTION('',(-1.144237745222E-17,-1.,6.568586551523E-47));
#6311 = DIRECTION('',(8.881784197001E-15,-1.016287272312E-31,1.));
#6312 = ORIENTED_EDGE('',*,*,#6313,.T.);
#6313 = EDGE_CURVE('',#6305,#6314,#6316,.T.);
#6314 = VERTEX_POINT('',#6315);
#6315 = CARTESIAN_POINT('',(-4.276476480287,1.7,0.2479055467));
#6316 = LINE('',#6317,#6318);
#6317 = CARTESIAN_POINT('',(-4.098480775301,1.7,1.292364817767));
#6318 = VECTOR('',#6319,1.);
#6319 = DIRECTION('',(-0.167996923731,1.922284212135E-18,-0.985787519508
    ));
#6320 = ORIENTED_EDGE('',*,*,#6321,.T.);
#6321 = EDGE_CURVE('',#6314,#6322,#6324,.T.);
#6322 = VERTEX_POINT('',#6323);
#6323 = CARTESIAN_POINT('',(-4.571918806191,1.7,-2.22044604925E-16));
#6324 = CIRCLE('',#6325,0.3);
#6325 = AXIS2_PLACEMENT_3D('',#6326,#6327,#6328);
#6326 = CARTESIAN_POINT('',(-4.571918806191,1.7,0.3));
#6327 = DIRECTION('',(1.144237745222E-17,1.,0.));
#6328 = DIRECTION('',(0.984807753012,-1.126854202784E-17,-0.173648177667
    ));
#6329 = ORIENTED_EDGE('',*,*,#6330,.T.);
#6330 = EDGE_CURVE('',#6322,#6331,#6333,.T.);
#6331 = VERTEX_POINT('',#6332);
#6332 = CARTESIAN_POINT('',(-5.15,1.7,-2.22044604925E-16));
#6333 = LINE('',#6334,#6335);
#6334 = CARTESIAN_POINT('',(-4.571918806191,1.7,-2.22044604925E-16));
#6335 = VECTOR('',#6336,1.);
#6336 = DIRECTION('',(-1.,1.144237745222E-17,0.));
#6337 = ORIENTED_EDGE('',*,*,#6338,.T.);
#6338 = EDGE_CURVE('',#6331,#6339,#6341,.T.);
#6339 = VERTEX_POINT('',#6340);
#6340 = CARTESIAN_POINT('',(-5.15,1.7,0.2));
#6341 = LINE('',#6342,#6343);
#6342 = CARTESIAN_POINT('',(-5.15,1.7,-2.22044604925E-16));
#6343 = VECTOR('',#6344,1.);
#6344 = DIRECTION('',(0.,0.,1.));
#6345 = ORIENTED_EDGE('',*,*,#6346,.T.);
#6346 = EDGE_CURVE('',#6339,#6347,#6349,.T.);
#6347 = VERTEX_POINT('',#6348);
#6348 = CARTESIAN_POINT('',(-4.571918806191,1.7,0.2));
#6349 = LINE('',#6350,#6351);
#6350 = CARTESIAN_POINT('',(-5.15,1.7,0.2));
#6351 = VECTOR('',#6352,1.);
#6352 = DIRECTION('',(1.,-1.144237745222E-17,0.));
#6353 = ORIENTED_EDGE('',*,*,#6354,.T.);
#6354 = EDGE_CURVE('',#6347,#6355,#6357,.T.);
#6355 = VERTEX_POINT('',#6356);
#6356 = CARTESIAN_POINT('',(-4.47343803089,1.7,0.282635182233));
#6357 = CIRCLE('',#6358,0.1);
#6358 = AXIS2_PLACEMENT_3D('',#6359,#6360,#6361);
#6359 = CARTESIAN_POINT('',(-4.571918806191,1.7,0.3));
#6360 = DIRECTION('',(-1.144237745222E-17,-1.,2.189528850508E-47));
#6361 = DIRECTION('',(-8.881784197001E-15,1.016287272312E-31,-1.));
#6362 = ORIENTED_EDGE('',*,*,#6363,.T.);
#6363 = EDGE_CURVE('',#6355,#6364,#6366,.T.);
#6364 = VERTEX_POINT('',#6365);
#6365 = CARTESIAN_POINT('',(-4.295442325904,1.7,1.3270944533));
#6366 = LINE('',#6367,#6368);
#6367 = CARTESIAN_POINT('',(-4.47343803089,1.7,0.282635182233));
#6368 = VECTOR('',#6369,1.);
#6369 = DIRECTION('',(0.167996923731,-1.922284212135E-18,0.985787519508)
  );
#6370 = ORIENTED_EDGE('',*,*,#6371,.T.);
#6371 = EDGE_CURVE('',#6364,#6372,#6374,.T.);
#6372 = VERTEX_POINT('',#6373);
#6373 = CARTESIAN_POINT('',(-4.,1.7,1.575));
#6374 = CIRCLE('',#6375,0.3);
#6375 = AXIS2_PLACEMENT_3D('',#6376,#6377,#6378);
#6376 = CARTESIAN_POINT('',(-4.,1.7,1.275));
#6377 = DIRECTION('',(1.144237745222E-17,1.,7.703719777549E-34));
#6378 = DIRECTION('',(-0.984807753012,1.126854202784E-17,0.173648177667)
  );
#6379 = ORIENTED_EDGE('',*,*,#6380,.T.);
#6380 = EDGE_CURVE('',#6372,#2971,#6381,.T.);
#6381 = LINE('',#6382,#6383);
#6382 = CARTESIAN_POINT('',(-4.,1.7,1.575));
#6383 = VECTOR('',#6384,1.);
#6384 = DIRECTION('',(1.,-1.144237745222E-17,0.));
#6385 = PLANE('',#6386);
#6386 = AXIS2_PLACEMENT_3D('',#6387,#6388,#6389);
#6387 = CARTESIAN_POINT('',(-4.341787690374,1.7,0.743634917138));
#6388 = DIRECTION('',(1.144237745222E-17,1.,0.));
#6389 = DIRECTION('',(0.,-0.,1.));
#6390 = ADVANCED_FACE('',(#6391),#6410,.F.);
#6391 = FACE_BOUND('',#6392,.F.);
#6392 = EDGE_LOOP('',(#6393,#6394,#6403,#6409));
#6393 = ORIENTED_EDGE('',*,*,#3009,.T.);
#6394 = ORIENTED_EDGE('',*,*,#6395,.T.);
#6395 = EDGE_CURVE('',#3002,#6396,#6398,.T.);
#6396 = VERTEX_POINT('',#6397);
#6397 = CARTESIAN_POINT('',(-4.098480775301,2.11,1.292364817767));
#6398 = CIRCLE('',#6399,0.1);
#6399 = AXIS2_PLACEMENT_3D('',#6400,#6401,#6402);
#6400 = CARTESIAN_POINT('',(-4.,2.11,1.275));
#6401 = DIRECTION('',(-1.144237745222E-17,-1.,6.568586551523E-47));
#6402 = DIRECTION('',(8.881784197001E-15,-1.016287272312E-31,1.));
#6403 = ORIENTED_EDGE('',*,*,#6404,.F.);
#6404 = EDGE_CURVE('',#6305,#6396,#6405,.T.);
#6405 = LINE('',#6406,#6407);
#6406 = CARTESIAN_POINT('',(-4.098480775301,1.7,1.292364817767));
#6407 = VECTOR('',#6408,1.);
#6408 = DIRECTION('',(1.144237745222E-17,1.,0.));
#6409 = ORIENTED_EDGE('',*,*,#6304,.F.);
#6410 = CYLINDRICAL_SURFACE('',#6411,0.1);
#6411 = AXIS2_PLACEMENT_3D('',#6412,#6413,#6414);
#6412 = CARTESIAN_POINT('',(-4.,1.7,1.275));
#6413 = DIRECTION('',(-1.144237745222E-17,-1.,0.));
#6414 = DIRECTION('',(8.881784197001E-15,-1.016287272312E-31,1.));
#6415 = ADVANCED_FACE('',(#6416),#6494,.T.);
#6416 = FACE_BOUND('',#6417,.T.);
#6417 = EDGE_LOOP('',(#6418,#6419,#6420,#6421,#6429,#6438,#6446,#6454,
    #6462,#6471,#6479,#6488));
#6418 = ORIENTED_EDGE('',*,*,#3023,.F.);
#6419 = ORIENTED_EDGE('',*,*,#3001,.T.);
#6420 = ORIENTED_EDGE('',*,*,#6395,.T.);
#6421 = ORIENTED_EDGE('',*,*,#6422,.T.);
#6422 = EDGE_CURVE('',#6396,#6423,#6425,.T.);
#6423 = VERTEX_POINT('',#6424);
#6424 = CARTESIAN_POINT('',(-4.276476480287,2.11,0.2479055467));
#6425 = LINE('',#6426,#6427);
#6426 = CARTESIAN_POINT('',(-4.098480775301,2.11,1.292364817767));
#6427 = VECTOR('',#6428,1.);
#6428 = DIRECTION('',(-0.167996923731,1.922284212135E-18,-0.985787519508
    ));
#6429 = ORIENTED_EDGE('',*,*,#6430,.T.);
#6430 = EDGE_CURVE('',#6423,#6431,#6433,.T.);
#6431 = VERTEX_POINT('',#6432);
#6432 = CARTESIAN_POINT('',(-4.571918806191,2.11,-2.22044604925E-16));
#6433 = CIRCLE('',#6434,0.3);
#6434 = AXIS2_PLACEMENT_3D('',#6435,#6436,#6437);
#6435 = CARTESIAN_POINT('',(-4.571918806191,2.11,0.3));
#6436 = DIRECTION('',(1.144237745222E-17,1.,0.));
#6437 = DIRECTION('',(0.984807753012,-1.126854202784E-17,-0.173648177667
    ));
#6438 = ORIENTED_EDGE('',*,*,#6439,.T.);
#6439 = EDGE_CURVE('',#6431,#6440,#6442,.T.);
#6440 = VERTEX_POINT('',#6441);
#6441 = CARTESIAN_POINT('',(-5.15,2.11,-2.22044604925E-16));
#6442 = LINE('',#6443,#6444);
#6443 = CARTESIAN_POINT('',(-4.571918806191,2.11,-2.22044604925E-16));
#6444 = VECTOR('',#6445,1.);
#6445 = DIRECTION('',(-1.,1.144237745222E-17,0.));
#6446 = ORIENTED_EDGE('',*,*,#6447,.T.);
#6447 = EDGE_CURVE('',#6440,#6448,#6450,.T.);
#6448 = VERTEX_POINT('',#6449);
#6449 = CARTESIAN_POINT('',(-5.15,2.11,0.2));
#6450 = LINE('',#6451,#6452);
#6451 = CARTESIAN_POINT('',(-5.15,2.11,-2.22044604925E-16));
#6452 = VECTOR('',#6453,1.);
#6453 = DIRECTION('',(0.,0.,1.));
#6454 = ORIENTED_EDGE('',*,*,#6455,.T.);
#6455 = EDGE_CURVE('',#6448,#6456,#6458,.T.);
#6456 = VERTEX_POINT('',#6457);
#6457 = CARTESIAN_POINT('',(-4.571918806191,2.11,0.2));
#6458 = LINE('',#6459,#6460);
#6459 = CARTESIAN_POINT('',(-5.15,2.11,0.2));
#6460 = VECTOR('',#6461,1.);
#6461 = DIRECTION('',(1.,-1.144237745222E-17,0.));
#6462 = ORIENTED_EDGE('',*,*,#6463,.T.);
#6463 = EDGE_CURVE('',#6456,#6464,#6466,.T.);
#6464 = VERTEX_POINT('',#6465);
#6465 = CARTESIAN_POINT('',(-4.47343803089,2.11,0.282635182233));
#6466 = CIRCLE('',#6467,0.1);
#6467 = AXIS2_PLACEMENT_3D('',#6468,#6469,#6470);
#6468 = CARTESIAN_POINT('',(-4.571918806191,2.11,0.3));
#6469 = DIRECTION('',(-1.144237745222E-17,-1.,2.189528850508E-47));
#6470 = DIRECTION('',(-8.881784197001E-15,1.016287272312E-31,-1.));
#6471 = ORIENTED_EDGE('',*,*,#6472,.T.);
#6472 = EDGE_CURVE('',#6464,#6473,#6475,.T.);
#6473 = VERTEX_POINT('',#6474);
#6474 = CARTESIAN_POINT('',(-4.295442325904,2.11,1.3270944533));
#6475 = LINE('',#6476,#6477);
#6476 = CARTESIAN_POINT('',(-4.47343803089,2.11,0.282635182233));
#6477 = VECTOR('',#6478,1.);
#6478 = DIRECTION('',(0.167996923731,-1.922284212135E-18,0.985787519508)
  );
#6479 = ORIENTED_EDGE('',*,*,#6480,.T.);
#6480 = EDGE_CURVE('',#6473,#6481,#6483,.T.);
#6481 = VERTEX_POINT('',#6482);
#6482 = CARTESIAN_POINT('',(-4.,2.11,1.575));
#6483 = CIRCLE('',#6484,0.3);
#6484 = AXIS2_PLACEMENT_3D('',#6485,#6486,#6487);
#6485 = CARTESIAN_POINT('',(-4.,2.11,1.275));
#6486 = DIRECTION('',(1.144237745222E-17,1.,7.703719777549E-34));
#6487 = DIRECTION('',(-0.984807753012,1.126854202784E-17,0.173648177667)
  );
#6488 = ORIENTED_EDGE('',*,*,#6489,.T.);
#6489 = EDGE_CURVE('',#6481,#3024,#6490,.T.);
#6490 = LINE('',#6491,#6492);
#6491 = CARTESIAN_POINT('',(-4.,2.11,1.575));
#6492 = VECTOR('',#6493,1.);
#6493 = DIRECTION('',(1.,-1.144237745222E-17,0.));
#6494 = PLANE('',#6495);
#6495 = AXIS2_PLACEMENT_3D('',#6496,#6497,#6498);
#6496 = CARTESIAN_POINT('',(-4.341787690374,2.11,0.743634917138));
#6497 = DIRECTION('',(1.144237745222E-17,1.,0.));
#6498 = DIRECTION('',(0.,-0.,1.));
#6499 = ADVANCED_FACE('',(#6500),#6516,.F.);
#6500 = FACE_BOUND('',#6501,.F.);
#6501 = EDGE_LOOP('',(#6502,#6503,#6509,#6510));
#6502 = ORIENTED_EDGE('',*,*,#3040,.T.);
#6503 = ORIENTED_EDGE('',*,*,#6504,.T.);
#6504 = EDGE_CURVE('',#3033,#4287,#6505,.T.);
#6505 = LINE('',#6506,#6507);
#6506 = CARTESIAN_POINT('',(-4.,2.97,1.575));
#6507 = VECTOR('',#6508,1.);
#6508 = DIRECTION('',(1.,-1.144237745222E-17,0.));
#6509 = ORIENTED_EDGE('',*,*,#4286,.F.);
#6510 = ORIENTED_EDGE('',*,*,#6511,.F.);
#6511 = EDGE_CURVE('',#3024,#4279,#6512,.T.);
#6512 = LINE('',#6513,#6514);
#6513 = CARTESIAN_POINT('',(-4.,2.11,1.575));
#6514 = VECTOR('',#6515,1.);
#6515 = DIRECTION('',(1.,-1.144237745222E-17,0.));
#6516 = PLANE('',#6517);
#6517 = AXIS2_PLACEMENT_3D('',#6518,#6519,#6520);
#6518 = CARTESIAN_POINT('',(-6.818810897008E-16,7.6625,1.575));
#6519 = DIRECTION('',(1.36606555458E-31,1.361853537021E-27,-1.));
#6520 = DIRECTION('',(1.,1.109316052857E-16,1.366065554582E-31));
#6521 = ADVANCED_FACE('',(#6522),#6608,.F.);
#6522 = FACE_BOUND('',#6523,.F.);
#6523 = EDGE_LOOP('',(#6524,#6525,#6526,#6535,#6543,#6552,#6560,#6568,
    #6576,#6585,#6593,#6602));
#6524 = ORIENTED_EDGE('',*,*,#3032,.F.);
#6525 = ORIENTED_EDGE('',*,*,#3054,.T.);
#6526 = ORIENTED_EDGE('',*,*,#6527,.T.);
#6527 = EDGE_CURVE('',#3055,#6528,#6530,.T.);
#6528 = VERTEX_POINT('',#6529);
#6529 = CARTESIAN_POINT('',(-4.098480775301,2.97,1.292364817767));
#6530 = CIRCLE('',#6531,0.1);
#6531 = AXIS2_PLACEMENT_3D('',#6532,#6533,#6534);
#6532 = CARTESIAN_POINT('',(-4.,2.97,1.275));
#6533 = DIRECTION('',(-1.144237745222E-17,-1.,6.568586551523E-47));
#6534 = DIRECTION('',(8.881784197001E-15,-1.016287272312E-31,1.));
#6535 = ORIENTED_EDGE('',*,*,#6536,.T.);
#6536 = EDGE_CURVE('',#6528,#6537,#6539,.T.);
#6537 = VERTEX_POINT('',#6538);
#6538 = CARTESIAN_POINT('',(-4.276476480287,2.97,0.2479055467));
#6539 = LINE('',#6540,#6541);
#6540 = CARTESIAN_POINT('',(-4.098480775301,2.97,1.292364817767));
#6541 = VECTOR('',#6542,1.);
#6542 = DIRECTION('',(-0.167996923731,1.922284212135E-18,-0.985787519508
    ));
#6543 = ORIENTED_EDGE('',*,*,#6544,.T.);
#6544 = EDGE_CURVE('',#6537,#6545,#6547,.T.);
#6545 = VERTEX_POINT('',#6546);
#6546 = CARTESIAN_POINT('',(-4.571918806191,2.97,-2.22044604925E-16));
#6547 = CIRCLE('',#6548,0.3);
#6548 = AXIS2_PLACEMENT_3D('',#6549,#6550,#6551);
#6549 = CARTESIAN_POINT('',(-4.571918806191,2.97,0.3));
#6550 = DIRECTION('',(1.144237745222E-17,1.,0.));
#6551 = DIRECTION('',(0.984807753012,-1.126854202784E-17,-0.173648177667
    ));
#6552 = ORIENTED_EDGE('',*,*,#6553,.T.);
#6553 = EDGE_CURVE('',#6545,#6554,#6556,.T.);
#6554 = VERTEX_POINT('',#6555);
#6555 = CARTESIAN_POINT('',(-5.15,2.97,-2.22044604925E-16));
#6556 = LINE('',#6557,#6558);
#6557 = CARTESIAN_POINT('',(-4.571918806191,2.97,-2.22044604925E-16));
#6558 = VECTOR('',#6559,1.);
#6559 = DIRECTION('',(-1.,1.144237745222E-17,0.));
#6560 = ORIENTED_EDGE('',*,*,#6561,.T.);
#6561 = EDGE_CURVE('',#6554,#6562,#6564,.T.);
#6562 = VERTEX_POINT('',#6563);
#6563 = CARTESIAN_POINT('',(-5.15,2.97,0.2));
#6564 = LINE('',#6565,#6566);
#6565 = CARTESIAN_POINT('',(-5.15,2.97,-2.22044604925E-16));
#6566 = VECTOR('',#6567,1.);
#6567 = DIRECTION('',(0.,0.,1.));
#6568 = ORIENTED_EDGE('',*,*,#6569,.T.);
#6569 = EDGE_CURVE('',#6562,#6570,#6572,.T.);
#6570 = VERTEX_POINT('',#6571);
#6571 = CARTESIAN_POINT('',(-4.571918806191,2.97,0.2));
#6572 = LINE('',#6573,#6574);
#6573 = CARTESIAN_POINT('',(-5.15,2.97,0.2));
#6574 = VECTOR('',#6575,1.);
#6575 = DIRECTION('',(1.,-1.144237745222E-17,0.));
#6576 = ORIENTED_EDGE('',*,*,#6577,.T.);
#6577 = EDGE_CURVE('',#6570,#6578,#6580,.T.);
#6578 = VERTEX_POINT('',#6579);
#6579 = CARTESIAN_POINT('',(-4.47343803089,2.97,0.282635182233));
#6580 = CIRCLE('',#6581,0.1);
#6581 = AXIS2_PLACEMENT_3D('',#6582,#6583,#6584);
#6582 = CARTESIAN_POINT('',(-4.571918806191,2.97,0.3));
#6583 = DIRECTION('',(-1.144237745222E-17,-1.,2.189528850508E-47));
#6584 = DIRECTION('',(-8.881784197001E-15,1.016287272312E-31,-1.));
#6585 = ORIENTED_EDGE('',*,*,#6586,.T.);
#6586 = EDGE_CURVE('',#6578,#6587,#6589,.T.);
#6587 = VERTEX_POINT('',#6588);
#6588 = CARTESIAN_POINT('',(-4.295442325904,2.97,1.3270944533));
#6589 = LINE('',#6590,#6591);
#6590 = CARTESIAN_POINT('',(-4.47343803089,2.97,0.282635182233));
#6591 = VECTOR('',#6592,1.);
#6592 = DIRECTION('',(0.167996923731,-1.922284212135E-18,0.985787519508)
  );
#6593 = ORIENTED_EDGE('',*,*,#6594,.T.);
#6594 = EDGE_CURVE('',#6587,#6595,#6597,.T.);
#6595 = VERTEX_POINT('',#6596);
#6596 = CARTESIAN_POINT('',(-4.,2.97,1.575));
#6597 = CIRCLE('',#6598,0.3);
#6598 = AXIS2_PLACEMENT_3D('',#6599,#6600,#6601);
#6599 = CARTESIAN_POINT('',(-4.,2.97,1.275));
#6600 = DIRECTION('',(1.144237745222E-17,1.,7.703719777549E-34));
#6601 = DIRECTION('',(-0.984807753012,1.126854202784E-17,0.173648177667)
  );
#6602 = ORIENTED_EDGE('',*,*,#6603,.T.);
#6603 = EDGE_CURVE('',#6595,#3033,#6604,.T.);
#6604 = LINE('',#6605,#6606);
#6605 = CARTESIAN_POINT('',(-4.,2.97,1.575));
#6606 = VECTOR('',#6607,1.);
#6607 = DIRECTION('',(1.,-1.144237745222E-17,0.));
#6608 = PLANE('',#6609);
#6609 = AXIS2_PLACEMENT_3D('',#6610,#6611,#6612);
#6610 = CARTESIAN_POINT('',(-4.341787690374,2.97,0.743634917138));
#6611 = DIRECTION('',(1.144237745222E-17,1.,0.));
#6612 = DIRECTION('',(0.,-0.,1.));
#6613 = ADVANCED_FACE('',(#6614),#6633,.F.);
#6614 = FACE_BOUND('',#6615,.F.);
#6615 = EDGE_LOOP('',(#6616,#6617,#6626,#6632));
#6616 = ORIENTED_EDGE('',*,*,#3071,.T.);
#6617 = ORIENTED_EDGE('',*,*,#6618,.T.);
#6618 = EDGE_CURVE('',#3064,#6619,#6621,.T.);
#6619 = VERTEX_POINT('',#6620);
#6620 = CARTESIAN_POINT('',(-4.098480775301,3.38,1.292364817767));
#6621 = CIRCLE('',#6622,0.1);
#6622 = AXIS2_PLACEMENT_3D('',#6623,#6624,#6625);
#6623 = CARTESIAN_POINT('',(-4.,3.38,1.275));
#6624 = DIRECTION('',(-1.144237745222E-17,-1.,6.568586551523E-47));
#6625 = DIRECTION('',(8.881784197001E-15,-1.016287272312E-31,1.));
#6626 = ORIENTED_EDGE('',*,*,#6627,.F.);
#6627 = EDGE_CURVE('',#6528,#6619,#6628,.T.);
#6628 = LINE('',#6629,#6630);
#6629 = CARTESIAN_POINT('',(-4.098480775301,2.97,1.292364817767));
#6630 = VECTOR('',#6631,1.);
#6631 = DIRECTION('',(1.144237745222E-17,1.,0.));
#6632 = ORIENTED_EDGE('',*,*,#6527,.F.);
#6633 = CYLINDRICAL_SURFACE('',#6634,0.1);
#6634 = AXIS2_PLACEMENT_3D('',#6635,#6636,#6637);
#6635 = CARTESIAN_POINT('',(-4.,2.97,1.275));
#6636 = DIRECTION('',(-1.144237745222E-17,-1.,0.));
#6637 = DIRECTION('',(8.881784197001E-15,-1.016287272312E-31,1.));
#6638 = ADVANCED_FACE('',(#6639),#6717,.T.);
#6639 = FACE_BOUND('',#6640,.T.);
#6640 = EDGE_LOOP('',(#6641,#6642,#6643,#6644,#6652,#6661,#6669,#6677,
    #6685,#6694,#6702,#6711));
#6641 = ORIENTED_EDGE('',*,*,#3085,.F.);
#6642 = ORIENTED_EDGE('',*,*,#3063,.T.);
#6643 = ORIENTED_EDGE('',*,*,#6618,.T.);
#6644 = ORIENTED_EDGE('',*,*,#6645,.T.);
#6645 = EDGE_CURVE('',#6619,#6646,#6648,.T.);
#6646 = VERTEX_POINT('',#6647);
#6647 = CARTESIAN_POINT('',(-4.276476480287,3.38,0.2479055467));
#6648 = LINE('',#6649,#6650);
#6649 = CARTESIAN_POINT('',(-4.098480775301,3.38,1.292364817767));
#6650 = VECTOR('',#6651,1.);
#6651 = DIRECTION('',(-0.167996923731,1.922284212135E-18,-0.985787519508
    ));
#6652 = ORIENTED_EDGE('',*,*,#6653,.T.);
#6653 = EDGE_CURVE('',#6646,#6654,#6656,.T.);
#6654 = VERTEX_POINT('',#6655);
#6655 = CARTESIAN_POINT('',(-4.571918806191,3.38,-2.22044604925E-16));
#6656 = CIRCLE('',#6657,0.3);
#6657 = AXIS2_PLACEMENT_3D('',#6658,#6659,#6660);
#6658 = CARTESIAN_POINT('',(-4.571918806191,3.38,0.3));
#6659 = DIRECTION('',(1.144237745222E-17,1.,0.));
#6660 = DIRECTION('',(0.984807753012,-1.126854202784E-17,-0.173648177667
    ));
#6661 = ORIENTED_EDGE('',*,*,#6662,.T.);
#6662 = EDGE_CURVE('',#6654,#6663,#6665,.T.);
#6663 = VERTEX_POINT('',#6664);
#6664 = CARTESIAN_POINT('',(-5.15,3.38,-2.22044604925E-16));
#6665 = LINE('',#6666,#6667);
#6666 = CARTESIAN_POINT('',(-4.571918806191,3.38,-2.22044604925E-16));
#6667 = VECTOR('',#6668,1.);
#6668 = DIRECTION('',(-1.,1.144237745222E-17,0.));
#6669 = ORIENTED_EDGE('',*,*,#6670,.T.);
#6670 = EDGE_CURVE('',#6663,#6671,#6673,.T.);
#6671 = VERTEX_POINT('',#6672);
#6672 = CARTESIAN_POINT('',(-5.15,3.38,0.2));
#6673 = LINE('',#6674,#6675);
#6674 = CARTESIAN_POINT('',(-5.15,3.38,-2.22044604925E-16));
#6675 = VECTOR('',#6676,1.);
#6676 = DIRECTION('',(0.,0.,1.));
#6677 = ORIENTED_EDGE('',*,*,#6678,.T.);
#6678 = EDGE_CURVE('',#6671,#6679,#6681,.T.);
#6679 = VERTEX_POINT('',#6680);
#6680 = CARTESIAN_POINT('',(-4.571918806191,3.38,0.2));
#6681 = LINE('',#6682,#6683);
#6682 = CARTESIAN_POINT('',(-5.15,3.38,0.2));
#6683 = VECTOR('',#6684,1.);
#6684 = DIRECTION('',(1.,-1.144237745222E-17,0.));
#6685 = ORIENTED_EDGE('',*,*,#6686,.T.);
#6686 = EDGE_CURVE('',#6679,#6687,#6689,.T.);
#6687 = VERTEX_POINT('',#6688);
#6688 = CARTESIAN_POINT('',(-4.47343803089,3.38,0.282635182233));
#6689 = CIRCLE('',#6690,0.1);
#6690 = AXIS2_PLACEMENT_3D('',#6691,#6692,#6693);
#6691 = CARTESIAN_POINT('',(-4.571918806191,3.38,0.3));
#6692 = DIRECTION('',(-1.144237745222E-17,-1.,2.189528850508E-47));
#6693 = DIRECTION('',(-8.881784197001E-15,1.016287272312E-31,-1.));
#6694 = ORIENTED_EDGE('',*,*,#6695,.T.);
#6695 = EDGE_CURVE('',#6687,#6696,#6698,.T.);
#6696 = VERTEX_POINT('',#6697);
#6697 = CARTESIAN_POINT('',(-4.295442325904,3.38,1.3270944533));
#6698 = LINE('',#6699,#6700);
#6699 = CARTESIAN_POINT('',(-4.47343803089,3.38,0.282635182233));
#6700 = VECTOR('',#6701,1.);
#6701 = DIRECTION('',(0.167996923731,-1.922284212135E-18,0.985787519508)
  );
#6702 = ORIENTED_EDGE('',*,*,#6703,.T.);
#6703 = EDGE_CURVE('',#6696,#6704,#6706,.T.);
#6704 = VERTEX_POINT('',#6705);
#6705 = CARTESIAN_POINT('',(-4.,3.38,1.575));
#6706 = CIRCLE('',#6707,0.3);
#6707 = AXIS2_PLACEMENT_3D('',#6708,#6709,#6710);
#6708 = CARTESIAN_POINT('',(-4.,3.38,1.275));
#6709 = DIRECTION('',(1.144237745222E-17,1.,7.703719777549E-34));
#6710 = DIRECTION('',(-0.984807753012,1.126854202784E-17,0.173648177667)
  );
#6711 = ORIENTED_EDGE('',*,*,#6712,.T.);
#6712 = EDGE_CURVE('',#6704,#3086,#6713,.T.);
#6713 = LINE('',#6714,#6715);
#6714 = CARTESIAN_POINT('',(-4.,3.38,1.575));
#6715 = VECTOR('',#6716,1.);
#6716 = DIRECTION('',(1.,-1.144237745222E-17,0.));
#6717 = PLANE('',#6718);
#6718 = AXIS2_PLACEMENT_3D('',#6719,#6720,#6721);
#6719 = CARTESIAN_POINT('',(-4.341787690374,3.38,0.743634917138));
#6720 = DIRECTION('',(1.144237745222E-17,1.,0.));
#6721 = DIRECTION('',(0.,-0.,1.));
#6722 = ADVANCED_FACE('',(#6723),#6739,.F.);
#6723 = FACE_BOUND('',#6724,.F.);
#6724 = EDGE_LOOP('',(#6725,#6726,#6732,#6733));
#6725 = ORIENTED_EDGE('',*,*,#3102,.T.);
#6726 = ORIENTED_EDGE('',*,*,#6727,.T.);
#6727 = EDGE_CURVE('',#3095,#4303,#6728,.T.);
#6728 = LINE('',#6729,#6730);
#6729 = CARTESIAN_POINT('',(-4.,4.24,1.575));
#6730 = VECTOR('',#6731,1.);
#6731 = DIRECTION('',(1.,-1.144237745222E-17,0.));
#6732 = ORIENTED_EDGE('',*,*,#4302,.F.);
#6733 = ORIENTED_EDGE('',*,*,#6734,.F.);
#6734 = EDGE_CURVE('',#3086,#4295,#6735,.T.);
#6735 = LINE('',#6736,#6737);
#6736 = CARTESIAN_POINT('',(-4.,3.38,1.575));
#6737 = VECTOR('',#6738,1.);
#6738 = DIRECTION('',(1.,-1.144237745222E-17,0.));
#6739 = PLANE('',#6740);
#6740 = AXIS2_PLACEMENT_3D('',#6741,#6742,#6743);
#6741 = CARTESIAN_POINT('',(-6.818810897008E-16,7.6625,1.575));
#6742 = DIRECTION('',(1.36606555458E-31,1.361853537021E-27,-1.));
#6743 = DIRECTION('',(1.,1.109316052857E-16,1.366065554582E-31));
#6744 = ADVANCED_FACE('',(#6745),#6831,.F.);
#6745 = FACE_BOUND('',#6746,.F.);
#6746 = EDGE_LOOP('',(#6747,#6748,#6749,#6758,#6766,#6775,#6783,#6791,
    #6799,#6808,#6816,#6825));
#6747 = ORIENTED_EDGE('',*,*,#3094,.F.);
#6748 = ORIENTED_EDGE('',*,*,#3116,.T.);
#6749 = ORIENTED_EDGE('',*,*,#6750,.T.);
#6750 = EDGE_CURVE('',#3117,#6751,#6753,.T.);
#6751 = VERTEX_POINT('',#6752);
#6752 = CARTESIAN_POINT('',(-4.098480775301,4.24,1.292364817767));
#6753 = CIRCLE('',#6754,0.1);
#6754 = AXIS2_PLACEMENT_3D('',#6755,#6756,#6757);
#6755 = CARTESIAN_POINT('',(-4.,4.24,1.275));
#6756 = DIRECTION('',(-1.144237745222E-17,-1.,6.568586551523E-47));
#6757 = DIRECTION('',(8.881784197001E-15,-1.016287272312E-31,1.));
#6758 = ORIENTED_EDGE('',*,*,#6759,.T.);
#6759 = EDGE_CURVE('',#6751,#6760,#6762,.T.);
#6760 = VERTEX_POINT('',#6761);
#6761 = CARTESIAN_POINT('',(-4.276476480287,4.24,0.2479055467));
#6762 = LINE('',#6763,#6764);
#6763 = CARTESIAN_POINT('',(-4.098480775301,4.24,1.292364817767));
#6764 = VECTOR('',#6765,1.);
#6765 = DIRECTION('',(-0.167996923731,1.922284212135E-18,-0.985787519508
    ));
#6766 = ORIENTED_EDGE('',*,*,#6767,.T.);
#6767 = EDGE_CURVE('',#6760,#6768,#6770,.T.);
#6768 = VERTEX_POINT('',#6769);
#6769 = CARTESIAN_POINT('',(-4.571918806191,4.24,-2.22044604925E-16));
#6770 = CIRCLE('',#6771,0.3);
#6771 = AXIS2_PLACEMENT_3D('',#6772,#6773,#6774);
#6772 = CARTESIAN_POINT('',(-4.571918806191,4.24,0.3));
#6773 = DIRECTION('',(1.144237745222E-17,1.,0.));
#6774 = DIRECTION('',(0.984807753012,-1.126854202784E-17,-0.173648177667
    ));
#6775 = ORIENTED_EDGE('',*,*,#6776,.T.);
#6776 = EDGE_CURVE('',#6768,#6777,#6779,.T.);
#6777 = VERTEX_POINT('',#6778);
#6778 = CARTESIAN_POINT('',(-5.15,4.24,-2.22044604925E-16));
#6779 = LINE('',#6780,#6781);
#6780 = CARTESIAN_POINT('',(-4.571918806191,4.24,-2.22044604925E-16));
#6781 = VECTOR('',#6782,1.);
#6782 = DIRECTION('',(-1.,1.144237745222E-17,0.));
#6783 = ORIENTED_EDGE('',*,*,#6784,.T.);
#6784 = EDGE_CURVE('',#6777,#6785,#6787,.T.);
#6785 = VERTEX_POINT('',#6786);
#6786 = CARTESIAN_POINT('',(-5.15,4.24,0.2));
#6787 = LINE('',#6788,#6789);
#6788 = CARTESIAN_POINT('',(-5.15,4.24,-2.22044604925E-16));
#6789 = VECTOR('',#6790,1.);
#6790 = DIRECTION('',(0.,0.,1.));
#6791 = ORIENTED_EDGE('',*,*,#6792,.T.);
#6792 = EDGE_CURVE('',#6785,#6793,#6795,.T.);
#6793 = VERTEX_POINT('',#6794);
#6794 = CARTESIAN_POINT('',(-4.571918806191,4.24,0.2));
#6795 = LINE('',#6796,#6797);
#6796 = CARTESIAN_POINT('',(-5.15,4.24,0.2));
#6797 = VECTOR('',#6798,1.);
#6798 = DIRECTION('',(1.,-1.144237745222E-17,0.));
#6799 = ORIENTED_EDGE('',*,*,#6800,.T.);
#6800 = EDGE_CURVE('',#6793,#6801,#6803,.T.);
#6801 = VERTEX_POINT('',#6802);
#6802 = CARTESIAN_POINT('',(-4.47343803089,4.24,0.282635182233));
#6803 = CIRCLE('',#6804,0.1);
#6804 = AXIS2_PLACEMENT_3D('',#6805,#6806,#6807);
#6805 = CARTESIAN_POINT('',(-4.571918806191,4.24,0.3));
#6806 = DIRECTION('',(-1.144237745222E-17,-1.,2.189528850508E-47));
#6807 = DIRECTION('',(-8.881784197001E-15,1.016287272312E-31,-1.));
#6808 = ORIENTED_EDGE('',*,*,#6809,.T.);
#6809 = EDGE_CURVE('',#6801,#6810,#6812,.T.);
#6810 = VERTEX_POINT('',#6811);
#6811 = CARTESIAN_POINT('',(-4.295442325904,4.24,1.3270944533));
#6812 = LINE('',#6813,#6814);
#6813 = CARTESIAN_POINT('',(-4.47343803089,4.24,0.282635182233));
#6814 = VECTOR('',#6815,1.);
#6815 = DIRECTION('',(0.167996923731,-1.922284212135E-18,0.985787519508)
  );
#6816 = ORIENTED_EDGE('',*,*,#6817,.T.);
#6817 = EDGE_CURVE('',#6810,#6818,#6820,.T.);
#6818 = VERTEX_POINT('',#6819);
#6819 = CARTESIAN_POINT('',(-4.,4.24,1.575));
#6820 = CIRCLE('',#6821,0.3);
#6821 = AXIS2_PLACEMENT_3D('',#6822,#6823,#6824);
#6822 = CARTESIAN_POINT('',(-4.,4.24,1.275));
#6823 = DIRECTION('',(1.144237745222E-17,1.,7.703719777549E-34));
#6824 = DIRECTION('',(-0.984807753012,1.126854202784E-17,0.173648177667)
  );
#6825 = ORIENTED_EDGE('',*,*,#6826,.T.);
#6826 = EDGE_CURVE('',#6818,#3095,#6827,.T.);
#6827 = LINE('',#6828,#6829);
#6828 = CARTESIAN_POINT('',(-4.,4.24,1.575));
#6829 = VECTOR('',#6830,1.);
#6830 = DIRECTION('',(1.,-1.144237745222E-17,0.));
#6831 = PLANE('',#6832);
#6832 = AXIS2_PLACEMENT_3D('',#6833,#6834,#6835);
#6833 = CARTESIAN_POINT('',(-4.341787690374,4.24,0.743634917138));
#6834 = DIRECTION('',(1.144237745222E-17,1.,0.));
#6835 = DIRECTION('',(0.,-0.,1.));
#6836 = ADVANCED_FACE('',(#6837),#6856,.F.);
#6837 = FACE_BOUND('',#6838,.F.);
#6838 = EDGE_LOOP('',(#6839,#6840,#6849,#6855));
#6839 = ORIENTED_EDGE('',*,*,#3133,.T.);
#6840 = ORIENTED_EDGE('',*,*,#6841,.T.);
#6841 = EDGE_CURVE('',#3126,#6842,#6844,.T.);
#6842 = VERTEX_POINT('',#6843);
#6843 = CARTESIAN_POINT('',(-4.098480775301,4.65,1.292364817767));
#6844 = CIRCLE('',#6845,0.1);
#6845 = AXIS2_PLACEMENT_3D('',#6846,#6847,#6848);
#6846 = CARTESIAN_POINT('',(-4.,4.65,1.275));
#6847 = DIRECTION('',(-1.144237745222E-17,-1.,6.568586551523E-47));
#6848 = DIRECTION('',(8.881784197001E-15,-1.016287272312E-31,1.));
#6849 = ORIENTED_EDGE('',*,*,#6850,.F.);
#6850 = EDGE_CURVE('',#6751,#6842,#6851,.T.);
#6851 = LINE('',#6852,#6853);
#6852 = CARTESIAN_POINT('',(-4.098480775301,4.24,1.292364817767));
#6853 = VECTOR('',#6854,1.);
#6854 = DIRECTION('',(1.144237745222E-17,1.,0.));
#6855 = ORIENTED_EDGE('',*,*,#6750,.F.);
#6856 = CYLINDRICAL_SURFACE('',#6857,0.1);
#6857 = AXIS2_PLACEMENT_3D('',#6858,#6859,#6860);
#6858 = CARTESIAN_POINT('',(-4.,4.24,1.275));
#6859 = DIRECTION('',(-1.144237745222E-17,-1.,0.));
#6860 = DIRECTION('',(8.881784197001E-15,-1.016287272312E-31,1.));
#6861 = ADVANCED_FACE('',(#6862),#6940,.T.);
#6862 = FACE_BOUND('',#6863,.T.);
#6863 = EDGE_LOOP('',(#6864,#6865,#6866,#6867,#6875,#6884,#6892,#6900,
    #6908,#6917,#6925,#6934));
#6864 = ORIENTED_EDGE('',*,*,#3147,.F.);
#6865 = ORIENTED_EDGE('',*,*,#3125,.T.);
#6866 = ORIENTED_EDGE('',*,*,#6841,.T.);
#6867 = ORIENTED_EDGE('',*,*,#6868,.T.);
#6868 = EDGE_CURVE('',#6842,#6869,#6871,.T.);
#6869 = VERTEX_POINT('',#6870);
#6870 = CARTESIAN_POINT('',(-4.276476480287,4.65,0.2479055467));
#6871 = LINE('',#6872,#6873);
#6872 = CARTESIAN_POINT('',(-4.098480775301,4.65,1.292364817767));
#6873 = VECTOR('',#6874,1.);
#6874 = DIRECTION('',(-0.167996923731,1.922284212135E-18,-0.985787519508
    ));
#6875 = ORIENTED_EDGE('',*,*,#6876,.T.);
#6876 = EDGE_CURVE('',#6869,#6877,#6879,.T.);
#6877 = VERTEX_POINT('',#6878);
#6878 = CARTESIAN_POINT('',(-4.571918806191,4.65,-2.22044604925E-16));
#6879 = CIRCLE('',#6880,0.3);
#6880 = AXIS2_PLACEMENT_3D('',#6881,#6882,#6883);
#6881 = CARTESIAN_POINT('',(-4.571918806191,4.65,0.3));
#6882 = DIRECTION('',(1.144237745222E-17,1.,0.));
#6883 = DIRECTION('',(0.984807753012,-1.126854202784E-17,-0.173648177667
    ));
#6884 = ORIENTED_EDGE('',*,*,#6885,.T.);
#6885 = EDGE_CURVE('',#6877,#6886,#6888,.T.);
#6886 = VERTEX_POINT('',#6887);
#6887 = CARTESIAN_POINT('',(-5.15,4.65,-2.22044604925E-16));
#6888 = LINE('',#6889,#6890);
#6889 = CARTESIAN_POINT('',(-4.571918806191,4.65,-2.22044604925E-16));
#6890 = VECTOR('',#6891,1.);
#6891 = DIRECTION('',(-1.,1.144237745222E-17,0.));
#6892 = ORIENTED_EDGE('',*,*,#6893,.T.);
#6893 = EDGE_CURVE('',#6886,#6894,#6896,.T.);
#6894 = VERTEX_POINT('',#6895);
#6895 = CARTESIAN_POINT('',(-5.15,4.65,0.2));
#6896 = LINE('',#6897,#6898);
#6897 = CARTESIAN_POINT('',(-5.15,4.65,-2.22044604925E-16));
#6898 = VECTOR('',#6899,1.);
#6899 = DIRECTION('',(0.,0.,1.));
#6900 = ORIENTED_EDGE('',*,*,#6901,.T.);
#6901 = EDGE_CURVE('',#6894,#6902,#6904,.T.);
#6902 = VERTEX_POINT('',#6903);
#6903 = CARTESIAN_POINT('',(-4.571918806191,4.65,0.2));
#6904 = LINE('',#6905,#6906);
#6905 = CARTESIAN_POINT('',(-5.15,4.65,0.2));
#6906 = VECTOR('',#6907,1.);
#6907 = DIRECTION('',(1.,-1.144237745222E-17,0.));
#6908 = ORIENTED_EDGE('',*,*,#6909,.T.);
#6909 = EDGE_CURVE('',#6902,#6910,#6912,.T.);
#6910 = VERTEX_POINT('',#6911);
#6911 = CARTESIAN_POINT('',(-4.47343803089,4.65,0.282635182233));
#6912 = CIRCLE('',#6913,0.1);
#6913 = AXIS2_PLACEMENT_3D('',#6914,#6915,#6916);
#6914 = CARTESIAN_POINT('',(-4.571918806191,4.65,0.3));
#6915 = DIRECTION('',(-1.144237745222E-17,-1.,2.189528850508E-47));
#6916 = DIRECTION('',(-8.881784197001E-15,1.016287272312E-31,-1.));
#6917 = ORIENTED_EDGE('',*,*,#6918,.T.);
#6918 = EDGE_CURVE('',#6910,#6919,#6921,.T.);
#6919 = VERTEX_POINT('',#6920);
#6920 = CARTESIAN_POINT('',(-4.295442325904,4.65,1.3270944533));
#6921 = LINE('',#6922,#6923);
#6922 = CARTESIAN_POINT('',(-4.47343803089,4.65,0.282635182233));
#6923 = VECTOR('',#6924,1.);
#6924 = DIRECTION('',(0.167996923731,-1.922284212135E-18,0.985787519508)
  );
#6925 = ORIENTED_EDGE('',*,*,#6926,.T.);
#6926 = EDGE_CURVE('',#6919,#6927,#6929,.T.);
#6927 = VERTEX_POINT('',#6928);
#6928 = CARTESIAN_POINT('',(-4.,4.65,1.575));
#6929 = CIRCLE('',#6930,0.3);
#6930 = AXIS2_PLACEMENT_3D('',#6931,#6932,#6933);
#6931 = CARTESIAN_POINT('',(-4.,4.65,1.275));
#6932 = DIRECTION('',(1.144237745222E-17,1.,7.703719777549E-34));
#6933 = DIRECTION('',(-0.984807753012,1.126854202784E-17,0.173648177667)
  );
#6934 = ORIENTED_EDGE('',*,*,#6935,.T.);
#6935 = EDGE_CURVE('',#6927,#3148,#6936,.T.);
#6936 = LINE('',#6937,#6938);
#6937 = CARTESIAN_POINT('',(-4.,4.65,1.575));
#6938 = VECTOR('',#6939,1.);
#6939 = DIRECTION('',(1.,-1.144237745222E-17,0.));
#6940 = PLANE('',#6941);
#6941 = AXIS2_PLACEMENT_3D('',#6942,#6943,#6944);
#6942 = CARTESIAN_POINT('',(-4.341787690374,4.65,0.743634917138));
#6943 = DIRECTION('',(1.144237745222E-17,1.,0.));
#6944 = DIRECTION('',(0.,-0.,1.));
#6945 = ADVANCED_FACE('',(#6946),#6962,.F.);
#6946 = FACE_BOUND('',#6947,.F.);
#6947 = EDGE_LOOP('',(#6948,#6949,#6955,#6956));
#6948 = ORIENTED_EDGE('',*,*,#3164,.T.);
#6949 = ORIENTED_EDGE('',*,*,#6950,.T.);
#6950 = EDGE_CURVE('',#3157,#4319,#6951,.T.);
#6951 = LINE('',#6952,#6953);
#6952 = CARTESIAN_POINT('',(-4.,5.51,1.575));
#6953 = VECTOR('',#6954,1.);
#6954 = DIRECTION('',(1.,-1.144237745222E-17,0.));
#6955 = ORIENTED_EDGE('',*,*,#4318,.F.);
#6956 = ORIENTED_EDGE('',*,*,#6957,.F.);
#6957 = EDGE_CURVE('',#3148,#4311,#6958,.T.);
#6958 = LINE('',#6959,#6960);
#6959 = CARTESIAN_POINT('',(-4.,4.65,1.575));
#6960 = VECTOR('',#6961,1.);
#6961 = DIRECTION('',(1.,-1.144237745222E-17,0.));
#6962 = PLANE('',#6963);
#6963 = AXIS2_PLACEMENT_3D('',#6964,#6965,#6966);
#6964 = CARTESIAN_POINT('',(-6.818810897008E-16,7.6625,1.575));
#6965 = DIRECTION('',(1.36606555458E-31,1.361853537021E-27,-1.));
#6966 = DIRECTION('',(1.,1.109316052857E-16,1.366065554582E-31));
#6967 = ADVANCED_FACE('',(#6968),#7054,.F.);
#6968 = FACE_BOUND('',#6969,.F.);
#6969 = EDGE_LOOP('',(#6970,#6971,#6972,#6981,#6989,#6998,#7006,#7014,
    #7022,#7031,#7039,#7048));
#6970 = ORIENTED_EDGE('',*,*,#3156,.F.);
#6971 = ORIENTED_EDGE('',*,*,#3178,.T.);
#6972 = ORIENTED_EDGE('',*,*,#6973,.T.);
#6973 = EDGE_CURVE('',#3179,#6974,#6976,.T.);
#6974 = VERTEX_POINT('',#6975);
#6975 = CARTESIAN_POINT('',(-4.098480775301,5.51,1.292364817767));
#6976 = CIRCLE('',#6977,0.1);
#6977 = AXIS2_PLACEMENT_3D('',#6978,#6979,#6980);
#6978 = CARTESIAN_POINT('',(-4.,5.51,1.275));
#6979 = DIRECTION('',(-1.144237745222E-17,-1.,6.568586551523E-47));
#6980 = DIRECTION('',(8.881784197001E-15,-1.016287272312E-31,1.));
#6981 = ORIENTED_EDGE('',*,*,#6982,.T.);
#6982 = EDGE_CURVE('',#6974,#6983,#6985,.T.);
#6983 = VERTEX_POINT('',#6984);
#6984 = CARTESIAN_POINT('',(-4.276476480287,5.51,0.2479055467));
#6985 = LINE('',#6986,#6987);
#6986 = CARTESIAN_POINT('',(-4.098480775301,5.51,1.292364817767));
#6987 = VECTOR('',#6988,1.);
#6988 = DIRECTION('',(-0.167996923731,1.922284212135E-18,-0.985787519508
    ));
#6989 = ORIENTED_EDGE('',*,*,#6990,.T.);
#6990 = EDGE_CURVE('',#6983,#6991,#6993,.T.);
#6991 = VERTEX_POINT('',#6992);
#6992 = CARTESIAN_POINT('',(-4.571918806191,5.51,-2.22044604925E-16));
#6993 = CIRCLE('',#6994,0.3);
#6994 = AXIS2_PLACEMENT_3D('',#6995,#6996,#6997);
#6995 = CARTESIAN_POINT('',(-4.571918806191,5.51,0.3));
#6996 = DIRECTION('',(1.144237745222E-17,1.,0.));
#6997 = DIRECTION('',(0.984807753012,-1.126854202784E-17,-0.173648177667
    ));
#6998 = ORIENTED_EDGE('',*,*,#6999,.T.);
#6999 = EDGE_CURVE('',#6991,#7000,#7002,.T.);
#7000 = VERTEX_POINT('',#7001);
#7001 = CARTESIAN_POINT('',(-5.15,5.51,-2.22044604925E-16));
#7002 = LINE('',#7003,#7004);
#7003 = CARTESIAN_POINT('',(-4.571918806191,5.51,-2.22044604925E-16));
#7004 = VECTOR('',#7005,1.);
#7005 = DIRECTION('',(-1.,1.144237745222E-17,0.));
#7006 = ORIENTED_EDGE('',*,*,#7007,.T.);
#7007 = EDGE_CURVE('',#7000,#7008,#7010,.T.);
#7008 = VERTEX_POINT('',#7009);
#7009 = CARTESIAN_POINT('',(-5.15,5.51,0.2));
#7010 = LINE('',#7011,#7012);
#7011 = CARTESIAN_POINT('',(-5.15,5.51,-2.22044604925E-16));
#7012 = VECTOR('',#7013,1.);
#7013 = DIRECTION('',(0.,0.,1.));
#7014 = ORIENTED_EDGE('',*,*,#7015,.T.);
#7015 = EDGE_CURVE('',#7008,#7016,#7018,.T.);
#7016 = VERTEX_POINT('',#7017);
#7017 = CARTESIAN_POINT('',(-4.571918806191,5.51,0.2));
#7018 = LINE('',#7019,#7020);
#7019 = CARTESIAN_POINT('',(-5.15,5.51,0.2));
#7020 = VECTOR('',#7021,1.);
#7021 = DIRECTION('',(1.,-1.144237745222E-17,0.));
#7022 = ORIENTED_EDGE('',*,*,#7023,.T.);
#7023 = EDGE_CURVE('',#7016,#7024,#7026,.T.);
#7024 = VERTEX_POINT('',#7025);
#7025 = CARTESIAN_POINT('',(-4.47343803089,5.51,0.282635182233));
#7026 = CIRCLE('',#7027,0.1);
#7027 = AXIS2_PLACEMENT_3D('',#7028,#7029,#7030);
#7028 = CARTESIAN_POINT('',(-4.571918806191,5.51,0.3));
#7029 = DIRECTION('',(-1.144237745222E-17,-1.,2.189528850508E-47));
#7030 = DIRECTION('',(-8.881784197001E-15,1.016287272312E-31,-1.));
#7031 = ORIENTED_EDGE('',*,*,#7032,.T.);
#7032 = EDGE_CURVE('',#7024,#7033,#7035,.T.);
#7033 = VERTEX_POINT('',#7034);
#7034 = CARTESIAN_POINT('',(-4.295442325904,5.51,1.3270944533));
#7035 = LINE('',#7036,#7037);
#7036 = CARTESIAN_POINT('',(-4.47343803089,5.51,0.282635182233));
#7037 = VECTOR('',#7038,1.);
#7038 = DIRECTION('',(0.167996923731,-1.922284212135E-18,0.985787519508)
  );
#7039 = ORIENTED_EDGE('',*,*,#7040,.T.);
#7040 = EDGE_CURVE('',#7033,#7041,#7043,.T.);
#7041 = VERTEX_POINT('',#7042);
#7042 = CARTESIAN_POINT('',(-4.,5.51,1.575));
#7043 = CIRCLE('',#7044,0.3);
#7044 = AXIS2_PLACEMENT_3D('',#7045,#7046,#7047);
#7045 = CARTESIAN_POINT('',(-4.,5.51,1.275));
#7046 = DIRECTION('',(1.144237745222E-17,1.,7.703719777549E-34));
#7047 = DIRECTION('',(-0.984807753012,1.126854202784E-17,0.173648177667)
  );
#7048 = ORIENTED_EDGE('',*,*,#7049,.T.);
#7049 = EDGE_CURVE('',#7041,#3157,#7050,.T.);
#7050 = LINE('',#7051,#7052);
#7051 = CARTESIAN_POINT('',(-4.,5.51,1.575));
#7052 = VECTOR('',#7053,1.);
#7053 = DIRECTION('',(1.,-1.144237745222E-17,0.));
#7054 = PLANE('',#7055);
#7055 = AXIS2_PLACEMENT_3D('',#7056,#7057,#7058);
#7056 = CARTESIAN_POINT('',(-4.341787690374,5.51,0.743634917138));
#7057 = DIRECTION('',(1.144237745222E-17,1.,0.));
#7058 = DIRECTION('',(0.,-0.,1.));
#7059 = ADVANCED_FACE('',(#7060),#7079,.F.);
#7060 = FACE_BOUND('',#7061,.F.);
#7061 = EDGE_LOOP('',(#7062,#7063,#7072,#7078));
#7062 = ORIENTED_EDGE('',*,*,#3195,.T.);
#7063 = ORIENTED_EDGE('',*,*,#7064,.T.);
#7064 = EDGE_CURVE('',#3188,#7065,#7067,.T.);
#7065 = VERTEX_POINT('',#7066);
#7066 = CARTESIAN_POINT('',(-4.098480775301,5.92,1.292364817767));
#7067 = CIRCLE('',#7068,0.1);
#7068 = AXIS2_PLACEMENT_3D('',#7069,#7070,#7071);
#7069 = CARTESIAN_POINT('',(-4.,5.92,1.275));
#7070 = DIRECTION('',(-1.144237745222E-17,-1.,6.568586551523E-47));
#7071 = DIRECTION('',(8.881784197001E-15,-1.016287272312E-31,1.));
#7072 = ORIENTED_EDGE('',*,*,#7073,.F.);
#7073 = EDGE_CURVE('',#6974,#7065,#7074,.T.);
#7074 = LINE('',#7075,#7076);
#7075 = CARTESIAN_POINT('',(-4.098480775301,5.51,1.292364817767));
#7076 = VECTOR('',#7077,1.);
#7077 = DIRECTION('',(1.144237745222E-17,1.,0.));
#7078 = ORIENTED_EDGE('',*,*,#6973,.F.);
#7079 = CYLINDRICAL_SURFACE('',#7080,0.1);
#7080 = AXIS2_PLACEMENT_3D('',#7081,#7082,#7083);
#7081 = CARTESIAN_POINT('',(-4.,5.51,1.275));
#7082 = DIRECTION('',(-1.144237745222E-17,-1.,0.));
#7083 = DIRECTION('',(8.881784197001E-15,-1.016287272312E-31,1.));
#7084 = ADVANCED_FACE('',(#7085),#7163,.T.);
#7085 = FACE_BOUND('',#7086,.T.);
#7086 = EDGE_LOOP('',(#7087,#7088,#7089,#7090,#7098,#7107,#7115,#7123,
    #7131,#7140,#7148,#7157));
#7087 = ORIENTED_EDGE('',*,*,#3209,.F.);
#7088 = ORIENTED_EDGE('',*,*,#3187,.T.);
#7089 = ORIENTED_EDGE('',*,*,#7064,.T.);
#7090 = ORIENTED_EDGE('',*,*,#7091,.T.);
#7091 = EDGE_CURVE('',#7065,#7092,#7094,.T.);
#7092 = VERTEX_POINT('',#7093);
#7093 = CARTESIAN_POINT('',(-4.276476480287,5.92,0.2479055467));
#7094 = LINE('',#7095,#7096);
#7095 = CARTESIAN_POINT('',(-4.098480775301,5.92,1.292364817767));
#7096 = VECTOR('',#7097,1.);
#7097 = DIRECTION('',(-0.167996923731,1.922284212135E-18,-0.985787519508
    ));
#7098 = ORIENTED_EDGE('',*,*,#7099,.T.);
#7099 = EDGE_CURVE('',#7092,#7100,#7102,.T.);
#7100 = VERTEX_POINT('',#7101);
#7101 = CARTESIAN_POINT('',(-4.571918806191,5.92,-2.22044604925E-16));
#7102 = CIRCLE('',#7103,0.3);
#7103 = AXIS2_PLACEMENT_3D('',#7104,#7105,#7106);
#7104 = CARTESIAN_POINT('',(-4.571918806191,5.92,0.3));
#7105 = DIRECTION('',(1.144237745222E-17,1.,0.));
#7106 = DIRECTION('',(0.984807753012,-1.126854202784E-17,-0.173648177667
    ));
#7107 = ORIENTED_EDGE('',*,*,#7108,.T.);
#7108 = EDGE_CURVE('',#7100,#7109,#7111,.T.);
#7109 = VERTEX_POINT('',#7110);
#7110 = CARTESIAN_POINT('',(-5.15,5.92,-2.22044604925E-16));
#7111 = LINE('',#7112,#7113);
#7112 = CARTESIAN_POINT('',(-4.571918806191,5.92,-2.22044604925E-16));
#7113 = VECTOR('',#7114,1.);
#7114 = DIRECTION('',(-1.,1.144237745222E-17,0.));
#7115 = ORIENTED_EDGE('',*,*,#7116,.T.);
#7116 = EDGE_CURVE('',#7109,#7117,#7119,.T.);
#7117 = VERTEX_POINT('',#7118);
#7118 = CARTESIAN_POINT('',(-5.15,5.92,0.2));
#7119 = LINE('',#7120,#7121);
#7120 = CARTESIAN_POINT('',(-5.15,5.92,-2.22044604925E-16));
#7121 = VECTOR('',#7122,1.);
#7122 = DIRECTION('',(0.,0.,1.));
#7123 = ORIENTED_EDGE('',*,*,#7124,.T.);
#7124 = EDGE_CURVE('',#7117,#7125,#7127,.T.);
#7125 = VERTEX_POINT('',#7126);
#7126 = CARTESIAN_POINT('',(-4.571918806191,5.92,0.2));
#7127 = LINE('',#7128,#7129);
#7128 = CARTESIAN_POINT('',(-5.15,5.92,0.2));
#7129 = VECTOR('',#7130,1.);
#7130 = DIRECTION('',(1.,-1.144237745222E-17,0.));
#7131 = ORIENTED_EDGE('',*,*,#7132,.T.);
#7132 = EDGE_CURVE('',#7125,#7133,#7135,.T.);
#7133 = VERTEX_POINT('',#7134);
#7134 = CARTESIAN_POINT('',(-4.47343803089,5.92,0.282635182233));
#7135 = CIRCLE('',#7136,0.1);
#7136 = AXIS2_PLACEMENT_3D('',#7137,#7138,#7139);
#7137 = CARTESIAN_POINT('',(-4.571918806191,5.92,0.3));
#7138 = DIRECTION('',(-1.144237745222E-17,-1.,2.189528850508E-47));
#7139 = DIRECTION('',(-8.881784197001E-15,1.016287272312E-31,-1.));
#7140 = ORIENTED_EDGE('',*,*,#7141,.T.);
#7141 = EDGE_CURVE('',#7133,#7142,#7144,.T.);
#7142 = VERTEX_POINT('',#7143);
#7143 = CARTESIAN_POINT('',(-4.295442325904,5.92,1.3270944533));
#7144 = LINE('',#7145,#7146);
#7145 = CARTESIAN_POINT('',(-4.47343803089,5.92,0.282635182233));
#7146 = VECTOR('',#7147,1.);
#7147 = DIRECTION('',(0.167996923731,-1.922284212135E-18,0.985787519508)
  );
#7148 = ORIENTED_EDGE('',*,*,#7149,.T.);
#7149 = EDGE_CURVE('',#7142,#7150,#7152,.T.);
#7150 = VERTEX_POINT('',#7151);
#7151 = CARTESIAN_POINT('',(-4.,5.92,1.575));
#7152 = CIRCLE('',#7153,0.3);
#7153 = AXIS2_PLACEMENT_3D('',#7154,#7155,#7156);
#7154 = CARTESIAN_POINT('',(-4.,5.92,1.275));
#7155 = DIRECTION('',(1.144237745222E-17,1.,7.703719777549E-34));
#7156 = DIRECTION('',(-0.984807753012,1.126854202784E-17,0.173648177667)
  );
#7157 = ORIENTED_EDGE('',*,*,#7158,.T.);
#7158 = EDGE_CURVE('',#7150,#3210,#7159,.T.);
#7159 = LINE('',#7160,#7161);
#7160 = CARTESIAN_POINT('',(-4.,5.92,1.575));
#7161 = VECTOR('',#7162,1.);
#7162 = DIRECTION('',(1.,-1.144237745222E-17,0.));
#7163 = PLANE('',#7164);
#7164 = AXIS2_PLACEMENT_3D('',#7165,#7166,#7167);
#7165 = CARTESIAN_POINT('',(-4.341787690374,5.92,0.743634917138));
#7166 = DIRECTION('',(1.144237745222E-17,1.,0.));
#7167 = DIRECTION('',(0.,-0.,1.));
#7168 = ADVANCED_FACE('',(#7169),#7180,.F.);
#7169 = FACE_BOUND('',#7170,.F.);
#7170 = EDGE_LOOP('',(#7171,#7172,#7173,#7174));
#7171 = ORIENTED_EDGE('',*,*,#3226,.T.);
#7172 = ORIENTED_EDGE('',*,*,#4142,.T.);
#7173 = ORIENTED_EDGE('',*,*,#4334,.F.);
#7174 = ORIENTED_EDGE('',*,*,#7175,.F.);
#7175 = EDGE_CURVE('',#3210,#4327,#7176,.T.);
#7176 = LINE('',#7177,#7178);
#7177 = CARTESIAN_POINT('',(-4.,5.92,1.575));
#7178 = VECTOR('',#7179,1.);
#7179 = DIRECTION('',(1.,-1.144237745222E-17,0.));
#7180 = PLANE('',#7181);
#7181 = AXIS2_PLACEMENT_3D('',#7182,#7183,#7184);
#7182 = CARTESIAN_POINT('',(-6.818810897008E-16,7.6625,1.575));
#7183 = DIRECTION('',(1.36606555458E-31,1.361853537021E-27,-1.));
#7184 = DIRECTION('',(1.,1.109316052857E-16,1.366065554582E-31));
#7185 = ADVANCED_FACE('',(#7186),#7265,.F.);
#7186 = FACE_BOUND('',#7187,.F.);
#7187 = EDGE_LOOP('',(#7188,#7189,#7190,#7199,#7207,#7216,#7224,#7232,
    #7240,#7249,#7257,#7264));
#7188 = ORIENTED_EDGE('',*,*,#3218,.F.);
#7189 = ORIENTED_EDGE('',*,*,#3240,.T.);
#7190 = ORIENTED_EDGE('',*,*,#7191,.T.);
#7191 = EDGE_CURVE('',#3241,#7192,#7194,.T.);
#7192 = VERTEX_POINT('',#7193);
#7193 = CARTESIAN_POINT('',(-4.098480775301,6.78,1.292364817767));
#7194 = CIRCLE('',#7195,0.1);
#7195 = AXIS2_PLACEMENT_3D('',#7196,#7197,#7198);
#7196 = CARTESIAN_POINT('',(-4.,6.78,1.275));
#7197 = DIRECTION('',(-1.144237745222E-17,-1.,6.568586551523E-47));
#7198 = DIRECTION('',(8.881784197001E-15,-1.016287272312E-31,1.));
#7199 = ORIENTED_EDGE('',*,*,#7200,.T.);
#7200 = EDGE_CURVE('',#7192,#7201,#7203,.T.);
#7201 = VERTEX_POINT('',#7202);
#7202 = CARTESIAN_POINT('',(-4.276476480287,6.78,0.2479055467));
#7203 = LINE('',#7204,#7205);
#7204 = CARTESIAN_POINT('',(-4.098480775301,6.78,1.292364817767));
#7205 = VECTOR('',#7206,1.);
#7206 = DIRECTION('',(-0.167996923731,1.922284212135E-18,-0.985787519508
    ));
#7207 = ORIENTED_EDGE('',*,*,#7208,.T.);
#7208 = EDGE_CURVE('',#7201,#7209,#7211,.T.);
#7209 = VERTEX_POINT('',#7210);
#7210 = CARTESIAN_POINT('',(-4.571918806191,6.78,-2.22044604925E-16));
#7211 = CIRCLE('',#7212,0.3);
#7212 = AXIS2_PLACEMENT_3D('',#7213,#7214,#7215);
#7213 = CARTESIAN_POINT('',(-4.571918806191,6.78,0.3));
#7214 = DIRECTION('',(1.144237745222E-17,1.,0.));
#7215 = DIRECTION('',(0.984807753012,-1.126854202784E-17,-0.173648177667
    ));
#7216 = ORIENTED_EDGE('',*,*,#7217,.T.);
#7217 = EDGE_CURVE('',#7209,#7218,#7220,.T.);
#7218 = VERTEX_POINT('',#7219);
#7219 = CARTESIAN_POINT('',(-5.15,6.78,-2.22044604925E-16));
#7220 = LINE('',#7221,#7222);
#7221 = CARTESIAN_POINT('',(-4.571918806191,6.78,-2.22044604925E-16));
#7222 = VECTOR('',#7223,1.);
#7223 = DIRECTION('',(-1.,1.144237745222E-17,0.));
#7224 = ORIENTED_EDGE('',*,*,#7225,.T.);
#7225 = EDGE_CURVE('',#7218,#7226,#7228,.T.);
#7226 = VERTEX_POINT('',#7227);
#7227 = CARTESIAN_POINT('',(-5.15,6.78,0.2));
#7228 = LINE('',#7229,#7230);
#7229 = CARTESIAN_POINT('',(-5.15,6.78,-2.22044604925E-16));
#7230 = VECTOR('',#7231,1.);
#7231 = DIRECTION('',(0.,0.,1.));
#7232 = ORIENTED_EDGE('',*,*,#7233,.T.);
#7233 = EDGE_CURVE('',#7226,#7234,#7236,.T.);
#7234 = VERTEX_POINT('',#7235);
#7235 = CARTESIAN_POINT('',(-4.571918806191,6.78,0.2));
#7236 = LINE('',#7237,#7238);
#7237 = CARTESIAN_POINT('',(-5.15,6.78,0.2));
#7238 = VECTOR('',#7239,1.);
#7239 = DIRECTION('',(1.,-1.144237745222E-17,0.));
#7240 = ORIENTED_EDGE('',*,*,#7241,.T.);
#7241 = EDGE_CURVE('',#7234,#7242,#7244,.T.);
#7242 = VERTEX_POINT('',#7243);
#7243 = CARTESIAN_POINT('',(-4.47343803089,6.78,0.282635182233));
#7244 = CIRCLE('',#7245,0.1);
#7245 = AXIS2_PLACEMENT_3D('',#7246,#7247,#7248);
#7246 = CARTESIAN_POINT('',(-4.571918806191,6.78,0.3));
#7247 = DIRECTION('',(-1.144237745222E-17,-1.,2.189528850508E-47));
#7248 = DIRECTION('',(-8.881784197001E-15,1.016287272312E-31,-1.));
#7249 = ORIENTED_EDGE('',*,*,#7250,.T.);
#7250 = EDGE_CURVE('',#7242,#7251,#7253,.T.);
#7251 = VERTEX_POINT('',#7252);
#7252 = CARTESIAN_POINT('',(-4.295442325904,6.78,1.3270944533));
#7253 = LINE('',#7254,#7255);
#7254 = CARTESIAN_POINT('',(-4.47343803089,6.78,0.282635182233));
#7255 = VECTOR('',#7256,1.);
#7256 = DIRECTION('',(0.167996923731,-1.922284212135E-18,0.985787519508)
  );
#7257 = ORIENTED_EDGE('',*,*,#7258,.T.);
#7258 = EDGE_CURVE('',#7251,#4112,#7259,.T.);
#7259 = CIRCLE('',#7260,0.3);
#7260 = AXIS2_PLACEMENT_3D('',#7261,#7262,#7263);
#7261 = CARTESIAN_POINT('',(-4.,6.78,1.275));
#7262 = DIRECTION('',(1.144237745222E-17,1.,7.703719777549E-34));
#7263 = DIRECTION('',(-0.984807753012,1.126854202784E-17,0.173648177667)
  );
#7264 = ORIENTED_EDGE('',*,*,#4111,.T.);
#7265 = PLANE('',#7266);
#7266 = AXIS2_PLACEMENT_3D('',#7267,#7268,#7269);
#7267 = CARTESIAN_POINT('',(-4.341787690374,6.78,0.743634917138));
#7268 = DIRECTION('',(1.144237745222E-17,1.,0.));
#7269 = DIRECTION('',(0.,-0.,1.));
#7270 = ADVANCED_FACE('',(#7271),#7290,.F.);
#7271 = FACE_BOUND('',#7272,.F.);
#7272 = EDGE_LOOP('',(#7273,#7274,#7283,#7289));
#7273 = ORIENTED_EDGE('',*,*,#3257,.T.);
#7274 = ORIENTED_EDGE('',*,*,#7275,.T.);
#7275 = EDGE_CURVE('',#3250,#7276,#7278,.T.);
#7276 = VERTEX_POINT('',#7277);
#7277 = CARTESIAN_POINT('',(-4.098480775301,7.19,1.292364817767));
#7278 = CIRCLE('',#7279,0.1);
#7279 = AXIS2_PLACEMENT_3D('',#7280,#7281,#7282);
#7280 = CARTESIAN_POINT('',(-4.,7.19,1.275));
#7281 = DIRECTION('',(-1.144237745222E-17,-1.,6.568586551523E-47));
#7282 = DIRECTION('',(8.881784197001E-15,-1.016287272312E-31,1.));
#7283 = ORIENTED_EDGE('',*,*,#7284,.F.);
#7284 = EDGE_CURVE('',#7192,#7276,#7285,.T.);
#7285 = LINE('',#7286,#7287);
#7286 = CARTESIAN_POINT('',(-4.098480775301,6.78,1.292364817767));
#7287 = VECTOR('',#7288,1.);
#7288 = DIRECTION('',(1.144237745222E-17,1.,0.));
#7289 = ORIENTED_EDGE('',*,*,#7191,.F.);
#7290 = CYLINDRICAL_SURFACE('',#7291,0.1);
#7291 = AXIS2_PLACEMENT_3D('',#7292,#7293,#7294);
#7292 = CARTESIAN_POINT('',(-4.,6.78,1.275));
#7293 = DIRECTION('',(-1.144237745222E-17,-1.,0.));
#7294 = DIRECTION('',(8.881784197001E-15,-1.016287272312E-31,1.));
#7295 = ADVANCED_FACE('',(#7296),#7367,.T.);
#7296 = FACE_BOUND('',#7297,.T.);
#7297 = EDGE_LOOP('',(#7298,#7299,#7300,#7301,#7309,#7318,#7326,#7334,
    #7342,#7351,#7359,#7366));
#7298 = ORIENTED_EDGE('',*,*,#3271,.F.);
#7299 = ORIENTED_EDGE('',*,*,#3249,.T.);
#7300 = ORIENTED_EDGE('',*,*,#7275,.T.);
#7301 = ORIENTED_EDGE('',*,*,#7302,.T.);
#7302 = EDGE_CURVE('',#7276,#7303,#7305,.T.);
#7303 = VERTEX_POINT('',#7304);
#7304 = CARTESIAN_POINT('',(-4.276476480287,7.19,0.2479055467));
#7305 = LINE('',#7306,#7307);
#7306 = CARTESIAN_POINT('',(-4.098480775301,7.19,1.292364817767));
#7307 = VECTOR('',#7308,1.);
#7308 = DIRECTION('',(-0.167996923731,1.922284212135E-18,-0.985787519508
    ));
#7309 = ORIENTED_EDGE('',*,*,#7310,.T.);
#7310 = EDGE_CURVE('',#7303,#7311,#7313,.T.);
#7311 = VERTEX_POINT('',#7312);
#7312 = CARTESIAN_POINT('',(-4.571918806191,7.19,-2.22044604925E-16));
#7313 = CIRCLE('',#7314,0.3);
#7314 = AXIS2_PLACEMENT_3D('',#7315,#7316,#7317);
#7315 = CARTESIAN_POINT('',(-4.571918806191,7.19,0.3));
#7316 = DIRECTION('',(1.144237745222E-17,1.,0.));
#7317 = DIRECTION('',(0.984807753012,-1.126854202784E-17,-0.173648177667
    ));
#7318 = ORIENTED_EDGE('',*,*,#7319,.T.);
#7319 = EDGE_CURVE('',#7311,#7320,#7322,.T.);
#7320 = VERTEX_POINT('',#7321);
#7321 = CARTESIAN_POINT('',(-5.15,7.19,-2.22044604925E-16));
#7322 = LINE('',#7323,#7324);
#7323 = CARTESIAN_POINT('',(-4.571918806191,7.19,-2.22044604925E-16));
#7324 = VECTOR('',#7325,1.);
#7325 = DIRECTION('',(-1.,1.144237745222E-17,0.));
#7326 = ORIENTED_EDGE('',*,*,#7327,.T.);
#7327 = EDGE_CURVE('',#7320,#7328,#7330,.T.);
#7328 = VERTEX_POINT('',#7329);
#7329 = CARTESIAN_POINT('',(-5.15,7.19,0.2));
#7330 = LINE('',#7331,#7332);
#7331 = CARTESIAN_POINT('',(-5.15,7.19,-2.22044604925E-16));
#7332 = VECTOR('',#7333,1.);
#7333 = DIRECTION('',(0.,0.,1.));
#7334 = ORIENTED_EDGE('',*,*,#7335,.T.);
#7335 = EDGE_CURVE('',#7328,#7336,#7338,.T.);
#7336 = VERTEX_POINT('',#7337);
#7337 = CARTESIAN_POINT('',(-4.571918806191,7.19,0.2));
#7338 = LINE('',#7339,#7340);
#7339 = CARTESIAN_POINT('',(-5.15,7.19,0.2));
#7340 = VECTOR('',#7341,1.);
#7341 = DIRECTION('',(1.,-1.144237745222E-17,0.));
#7342 = ORIENTED_EDGE('',*,*,#7343,.T.);
#7343 = EDGE_CURVE('',#7336,#7344,#7346,.T.);
#7344 = VERTEX_POINT('',#7345);
#7345 = CARTESIAN_POINT('',(-4.47343803089,7.19,0.282635182233));
#7346 = CIRCLE('',#7347,0.1);
#7347 = AXIS2_PLACEMENT_3D('',#7348,#7349,#7350);
#7348 = CARTESIAN_POINT('',(-4.571918806191,7.19,0.3));
#7349 = DIRECTION('',(-1.144237745222E-17,-1.,2.189528850508E-47));
#7350 = DIRECTION('',(-8.881784197001E-15,1.016287272312E-31,-1.));
#7351 = ORIENTED_EDGE('',*,*,#7352,.T.);
#7352 = EDGE_CURVE('',#7344,#7353,#7355,.T.);
#7353 = VERTEX_POINT('',#7354);
#7354 = CARTESIAN_POINT('',(-4.295442325904,7.19,1.3270944533));
#7355 = LINE('',#7356,#7357);
#7356 = CARTESIAN_POINT('',(-4.47343803089,7.19,0.282635182233));
#7357 = VECTOR('',#7358,1.);
#7358 = DIRECTION('',(0.167996923731,-1.922284212135E-18,0.985787519508)
  );
#7359 = ORIENTED_EDGE('',*,*,#7360,.T.);
#7360 = EDGE_CURVE('',#7353,#4120,#7361,.T.);
#7361 = CIRCLE('',#7362,0.3);
#7362 = AXIS2_PLACEMENT_3D('',#7363,#7364,#7365);
#7363 = CARTESIAN_POINT('',(-4.,7.19,1.275));
#7364 = DIRECTION('',(1.144237745222E-17,1.,7.703719777549E-34));
#7365 = DIRECTION('',(-0.984807753012,1.126854202784E-17,0.173648177667)
  );
#7366 = ORIENTED_EDGE('',*,*,#4127,.T.);
#7367 = PLANE('',#7368);
#7368 = AXIS2_PLACEMENT_3D('',#7369,#7370,#7371);
#7369 = CARTESIAN_POINT('',(-4.341787690374,7.19,0.743634917138));
#7370 = DIRECTION('',(1.144237745222E-17,1.,0.));
#7371 = DIRECTION('',(0.,-0.,1.));
#7372 = ADVANCED_FACE('',(#7373),#7452,.F.);
#7373 = FACE_BOUND('',#7374,.F.);
#7374 = EDGE_LOOP('',(#7375,#7376,#7377,#7386,#7394,#7403,#7411,#7419,
    #7427,#7436,#7444,#7451));
#7375 = ORIENTED_EDGE('',*,*,#3290,.F.);
#7376 = ORIENTED_EDGE('',*,*,#3305,.T.);
#7377 = ORIENTED_EDGE('',*,*,#7378,.T.);
#7378 = EDGE_CURVE('',#3306,#7379,#7381,.T.);
#7379 = VERTEX_POINT('',#7380);
#7380 = CARTESIAN_POINT('',(4.098480775301,7.19,1.292364817767));
#7381 = CIRCLE('',#7382,0.1);
#7382 = AXIS2_PLACEMENT_3D('',#7383,#7384,#7385);
#7383 = CARTESIAN_POINT('',(4.,7.19,1.275));
#7384 = DIRECTION('',(-1.110223024625E-16,1.,0.));
#7385 = DIRECTION('',(-8.881784197001E-15,-9.860761315261E-31,1.));
#7386 = ORIENTED_EDGE('',*,*,#7387,.T.);
#7387 = EDGE_CURVE('',#7379,#7388,#7390,.T.);
#7388 = VERTEX_POINT('',#7389);
#7389 = CARTESIAN_POINT('',(4.276476480287,7.19,0.2479055467));
#7390 = LINE('',#7391,#7392);
#7391 = CARTESIAN_POINT('',(4.098480775301,7.19,1.292364817767));
#7392 = VECTOR('',#7393,1.);
#7393 = DIRECTION('',(0.167996923731,1.865140527917E-17,-0.985787519508)
  );
#7394 = ORIENTED_EDGE('',*,*,#7395,.T.);
#7395 = EDGE_CURVE('',#7388,#7396,#7398,.T.);
#7396 = VERTEX_POINT('',#7397);
#7397 = CARTESIAN_POINT('',(4.571918806191,7.19,-2.22044604925E-16));
#7398 = CIRCLE('',#7399,0.3);
#7399 = AXIS2_PLACEMENT_3D('',#7400,#7401,#7402);
#7400 = CARTESIAN_POINT('',(4.571918806191,7.19,0.3));
#7401 = DIRECTION('',(1.110223024625E-16,-1.,0.));
#7402 = DIRECTION('',(-0.984807753012,-1.093356242223E-16,
    -0.173648177667));
#7403 = ORIENTED_EDGE('',*,*,#7404,.T.);
#7404 = EDGE_CURVE('',#7396,#7405,#7407,.T.);
#7405 = VERTEX_POINT('',#7406);
#7406 = CARTESIAN_POINT('',(5.15,7.19,-2.22044604925E-16));
#7407 = LINE('',#7408,#7409);
#7408 = CARTESIAN_POINT('',(4.571918806191,7.19,-2.22044604925E-16));
#7409 = VECTOR('',#7410,1.);
#7410 = DIRECTION('',(1.,1.110223024625E-16,0.));
#7411 = ORIENTED_EDGE('',*,*,#7412,.T.);
#7412 = EDGE_CURVE('',#7405,#7413,#7415,.T.);
#7413 = VERTEX_POINT('',#7414);
#7414 = CARTESIAN_POINT('',(5.15,7.19,0.2));
#7415 = LINE('',#7416,#7417);
#7416 = CARTESIAN_POINT('',(5.15,7.19,-2.22044604925E-16));
#7417 = VECTOR('',#7418,1.);
#7418 = DIRECTION('',(0.,0.,1.));
#7419 = ORIENTED_EDGE('',*,*,#7420,.T.);
#7420 = EDGE_CURVE('',#7413,#7421,#7423,.T.);
#7421 = VERTEX_POINT('',#7422);
#7422 = CARTESIAN_POINT('',(4.571918806191,7.19,0.2));
#7423 = LINE('',#7424,#7425);
#7424 = CARTESIAN_POINT('',(5.15,7.19,0.2));
#7425 = VECTOR('',#7426,1.);
#7426 = DIRECTION('',(-1.,-1.110223024625E-16,0.));
#7427 = ORIENTED_EDGE('',*,*,#7428,.T.);
#7428 = EDGE_CURVE('',#7421,#7429,#7431,.T.);
#7429 = VERTEX_POINT('',#7430);
#7430 = CARTESIAN_POINT('',(4.47343803089,7.19,0.282635182233));
#7431 = CIRCLE('',#7432,0.1);
#7432 = AXIS2_PLACEMENT_3D('',#7433,#7434,#7435);
#7433 = CARTESIAN_POINT('',(4.571918806191,7.19,0.3));
#7434 = DIRECTION('',(-1.110223024625E-16,1.,0.));
#7435 = DIRECTION('',(8.881784197001E-15,9.860761315261E-31,-1.));
#7436 = ORIENTED_EDGE('',*,*,#7437,.T.);
#7437 = EDGE_CURVE('',#7429,#7438,#7440,.T.);
#7438 = VERTEX_POINT('',#7439);
#7439 = CARTESIAN_POINT('',(4.295442325904,7.19,1.3270944533));
#7440 = LINE('',#7441,#7442);
#7441 = CARTESIAN_POINT('',(4.47343803089,7.19,0.282635182233));
#7442 = VECTOR('',#7443,1.);
#7443 = DIRECTION('',(-0.167996923731,-1.865140527917E-17,0.985787519508
    ));
#7444 = ORIENTED_EDGE('',*,*,#7445,.T.);
#7445 = EDGE_CURVE('',#7438,#4655,#7446,.T.);
#7446 = CIRCLE('',#7447,0.3);
#7447 = AXIS2_PLACEMENT_3D('',#7448,#7449,#7450);
#7448 = CARTESIAN_POINT('',(4.,7.19,1.275));
#7449 = DIRECTION('',(1.110223024625E-16,-1.,0.));
#7450 = DIRECTION('',(0.984807753012,1.093356242223E-16,0.173648177667)
  );
#7451 = ORIENTED_EDGE('',*,*,#4654,.T.);
#7452 = PLANE('',#7453);
#7453 = AXIS2_PLACEMENT_3D('',#7454,#7455,#7456);
#7454 = CARTESIAN_POINT('',(4.341787690374,7.19,0.743634917138));
#7455 = DIRECTION('',(1.110223024625E-16,-1.,0.));
#7456 = DIRECTION('',(0.,0.,1.));
#7457 = ADVANCED_FACE('',(#7458),#7477,.F.);
#7458 = FACE_BOUND('',#7459,.F.);
#7459 = EDGE_LOOP('',(#7460,#7461,#7470,#7476));
#7460 = ORIENTED_EDGE('',*,*,#3322,.T.);
#7461 = ORIENTED_EDGE('',*,*,#7462,.T.);
#7462 = EDGE_CURVE('',#3315,#7463,#7465,.T.);
#7463 = VERTEX_POINT('',#7464);
#7464 = CARTESIAN_POINT('',(4.098480775301,6.78,1.292364817767));
#7465 = CIRCLE('',#7466,0.1);
#7466 = AXIS2_PLACEMENT_3D('',#7467,#7468,#7469);
#7467 = CARTESIAN_POINT('',(4.,6.78,1.275));
#7468 = DIRECTION('',(-1.110223024625E-16,1.,0.));
#7469 = DIRECTION('',(-8.881784197001E-15,-9.860761315261E-31,1.));
#7470 = ORIENTED_EDGE('',*,*,#7471,.F.);
#7471 = EDGE_CURVE('',#7379,#7463,#7472,.T.);
#7472 = LINE('',#7473,#7474);
#7473 = CARTESIAN_POINT('',(4.098480775301,7.19,1.292364817767));
#7474 = VECTOR('',#7475,1.);
#7475 = DIRECTION('',(1.110223024625E-16,-1.,0.));
#7476 = ORIENTED_EDGE('',*,*,#7378,.F.);
#7477 = CYLINDRICAL_SURFACE('',#7478,0.1);
#7478 = AXIS2_PLACEMENT_3D('',#7479,#7480,#7481);
#7479 = CARTESIAN_POINT('',(4.,7.19,1.275));
#7480 = DIRECTION('',(-1.110223024625E-16,1.,0.));
#7481 = DIRECTION('',(-8.881784197001E-15,-9.860761315261E-31,1.));
#7482 = ADVANCED_FACE('',(#7483),#7554,.T.);
#7483 = FACE_BOUND('',#7484,.T.);
#7484 = EDGE_LOOP('',(#7485,#7486,#7487,#7488,#7496,#7505,#7513,#7521,
    #7529,#7538,#7546,#7553));
#7485 = ORIENTED_EDGE('',*,*,#3336,.F.);
#7486 = ORIENTED_EDGE('',*,*,#3314,.T.);
#7487 = ORIENTED_EDGE('',*,*,#7462,.T.);
#7488 = ORIENTED_EDGE('',*,*,#7489,.T.);
#7489 = EDGE_CURVE('',#7463,#7490,#7492,.T.);
#7490 = VERTEX_POINT('',#7491);
#7491 = CARTESIAN_POINT('',(4.276476480287,6.78,0.2479055467));
#7492 = LINE('',#7493,#7494);
#7493 = CARTESIAN_POINT('',(4.098480775301,6.78,1.292364817767));
#7494 = VECTOR('',#7495,1.);
#7495 = DIRECTION('',(0.167996923731,1.865140527917E-17,-0.985787519508)
  );
#7496 = ORIENTED_EDGE('',*,*,#7497,.T.);
#7497 = EDGE_CURVE('',#7490,#7498,#7500,.T.);
#7498 = VERTEX_POINT('',#7499);
#7499 = CARTESIAN_POINT('',(4.571918806191,6.78,-2.22044604925E-16));
#7500 = CIRCLE('',#7501,0.3);
#7501 = AXIS2_PLACEMENT_3D('',#7502,#7503,#7504);
#7502 = CARTESIAN_POINT('',(4.571918806191,6.78,0.3));
#7503 = DIRECTION('',(1.110223024625E-16,-1.,0.));
#7504 = DIRECTION('',(-0.984807753012,-1.093356242223E-16,
    -0.173648177667));
#7505 = ORIENTED_EDGE('',*,*,#7506,.T.);
#7506 = EDGE_CURVE('',#7498,#7507,#7509,.T.);
#7507 = VERTEX_POINT('',#7508);
#7508 = CARTESIAN_POINT('',(5.15,6.78,-2.22044604925E-16));
#7509 = LINE('',#7510,#7511);
#7510 = CARTESIAN_POINT('',(4.571918806191,6.78,-2.22044604925E-16));
#7511 = VECTOR('',#7512,1.);
#7512 = DIRECTION('',(1.,1.110223024625E-16,0.));
#7513 = ORIENTED_EDGE('',*,*,#7514,.T.);
#7514 = EDGE_CURVE('',#7507,#7515,#7517,.T.);
#7515 = VERTEX_POINT('',#7516);
#7516 = CARTESIAN_POINT('',(5.15,6.78,0.2));
#7517 = LINE('',#7518,#7519);
#7518 = CARTESIAN_POINT('',(5.15,6.78,-2.22044604925E-16));
#7519 = VECTOR('',#7520,1.);
#7520 = DIRECTION('',(0.,0.,1.));
#7521 = ORIENTED_EDGE('',*,*,#7522,.T.);
#7522 = EDGE_CURVE('',#7515,#7523,#7525,.T.);
#7523 = VERTEX_POINT('',#7524);
#7524 = CARTESIAN_POINT('',(4.571918806191,6.78,0.2));
#7525 = LINE('',#7526,#7527);
#7526 = CARTESIAN_POINT('',(5.15,6.78,0.2));
#7527 = VECTOR('',#7528,1.);
#7528 = DIRECTION('',(-1.,-1.110223024625E-16,0.));
#7529 = ORIENTED_EDGE('',*,*,#7530,.T.);
#7530 = EDGE_CURVE('',#7523,#7531,#7533,.T.);
#7531 = VERTEX_POINT('',#7532);
#7532 = CARTESIAN_POINT('',(4.47343803089,6.78,0.282635182233));
#7533 = CIRCLE('',#7534,0.1);
#7534 = AXIS2_PLACEMENT_3D('',#7535,#7536,#7537);
#7535 = CARTESIAN_POINT('',(4.571918806191,6.78,0.3));
#7536 = DIRECTION('',(-1.110223024625E-16,1.,0.));
#7537 = DIRECTION('',(8.881784197001E-15,9.860761315261E-31,-1.));
#7538 = ORIENTED_EDGE('',*,*,#7539,.T.);
#7539 = EDGE_CURVE('',#7531,#7540,#7542,.T.);
#7540 = VERTEX_POINT('',#7541);
#7541 = CARTESIAN_POINT('',(4.295442325904,6.78,1.3270944533));
#7542 = LINE('',#7543,#7544);
#7543 = CARTESIAN_POINT('',(4.47343803089,6.78,0.282635182233));
#7544 = VECTOR('',#7545,1.);
#7545 = DIRECTION('',(-0.167996923731,-1.865140527917E-17,0.985787519508
    ));
#7546 = ORIENTED_EDGE('',*,*,#7547,.T.);
#7547 = EDGE_CURVE('',#7540,#4663,#7548,.T.);
#7548 = CIRCLE('',#7549,0.3);
#7549 = AXIS2_PLACEMENT_3D('',#7550,#7551,#7552);
#7550 = CARTESIAN_POINT('',(4.,6.78,1.275));
#7551 = DIRECTION('',(1.110223024625E-16,-1.,0.));
#7552 = DIRECTION('',(0.984807753012,1.093356242223E-16,0.173648177667)
  );
#7553 = ORIENTED_EDGE('',*,*,#4670,.T.);
#7554 = PLANE('',#7555);
#7555 = AXIS2_PLACEMENT_3D('',#7556,#7557,#7558);
#7556 = CARTESIAN_POINT('',(4.341787690374,6.78,0.743634917138));
#7557 = DIRECTION('',(1.110223024625E-16,-1.,0.));
#7558 = DIRECTION('',(0.,0.,1.));
#7559 = ADVANCED_FACE('',(#7560),#7571,.F.);
#7560 = FACE_BOUND('',#7561,.F.);
#7561 = EDGE_LOOP('',(#7562,#7563,#7564,#7570));
#7562 = ORIENTED_EDGE('',*,*,#4676,.F.);
#7563 = ORIENTED_EDGE('',*,*,#3353,.T.);
#7564 = ORIENTED_EDGE('',*,*,#7565,.T.);
#7565 = EDGE_CURVE('',#3346,#4449,#7566,.T.);
#7566 = LINE('',#7567,#7568);
#7567 = CARTESIAN_POINT('',(4.,5.92,1.575));
#7568 = VECTOR('',#7569,1.);
#7569 = DIRECTION('',(-1.,-1.110223024625E-16,0.));
#7570 = ORIENTED_EDGE('',*,*,#4448,.F.);
#7571 = PLANE('',#7572);
#7572 = AXIS2_PLACEMENT_3D('',#7573,#7574,#7575);
#7573 = CARTESIAN_POINT('',(-6.818810897008E-16,7.6625,1.575));
#7574 = DIRECTION('',(1.36606555458E-31,1.361853537021E-27,-1.));
#7575 = DIRECTION('',(1.,1.109316052857E-16,1.366065554582E-31));
#7576 = ADVANCED_FACE('',(#7577),#7663,.F.);
#7577 = FACE_BOUND('',#7578,.F.);
#7578 = EDGE_LOOP('',(#7579,#7580,#7581,#7590,#7598,#7607,#7615,#7623,
    #7631,#7640,#7648,#7657));
#7579 = ORIENTED_EDGE('',*,*,#3345,.F.);
#7580 = ORIENTED_EDGE('',*,*,#3367,.T.);
#7581 = ORIENTED_EDGE('',*,*,#7582,.T.);
#7582 = EDGE_CURVE('',#3368,#7583,#7585,.T.);
#7583 = VERTEX_POINT('',#7584);
#7584 = CARTESIAN_POINT('',(4.098480775301,5.92,1.292364817767));
#7585 = CIRCLE('',#7586,0.1);
#7586 = AXIS2_PLACEMENT_3D('',#7587,#7588,#7589);
#7587 = CARTESIAN_POINT('',(4.,5.92,1.275));
#7588 = DIRECTION('',(-1.110223024625E-16,1.,0.));
#7589 = DIRECTION('',(-8.881784197001E-15,-9.860761315261E-31,1.));
#7590 = ORIENTED_EDGE('',*,*,#7591,.T.);
#7591 = EDGE_CURVE('',#7583,#7592,#7594,.T.);
#7592 = VERTEX_POINT('',#7593);
#7593 = CARTESIAN_POINT('',(4.276476480287,5.92,0.2479055467));
#7594 = LINE('',#7595,#7596);
#7595 = CARTESIAN_POINT('',(4.098480775301,5.92,1.292364817767));
#7596 = VECTOR('',#7597,1.);
#7597 = DIRECTION('',(0.167996923731,1.865140527917E-17,-0.985787519508)
  );
#7598 = ORIENTED_EDGE('',*,*,#7599,.T.);
#7599 = EDGE_CURVE('',#7592,#7600,#7602,.T.);
#7600 = VERTEX_POINT('',#7601);
#7601 = CARTESIAN_POINT('',(4.571918806191,5.92,-2.22044604925E-16));
#7602 = CIRCLE('',#7603,0.3);
#7603 = AXIS2_PLACEMENT_3D('',#7604,#7605,#7606);
#7604 = CARTESIAN_POINT('',(4.571918806191,5.92,0.3));
#7605 = DIRECTION('',(1.110223024625E-16,-1.,0.));
#7606 = DIRECTION('',(-0.984807753012,-1.093356242223E-16,
    -0.173648177667));
#7607 = ORIENTED_EDGE('',*,*,#7608,.T.);
#7608 = EDGE_CURVE('',#7600,#7609,#7611,.T.);
#7609 = VERTEX_POINT('',#7610);
#7610 = CARTESIAN_POINT('',(5.15,5.92,-2.22044604925E-16));
#7611 = LINE('',#7612,#7613);
#7612 = CARTESIAN_POINT('',(4.571918806191,5.92,-2.22044604925E-16));
#7613 = VECTOR('',#7614,1.);
#7614 = DIRECTION('',(1.,1.110223024625E-16,0.));
#7615 = ORIENTED_EDGE('',*,*,#7616,.T.);
#7616 = EDGE_CURVE('',#7609,#7617,#7619,.T.);
#7617 = VERTEX_POINT('',#7618);
#7618 = CARTESIAN_POINT('',(5.15,5.92,0.2));
#7619 = LINE('',#7620,#7621);
#7620 = CARTESIAN_POINT('',(5.15,5.92,-2.22044604925E-16));
#7621 = VECTOR('',#7622,1.);
#7622 = DIRECTION('',(0.,0.,1.));
#7623 = ORIENTED_EDGE('',*,*,#7624,.T.);
#7624 = EDGE_CURVE('',#7617,#7625,#7627,.T.);
#7625 = VERTEX_POINT('',#7626);
#7626 = CARTESIAN_POINT('',(4.571918806191,5.92,0.2));
#7627 = LINE('',#7628,#7629);
#7628 = CARTESIAN_POINT('',(5.15,5.92,0.2));
#7629 = VECTOR('',#7630,1.);
#7630 = DIRECTION('',(-1.,-1.110223024625E-16,0.));
#7631 = ORIENTED_EDGE('',*,*,#7632,.T.);
#7632 = EDGE_CURVE('',#7625,#7633,#7635,.T.);
#7633 = VERTEX_POINT('',#7634);
#7634 = CARTESIAN_POINT('',(4.47343803089,5.92,0.282635182233));
#7635 = CIRCLE('',#7636,0.1);
#7636 = AXIS2_PLACEMENT_3D('',#7637,#7638,#7639);
#7637 = CARTESIAN_POINT('',(4.571918806191,5.92,0.3));
#7638 = DIRECTION('',(-1.110223024625E-16,1.,0.));
#7639 = DIRECTION('',(8.881784197001E-15,9.860761315261E-31,-1.));
#7640 = ORIENTED_EDGE('',*,*,#7641,.T.);
#7641 = EDGE_CURVE('',#7633,#7642,#7644,.T.);
#7642 = VERTEX_POINT('',#7643);
#7643 = CARTESIAN_POINT('',(4.295442325904,5.92,1.3270944533));
#7644 = LINE('',#7645,#7646);
#7645 = CARTESIAN_POINT('',(4.47343803089,5.92,0.282635182233));
#7646 = VECTOR('',#7647,1.);
#7647 = DIRECTION('',(-0.167996923731,-1.865140527917E-17,0.985787519508
    ));
#7648 = ORIENTED_EDGE('',*,*,#7649,.T.);
#7649 = EDGE_CURVE('',#7642,#7650,#7652,.T.);
#7650 = VERTEX_POINT('',#7651);
#7651 = CARTESIAN_POINT('',(4.,5.92,1.575));
#7652 = CIRCLE('',#7653,0.3);
#7653 = AXIS2_PLACEMENT_3D('',#7654,#7655,#7656);
#7654 = CARTESIAN_POINT('',(4.,5.92,1.275));
#7655 = DIRECTION('',(1.110223024625E-16,-1.,0.));
#7656 = DIRECTION('',(0.984807753012,1.093356242223E-16,0.173648177667)
  );
#7657 = ORIENTED_EDGE('',*,*,#7658,.T.);
#7658 = EDGE_CURVE('',#7650,#3346,#7659,.T.);
#7659 = LINE('',#7660,#7661);
#7660 = CARTESIAN_POINT('',(4.,5.92,1.575));
#7661 = VECTOR('',#7662,1.);
#7662 = DIRECTION('',(-1.,-1.110223024625E-16,0.));
#7663 = PLANE('',#7664);
#7664 = AXIS2_PLACEMENT_3D('',#7665,#7666,#7667);
#7665 = CARTESIAN_POINT('',(4.341787690374,5.92,0.743634917138));
#7666 = DIRECTION('',(1.110223024625E-16,-1.,0.));
#7667 = DIRECTION('',(0.,0.,1.));
#7668 = ADVANCED_FACE('',(#7669),#7688,.F.);
#7669 = FACE_BOUND('',#7670,.F.);
#7670 = EDGE_LOOP('',(#7671,#7672,#7681,#7687));
#7671 = ORIENTED_EDGE('',*,*,#3384,.T.);
#7672 = ORIENTED_EDGE('',*,*,#7673,.T.);
#7673 = EDGE_CURVE('',#3377,#7674,#7676,.T.);
#7674 = VERTEX_POINT('',#7675);
#7675 = CARTESIAN_POINT('',(4.098480775301,5.51,1.292364817767));
#7676 = CIRCLE('',#7677,0.1);
#7677 = AXIS2_PLACEMENT_3D('',#7678,#7679,#7680);
#7678 = CARTESIAN_POINT('',(4.,5.51,1.275));
#7679 = DIRECTION('',(-1.110223024625E-16,1.,0.));
#7680 = DIRECTION('',(-8.881784197001E-15,-9.860761315261E-31,1.));
#7681 = ORIENTED_EDGE('',*,*,#7682,.F.);
#7682 = EDGE_CURVE('',#7583,#7674,#7683,.T.);
#7683 = LINE('',#7684,#7685);
#7684 = CARTESIAN_POINT('',(4.098480775301,5.92,1.292364817767));
#7685 = VECTOR('',#7686,1.);
#7686 = DIRECTION('',(1.110223024625E-16,-1.,0.));
#7687 = ORIENTED_EDGE('',*,*,#7582,.F.);
#7688 = CYLINDRICAL_SURFACE('',#7689,0.1);
#7689 = AXIS2_PLACEMENT_3D('',#7690,#7691,#7692);
#7690 = CARTESIAN_POINT('',(4.,5.92,1.275));
#7691 = DIRECTION('',(-1.110223024625E-16,1.,0.));
#7692 = DIRECTION('',(-8.881784197001E-15,-9.860761315261E-31,1.));
#7693 = ADVANCED_FACE('',(#7694),#7772,.T.);
#7694 = FACE_BOUND('',#7695,.T.);
#7695 = EDGE_LOOP('',(#7696,#7697,#7698,#7699,#7707,#7716,#7724,#7732,
    #7740,#7749,#7757,#7766));
#7696 = ORIENTED_EDGE('',*,*,#3398,.F.);
#7697 = ORIENTED_EDGE('',*,*,#3376,.T.);
#7698 = ORIENTED_EDGE('',*,*,#7673,.T.);
#7699 = ORIENTED_EDGE('',*,*,#7700,.T.);
#7700 = EDGE_CURVE('',#7674,#7701,#7703,.T.);
#7701 = VERTEX_POINT('',#7702);
#7702 = CARTESIAN_POINT('',(4.276476480287,5.51,0.2479055467));
#7703 = LINE('',#7704,#7705);
#7704 = CARTESIAN_POINT('',(4.098480775301,5.51,1.292364817767));
#7705 = VECTOR('',#7706,1.);
#7706 = DIRECTION('',(0.167996923731,1.865140527917E-17,-0.985787519508)
  );
#7707 = ORIENTED_EDGE('',*,*,#7708,.T.);
#7708 = EDGE_CURVE('',#7701,#7709,#7711,.T.);
#7709 = VERTEX_POINT('',#7710);
#7710 = CARTESIAN_POINT('',(4.571918806191,5.51,-2.22044604925E-16));
#7711 = CIRCLE('',#7712,0.3);
#7712 = AXIS2_PLACEMENT_3D('',#7713,#7714,#7715);
#7713 = CARTESIAN_POINT('',(4.571918806191,5.51,0.3));
#7714 = DIRECTION('',(1.110223024625E-16,-1.,0.));
#7715 = DIRECTION('',(-0.984807753012,-1.093356242223E-16,
    -0.173648177667));
#7716 = ORIENTED_EDGE('',*,*,#7717,.T.);
#7717 = EDGE_CURVE('',#7709,#7718,#7720,.T.);
#7718 = VERTEX_POINT('',#7719);
#7719 = CARTESIAN_POINT('',(5.15,5.51,-2.22044604925E-16));
#7720 = LINE('',#7721,#7722);
#7721 = CARTESIAN_POINT('',(4.571918806191,5.51,-2.22044604925E-16));
#7722 = VECTOR('',#7723,1.);
#7723 = DIRECTION('',(1.,1.110223024625E-16,0.));
#7724 = ORIENTED_EDGE('',*,*,#7725,.T.);
#7725 = EDGE_CURVE('',#7718,#7726,#7728,.T.);
#7726 = VERTEX_POINT('',#7727);
#7727 = CARTESIAN_POINT('',(5.15,5.51,0.2));
#7728 = LINE('',#7729,#7730);
#7729 = CARTESIAN_POINT('',(5.15,5.51,-2.22044604925E-16));
#7730 = VECTOR('',#7731,1.);
#7731 = DIRECTION('',(0.,0.,1.));
#7732 = ORIENTED_EDGE('',*,*,#7733,.T.);
#7733 = EDGE_CURVE('',#7726,#7734,#7736,.T.);
#7734 = VERTEX_POINT('',#7735);
#7735 = CARTESIAN_POINT('',(4.571918806191,5.51,0.2));
#7736 = LINE('',#7737,#7738);
#7737 = CARTESIAN_POINT('',(5.15,5.51,0.2));
#7738 = VECTOR('',#7739,1.);
#7739 = DIRECTION('',(-1.,-1.110223024625E-16,0.));
#7740 = ORIENTED_EDGE('',*,*,#7741,.T.);
#7741 = EDGE_CURVE('',#7734,#7742,#7744,.T.);
#7742 = VERTEX_POINT('',#7743);
#7743 = CARTESIAN_POINT('',(4.47343803089,5.51,0.282635182233));
#7744 = CIRCLE('',#7745,0.1);
#7745 = AXIS2_PLACEMENT_3D('',#7746,#7747,#7748);
#7746 = CARTESIAN_POINT('',(4.571918806191,5.51,0.3));
#7747 = DIRECTION('',(-1.110223024625E-16,1.,0.));
#7748 = DIRECTION('',(8.881784197001E-15,9.860761315261E-31,-1.));
#7749 = ORIENTED_EDGE('',*,*,#7750,.T.);
#7750 = EDGE_CURVE('',#7742,#7751,#7753,.T.);
#7751 = VERTEX_POINT('',#7752);
#7752 = CARTESIAN_POINT('',(4.295442325904,5.51,1.3270944533));
#7753 = LINE('',#7754,#7755);
#7754 = CARTESIAN_POINT('',(4.47343803089,5.51,0.282635182233));
#7755 = VECTOR('',#7756,1.);
#7756 = DIRECTION('',(-0.167996923731,-1.865140527917E-17,0.985787519508
    ));
#7757 = ORIENTED_EDGE('',*,*,#7758,.T.);
#7758 = EDGE_CURVE('',#7751,#7759,#7761,.T.);
#7759 = VERTEX_POINT('',#7760);
#7760 = CARTESIAN_POINT('',(4.,5.51,1.575));
#7761 = CIRCLE('',#7762,0.3);
#7762 = AXIS2_PLACEMENT_3D('',#7763,#7764,#7765);
#7763 = CARTESIAN_POINT('',(4.,5.51,1.275));
#7764 = DIRECTION('',(1.110223024625E-16,-1.,0.));
#7765 = DIRECTION('',(0.984807753012,1.093356242223E-16,0.173648177667)
  );
#7766 = ORIENTED_EDGE('',*,*,#7767,.T.);
#7767 = EDGE_CURVE('',#7759,#3399,#7768,.T.);
#7768 = LINE('',#7769,#7770);
#7769 = CARTESIAN_POINT('',(4.,5.51,1.575));
#7770 = VECTOR('',#7771,1.);
#7771 = DIRECTION('',(-1.,-1.110223024625E-16,0.));
#7772 = PLANE('',#7773);
#7773 = AXIS2_PLACEMENT_3D('',#7774,#7775,#7776);
#7774 = CARTESIAN_POINT('',(4.341787690374,5.51,0.743634917138));
#7775 = DIRECTION('',(1.110223024625E-16,-1.,0.));
#7776 = DIRECTION('',(0.,0.,1.));
#7777 = ADVANCED_FACE('',(#7778),#7794,.F.);
#7778 = FACE_BOUND('',#7779,.F.);
#7779 = EDGE_LOOP('',(#7780,#7786,#7787,#7793));
#7780 = ORIENTED_EDGE('',*,*,#7781,.F.);
#7781 = EDGE_CURVE('',#3399,#4457,#7782,.T.);
#7782 = LINE('',#7783,#7784);
#7783 = CARTESIAN_POINT('',(4.,5.51,1.575));
#7784 = VECTOR('',#7785,1.);
#7785 = DIRECTION('',(-1.,-1.110223024625E-16,0.));
#7786 = ORIENTED_EDGE('',*,*,#3415,.T.);
#7787 = ORIENTED_EDGE('',*,*,#7788,.T.);
#7788 = EDGE_CURVE('',#3408,#4465,#7789,.T.);
#7789 = LINE('',#7790,#7791);
#7790 = CARTESIAN_POINT('',(4.,4.65,1.575));
#7791 = VECTOR('',#7792,1.);
#7792 = DIRECTION('',(-1.,-1.110223024625E-16,0.));
#7793 = ORIENTED_EDGE('',*,*,#4464,.F.);
#7794 = PLANE('',#7795);
#7795 = AXIS2_PLACEMENT_3D('',#7796,#7797,#7798);
#7796 = CARTESIAN_POINT('',(-6.818810897008E-16,7.6625,1.575));
#7797 = DIRECTION('',(1.36606555458E-31,1.361853537021E-27,-1.));
#7798 = DIRECTION('',(1.,1.109316052857E-16,1.366065554582E-31));
#7799 = ADVANCED_FACE('',(#7800),#7886,.F.);
#7800 = FACE_BOUND('',#7801,.F.);
#7801 = EDGE_LOOP('',(#7802,#7803,#7804,#7813,#7821,#7830,#7838,#7846,
    #7854,#7863,#7871,#7880));
#7802 = ORIENTED_EDGE('',*,*,#3407,.F.);
#7803 = ORIENTED_EDGE('',*,*,#3429,.T.);
#7804 = ORIENTED_EDGE('',*,*,#7805,.T.);
#7805 = EDGE_CURVE('',#3430,#7806,#7808,.T.);
#7806 = VERTEX_POINT('',#7807);
#7807 = CARTESIAN_POINT('',(4.098480775301,4.65,1.292364817767));
#7808 = CIRCLE('',#7809,0.1);
#7809 = AXIS2_PLACEMENT_3D('',#7810,#7811,#7812);
#7810 = CARTESIAN_POINT('',(4.,4.65,1.275));
#7811 = DIRECTION('',(-1.110223024625E-16,1.,0.));
#7812 = DIRECTION('',(-8.881784197001E-15,-9.860761315261E-31,1.));
#7813 = ORIENTED_EDGE('',*,*,#7814,.T.);
#7814 = EDGE_CURVE('',#7806,#7815,#7817,.T.);
#7815 = VERTEX_POINT('',#7816);
#7816 = CARTESIAN_POINT('',(4.276476480287,4.65,0.2479055467));
#7817 = LINE('',#7818,#7819);
#7818 = CARTESIAN_POINT('',(4.098480775301,4.65,1.292364817767));
#7819 = VECTOR('',#7820,1.);
#7820 = DIRECTION('',(0.167996923731,1.865140527917E-17,-0.985787519508)
  );
#7821 = ORIENTED_EDGE('',*,*,#7822,.T.);
#7822 = EDGE_CURVE('',#7815,#7823,#7825,.T.);
#7823 = VERTEX_POINT('',#7824);
#7824 = CARTESIAN_POINT('',(4.571918806191,4.65,-2.22044604925E-16));
#7825 = CIRCLE('',#7826,0.3);
#7826 = AXIS2_PLACEMENT_3D('',#7827,#7828,#7829);
#7827 = CARTESIAN_POINT('',(4.571918806191,4.65,0.3));
#7828 = DIRECTION('',(1.110223024625E-16,-1.,0.));
#7829 = DIRECTION('',(-0.984807753012,-1.093356242223E-16,
    -0.173648177667));
#7830 = ORIENTED_EDGE('',*,*,#7831,.T.);
#7831 = EDGE_CURVE('',#7823,#7832,#7834,.T.);
#7832 = VERTEX_POINT('',#7833);
#7833 = CARTESIAN_POINT('',(5.15,4.65,-2.22044604925E-16));
#7834 = LINE('',#7835,#7836);
#7835 = CARTESIAN_POINT('',(4.571918806191,4.65,-2.22044604925E-16));
#7836 = VECTOR('',#7837,1.);
#7837 = DIRECTION('',(1.,1.110223024625E-16,0.));
#7838 = ORIENTED_EDGE('',*,*,#7839,.T.);
#7839 = EDGE_CURVE('',#7832,#7840,#7842,.T.);
#7840 = VERTEX_POINT('',#7841);
#7841 = CARTESIAN_POINT('',(5.15,4.65,0.2));
#7842 = LINE('',#7843,#7844);
#7843 = CARTESIAN_POINT('',(5.15,4.65,-2.22044604925E-16));
#7844 = VECTOR('',#7845,1.);
#7845 = DIRECTION('',(0.,0.,1.));
#7846 = ORIENTED_EDGE('',*,*,#7847,.T.);
#7847 = EDGE_CURVE('',#7840,#7848,#7850,.T.);
#7848 = VERTEX_POINT('',#7849);
#7849 = CARTESIAN_POINT('',(4.571918806191,4.65,0.2));
#7850 = LINE('',#7851,#7852);
#7851 = CARTESIAN_POINT('',(5.15,4.65,0.2));
#7852 = VECTOR('',#7853,1.);
#7853 = DIRECTION('',(-1.,-1.110223024625E-16,0.));
#7854 = ORIENTED_EDGE('',*,*,#7855,.T.);
#7855 = EDGE_CURVE('',#7848,#7856,#7858,.T.);
#7856 = VERTEX_POINT('',#7857);
#7857 = CARTESIAN_POINT('',(4.47343803089,4.65,0.282635182233));
#7858 = CIRCLE('',#7859,0.1);
#7859 = AXIS2_PLACEMENT_3D('',#7860,#7861,#7862);
#7860 = CARTESIAN_POINT('',(4.571918806191,4.65,0.3));
#7861 = DIRECTION('',(-1.110223024625E-16,1.,0.));
#7862 = DIRECTION('',(8.881784197001E-15,9.860761315261E-31,-1.));
#7863 = ORIENTED_EDGE('',*,*,#7864,.T.);
#7864 = EDGE_CURVE('',#7856,#7865,#7867,.T.);
#7865 = VERTEX_POINT('',#7866);
#7866 = CARTESIAN_POINT('',(4.295442325904,4.65,1.3270944533));
#7867 = LINE('',#7868,#7869);
#7868 = CARTESIAN_POINT('',(4.47343803089,4.65,0.282635182233));
#7869 = VECTOR('',#7870,1.);
#7870 = DIRECTION('',(-0.167996923731,-1.865140527917E-17,0.985787519508
    ));
#7871 = ORIENTED_EDGE('',*,*,#7872,.T.);
#7872 = EDGE_CURVE('',#7865,#7873,#7875,.T.);
#7873 = VERTEX_POINT('',#7874);
#7874 = CARTESIAN_POINT('',(4.,4.65,1.575));
#7875 = CIRCLE('',#7876,0.3);
#7876 = AXIS2_PLACEMENT_3D('',#7877,#7878,#7879);
#7877 = CARTESIAN_POINT('',(4.,4.65,1.275));
#7878 = DIRECTION('',(1.110223024625E-16,-1.,0.));
#7879 = DIRECTION('',(0.984807753012,1.093356242223E-16,0.173648177667)
  );
#7880 = ORIENTED_EDGE('',*,*,#7881,.T.);
#7881 = EDGE_CURVE('',#7873,#3408,#7882,.T.);
#7882 = LINE('',#7883,#7884);
#7883 = CARTESIAN_POINT('',(4.,4.65,1.575));
#7884 = VECTOR('',#7885,1.);
#7885 = DIRECTION('',(-1.,-1.110223024625E-16,0.));
#7886 = PLANE('',#7887);
#7887 = AXIS2_PLACEMENT_3D('',#7888,#7889,#7890);
#7888 = CARTESIAN_POINT('',(4.341787690374,4.65,0.743634917138));
#7889 = DIRECTION('',(1.110223024625E-16,-1.,0.));
#7890 = DIRECTION('',(0.,0.,1.));
#7891 = ADVANCED_FACE('',(#7892),#7911,.F.);
#7892 = FACE_BOUND('',#7893,.F.);
#7893 = EDGE_LOOP('',(#7894,#7895,#7904,#7910));
#7894 = ORIENTED_EDGE('',*,*,#3446,.T.);
#7895 = ORIENTED_EDGE('',*,*,#7896,.T.);
#7896 = EDGE_CURVE('',#3439,#7897,#7899,.T.);
#7897 = VERTEX_POINT('',#7898);
#7898 = CARTESIAN_POINT('',(4.098480775301,4.24,1.292364817767));
#7899 = CIRCLE('',#7900,0.1);
#7900 = AXIS2_PLACEMENT_3D('',#7901,#7902,#7903);
#7901 = CARTESIAN_POINT('',(4.,4.24,1.275));
#7902 = DIRECTION('',(-1.110223024625E-16,1.,0.));
#7903 = DIRECTION('',(-8.881784197001E-15,-9.860761315261E-31,1.));
#7904 = ORIENTED_EDGE('',*,*,#7905,.F.);
#7905 = EDGE_CURVE('',#7806,#7897,#7906,.T.);
#7906 = LINE('',#7907,#7908);
#7907 = CARTESIAN_POINT('',(4.098480775301,4.65,1.292364817767));
#7908 = VECTOR('',#7909,1.);
#7909 = DIRECTION('',(1.110223024625E-16,-1.,0.));
#7910 = ORIENTED_EDGE('',*,*,#7805,.F.);
#7911 = CYLINDRICAL_SURFACE('',#7912,0.1);
#7912 = AXIS2_PLACEMENT_3D('',#7913,#7914,#7915);
#7913 = CARTESIAN_POINT('',(4.,4.65,1.275));
#7914 = DIRECTION('',(-1.110223024625E-16,1.,0.));
#7915 = DIRECTION('',(-8.881784197001E-15,-9.860761315261E-31,1.));
#7916 = ADVANCED_FACE('',(#7917),#7995,.T.);
#7917 = FACE_BOUND('',#7918,.T.);
#7918 = EDGE_LOOP('',(#7919,#7920,#7921,#7922,#7930,#7939,#7947,#7955,
    #7963,#7972,#7980,#7989));
#7919 = ORIENTED_EDGE('',*,*,#3460,.F.);
#7920 = ORIENTED_EDGE('',*,*,#3438,.T.);
#7921 = ORIENTED_EDGE('',*,*,#7896,.T.);
#7922 = ORIENTED_EDGE('',*,*,#7923,.T.);
#7923 = EDGE_CURVE('',#7897,#7924,#7926,.T.);
#7924 = VERTEX_POINT('',#7925);
#7925 = CARTESIAN_POINT('',(4.276476480287,4.24,0.2479055467));
#7926 = LINE('',#7927,#7928);
#7927 = CARTESIAN_POINT('',(4.098480775301,4.24,1.292364817767));
#7928 = VECTOR('',#7929,1.);
#7929 = DIRECTION('',(0.167996923731,1.865140527917E-17,-0.985787519508)
  );
#7930 = ORIENTED_EDGE('',*,*,#7931,.T.);
#7931 = EDGE_CURVE('',#7924,#7932,#7934,.T.);
#7932 = VERTEX_POINT('',#7933);
#7933 = CARTESIAN_POINT('',(4.571918806191,4.24,-2.22044604925E-16));
#7934 = CIRCLE('',#7935,0.3);
#7935 = AXIS2_PLACEMENT_3D('',#7936,#7937,#7938);
#7936 = CARTESIAN_POINT('',(4.571918806191,4.24,0.3));
#7937 = DIRECTION('',(1.110223024625E-16,-1.,0.));
#7938 = DIRECTION('',(-0.984807753012,-1.093356242223E-16,
    -0.173648177667));
#7939 = ORIENTED_EDGE('',*,*,#7940,.T.);
#7940 = EDGE_CURVE('',#7932,#7941,#7943,.T.);
#7941 = VERTEX_POINT('',#7942);
#7942 = CARTESIAN_POINT('',(5.15,4.24,-2.22044604925E-16));
#7943 = LINE('',#7944,#7945);
#7944 = CARTESIAN_POINT('',(4.571918806191,4.24,-2.22044604925E-16));
#7945 = VECTOR('',#7946,1.);
#7946 = DIRECTION('',(1.,1.110223024625E-16,0.));
#7947 = ORIENTED_EDGE('',*,*,#7948,.T.);
#7948 = EDGE_CURVE('',#7941,#7949,#7951,.T.);
#7949 = VERTEX_POINT('',#7950);
#7950 = CARTESIAN_POINT('',(5.15,4.24,0.2));
#7951 = LINE('',#7952,#7953);
#7952 = CARTESIAN_POINT('',(5.15,4.24,-2.22044604925E-16));
#7953 = VECTOR('',#7954,1.);
#7954 = DIRECTION('',(0.,0.,1.));
#7955 = ORIENTED_EDGE('',*,*,#7956,.T.);
#7956 = EDGE_CURVE('',#7949,#7957,#7959,.T.);
#7957 = VERTEX_POINT('',#7958);
#7958 = CARTESIAN_POINT('',(4.571918806191,4.24,0.2));
#7959 = LINE('',#7960,#7961);
#7960 = CARTESIAN_POINT('',(5.15,4.24,0.2));
#7961 = VECTOR('',#7962,1.);
#7962 = DIRECTION('',(-1.,-1.110223024625E-16,0.));
#7963 = ORIENTED_EDGE('',*,*,#7964,.T.);
#7964 = EDGE_CURVE('',#7957,#7965,#7967,.T.);
#7965 = VERTEX_POINT('',#7966);
#7966 = CARTESIAN_POINT('',(4.47343803089,4.24,0.282635182233));
#7967 = CIRCLE('',#7968,0.1);
#7968 = AXIS2_PLACEMENT_3D('',#7969,#7970,#7971);
#7969 = CARTESIAN_POINT('',(4.571918806191,4.24,0.3));
#7970 = DIRECTION('',(-1.110223024625E-16,1.,0.));
#7971 = DIRECTION('',(8.881784197001E-15,9.860761315261E-31,-1.));
#7972 = ORIENTED_EDGE('',*,*,#7973,.T.);
#7973 = EDGE_CURVE('',#7965,#7974,#7976,.T.);
#7974 = VERTEX_POINT('',#7975);
#7975 = CARTESIAN_POINT('',(4.295442325904,4.24,1.3270944533));
#7976 = LINE('',#7977,#7978);
#7977 = CARTESIAN_POINT('',(4.47343803089,4.24,0.282635182233));
#7978 = VECTOR('',#7979,1.);
#7979 = DIRECTION('',(-0.167996923731,-1.865140527917E-17,0.985787519508
    ));
#7980 = ORIENTED_EDGE('',*,*,#7981,.T.);
#7981 = EDGE_CURVE('',#7974,#7982,#7984,.T.);
#7982 = VERTEX_POINT('',#7983);
#7983 = CARTESIAN_POINT('',(4.,4.24,1.575));
#7984 = CIRCLE('',#7985,0.3);
#7985 = AXIS2_PLACEMENT_3D('',#7986,#7987,#7988);
#7986 = CARTESIAN_POINT('',(4.,4.24,1.275));
#7987 = DIRECTION('',(1.110223024625E-16,-1.,0.));
#7988 = DIRECTION('',(0.984807753012,1.093356242223E-16,0.173648177667)
  );
#7989 = ORIENTED_EDGE('',*,*,#7990,.T.);
#7990 = EDGE_CURVE('',#7982,#3461,#7991,.T.);
#7991 = LINE('',#7992,#7993);
#7992 = CARTESIAN_POINT('',(4.,4.24,1.575));
#7993 = VECTOR('',#7994,1.);
#7994 = DIRECTION('',(-1.,-1.110223024625E-16,0.));
#7995 = PLANE('',#7996);
#7996 = AXIS2_PLACEMENT_3D('',#7997,#7998,#7999);
#7997 = CARTESIAN_POINT('',(4.341787690374,4.24,0.743634917138));
#7998 = DIRECTION('',(1.110223024625E-16,-1.,0.));
#7999 = DIRECTION('',(0.,0.,1.));
#8000 = ADVANCED_FACE('',(#8001),#8017,.F.);
#8001 = FACE_BOUND('',#8002,.F.);
#8002 = EDGE_LOOP('',(#8003,#8009,#8010,#8016));
#8003 = ORIENTED_EDGE('',*,*,#8004,.F.);
#8004 = EDGE_CURVE('',#3461,#4473,#8005,.T.);
#8005 = LINE('',#8006,#8007);
#8006 = CARTESIAN_POINT('',(4.,4.24,1.575));
#8007 = VECTOR('',#8008,1.);
#8008 = DIRECTION('',(-1.,-1.110223024625E-16,0.));
#8009 = ORIENTED_EDGE('',*,*,#3477,.T.);
#8010 = ORIENTED_EDGE('',*,*,#8011,.T.);
#8011 = EDGE_CURVE('',#3470,#4481,#8012,.T.);
#8012 = LINE('',#8013,#8014);
#8013 = CARTESIAN_POINT('',(4.,3.38,1.575));
#8014 = VECTOR('',#8015,1.);
#8015 = DIRECTION('',(-1.,-1.110223024625E-16,0.));
#8016 = ORIENTED_EDGE('',*,*,#4480,.F.);
#8017 = PLANE('',#8018);
#8018 = AXIS2_PLACEMENT_3D('',#8019,#8020,#8021);
#8019 = CARTESIAN_POINT('',(-6.818810897008E-16,7.6625,1.575));
#8020 = DIRECTION('',(1.36606555458E-31,1.361853537021E-27,-1.));
#8021 = DIRECTION('',(1.,1.109316052857E-16,1.366065554582E-31));
#8022 = ADVANCED_FACE('',(#8023),#8109,.F.);
#8023 = FACE_BOUND('',#8024,.F.);
#8024 = EDGE_LOOP('',(#8025,#8026,#8027,#8036,#8044,#8053,#8061,#8069,
    #8077,#8086,#8094,#8103));
#8025 = ORIENTED_EDGE('',*,*,#3469,.F.);
#8026 = ORIENTED_EDGE('',*,*,#3491,.T.);
#8027 = ORIENTED_EDGE('',*,*,#8028,.T.);
#8028 = EDGE_CURVE('',#3492,#8029,#8031,.T.);
#8029 = VERTEX_POINT('',#8030);
#8030 = CARTESIAN_POINT('',(4.098480775301,3.38,1.292364817767));
#8031 = CIRCLE('',#8032,0.1);
#8032 = AXIS2_PLACEMENT_3D('',#8033,#8034,#8035);
#8033 = CARTESIAN_POINT('',(4.,3.38,1.275));
#8034 = DIRECTION('',(-1.110223024625E-16,1.,0.));
#8035 = DIRECTION('',(-8.881784197001E-15,-9.860761315261E-31,1.));
#8036 = ORIENTED_EDGE('',*,*,#8037,.T.);
#8037 = EDGE_CURVE('',#8029,#8038,#8040,.T.);
#8038 = VERTEX_POINT('',#8039);
#8039 = CARTESIAN_POINT('',(4.276476480287,3.38,0.2479055467));
#8040 = LINE('',#8041,#8042);
#8041 = CARTESIAN_POINT('',(4.098480775301,3.38,1.292364817767));
#8042 = VECTOR('',#8043,1.);
#8043 = DIRECTION('',(0.167996923731,1.865140527917E-17,-0.985787519508)
  );
#8044 = ORIENTED_EDGE('',*,*,#8045,.T.);
#8045 = EDGE_CURVE('',#8038,#8046,#8048,.T.);
#8046 = VERTEX_POINT('',#8047);
#8047 = CARTESIAN_POINT('',(4.571918806191,3.38,-2.22044604925E-16));
#8048 = CIRCLE('',#8049,0.3);
#8049 = AXIS2_PLACEMENT_3D('',#8050,#8051,#8052);
#8050 = CARTESIAN_POINT('',(4.571918806191,3.38,0.3));
#8051 = DIRECTION('',(1.110223024625E-16,-1.,0.));
#8052 = DIRECTION('',(-0.984807753012,-1.093356242223E-16,
    -0.173648177667));
#8053 = ORIENTED_EDGE('',*,*,#8054,.T.);
#8054 = EDGE_CURVE('',#8046,#8055,#8057,.T.);
#8055 = VERTEX_POINT('',#8056);
#8056 = CARTESIAN_POINT('',(5.15,3.38,-2.22044604925E-16));
#8057 = LINE('',#8058,#8059);
#8058 = CARTESIAN_POINT('',(4.571918806191,3.38,-2.22044604925E-16));
#8059 = VECTOR('',#8060,1.);
#8060 = DIRECTION('',(1.,1.110223024625E-16,0.));
#8061 = ORIENTED_EDGE('',*,*,#8062,.T.);
#8062 = EDGE_CURVE('',#8055,#8063,#8065,.T.);
#8063 = VERTEX_POINT('',#8064);
#8064 = CARTESIAN_POINT('',(5.15,3.38,0.2));
#8065 = LINE('',#8066,#8067);
#8066 = CARTESIAN_POINT('',(5.15,3.38,-2.22044604925E-16));
#8067 = VECTOR('',#8068,1.);
#8068 = DIRECTION('',(0.,0.,1.));
#8069 = ORIENTED_EDGE('',*,*,#8070,.T.);
#8070 = EDGE_CURVE('',#8063,#8071,#8073,.T.);
#8071 = VERTEX_POINT('',#8072);
#8072 = CARTESIAN_POINT('',(4.571918806191,3.38,0.2));
#8073 = LINE('',#8074,#8075);
#8074 = CARTESIAN_POINT('',(5.15,3.38,0.2));
#8075 = VECTOR('',#8076,1.);
#8076 = DIRECTION('',(-1.,-1.110223024625E-16,0.));
#8077 = ORIENTED_EDGE('',*,*,#8078,.T.);
#8078 = EDGE_CURVE('',#8071,#8079,#8081,.T.);
#8079 = VERTEX_POINT('',#8080);
#8080 = CARTESIAN_POINT('',(4.47343803089,3.38,0.282635182233));
#8081 = CIRCLE('',#8082,0.1);
#8082 = AXIS2_PLACEMENT_3D('',#8083,#8084,#8085);
#8083 = CARTESIAN_POINT('',(4.571918806191,3.38,0.3));
#8084 = DIRECTION('',(-1.110223024625E-16,1.,0.));
#8085 = DIRECTION('',(8.881784197001E-15,9.860761315261E-31,-1.));
#8086 = ORIENTED_EDGE('',*,*,#8087,.T.);
#8087 = EDGE_CURVE('',#8079,#8088,#8090,.T.);
#8088 = VERTEX_POINT('',#8089);
#8089 = CARTESIAN_POINT('',(4.295442325904,3.38,1.3270944533));
#8090 = LINE('',#8091,#8092);
#8091 = CARTESIAN_POINT('',(4.47343803089,3.38,0.282635182233));
#8092 = VECTOR('',#8093,1.);
#8093 = DIRECTION('',(-0.167996923731,-1.865140527917E-17,0.985787519508
    ));
#8094 = ORIENTED_EDGE('',*,*,#8095,.T.);
#8095 = EDGE_CURVE('',#8088,#8096,#8098,.T.);
#8096 = VERTEX_POINT('',#8097);
#8097 = CARTESIAN_POINT('',(4.,3.38,1.575));
#8098 = CIRCLE('',#8099,0.3);
#8099 = AXIS2_PLACEMENT_3D('',#8100,#8101,#8102);
#8100 = CARTESIAN_POINT('',(4.,3.38,1.275));
#8101 = DIRECTION('',(1.110223024625E-16,-1.,0.));
#8102 = DIRECTION('',(0.984807753012,1.093356242223E-16,0.173648177667)
  );
#8103 = ORIENTED_EDGE('',*,*,#8104,.T.);
#8104 = EDGE_CURVE('',#8096,#3470,#8105,.T.);
#8105 = LINE('',#8106,#8107);
#8106 = CARTESIAN_POINT('',(4.,3.38,1.575));
#8107 = VECTOR('',#8108,1.);
#8108 = DIRECTION('',(-1.,-1.110223024625E-16,0.));
#8109 = PLANE('',#8110);
#8110 = AXIS2_PLACEMENT_3D('',#8111,#8112,#8113);
#8111 = CARTESIAN_POINT('',(4.341787690374,3.38,0.743634917138));
#8112 = DIRECTION('',(1.110223024625E-16,-1.,0.));
#8113 = DIRECTION('',(0.,0.,1.));
#8114 = ADVANCED_FACE('',(#8115),#8134,.F.);
#8115 = FACE_BOUND('',#8116,.F.);
#8116 = EDGE_LOOP('',(#8117,#8118,#8127,#8133));
#8117 = ORIENTED_EDGE('',*,*,#3508,.T.);
#8118 = ORIENTED_EDGE('',*,*,#8119,.T.);
#8119 = EDGE_CURVE('',#3501,#8120,#8122,.T.);
#8120 = VERTEX_POINT('',#8121);
#8121 = CARTESIAN_POINT('',(4.098480775301,2.97,1.292364817767));
#8122 = CIRCLE('',#8123,0.1);
#8123 = AXIS2_PLACEMENT_3D('',#8124,#8125,#8126);
#8124 = CARTESIAN_POINT('',(4.,2.97,1.275));
#8125 = DIRECTION('',(-1.110223024625E-16,1.,0.));
#8126 = DIRECTION('',(-8.881784197001E-15,-9.860761315261E-31,1.));
#8127 = ORIENTED_EDGE('',*,*,#8128,.F.);
#8128 = EDGE_CURVE('',#8029,#8120,#8129,.T.);
#8129 = LINE('',#8130,#8131);
#8130 = CARTESIAN_POINT('',(4.098480775301,3.38,1.292364817767));
#8131 = VECTOR('',#8132,1.);
#8132 = DIRECTION('',(1.110223024625E-16,-1.,0.));
#8133 = ORIENTED_EDGE('',*,*,#8028,.F.);
#8134 = CYLINDRICAL_SURFACE('',#8135,0.1);
#8135 = AXIS2_PLACEMENT_3D('',#8136,#8137,#8138);
#8136 = CARTESIAN_POINT('',(4.,3.38,1.275));
#8137 = DIRECTION('',(-1.110223024625E-16,1.,0.));
#8138 = DIRECTION('',(-8.881784197001E-15,-9.860761315261E-31,1.));
#8139 = ADVANCED_FACE('',(#8140),#8218,.T.);
#8140 = FACE_BOUND('',#8141,.T.);
#8141 = EDGE_LOOP('',(#8142,#8143,#8144,#8145,#8153,#8162,#8170,#8178,
    #8186,#8195,#8203,#8212));
#8142 = ORIENTED_EDGE('',*,*,#3522,.F.);
#8143 = ORIENTED_EDGE('',*,*,#3500,.T.);
#8144 = ORIENTED_EDGE('',*,*,#8119,.T.);
#8145 = ORIENTED_EDGE('',*,*,#8146,.T.);
#8146 = EDGE_CURVE('',#8120,#8147,#8149,.T.);
#8147 = VERTEX_POINT('',#8148);
#8148 = CARTESIAN_POINT('',(4.276476480287,2.97,0.2479055467));
#8149 = LINE('',#8150,#8151);
#8150 = CARTESIAN_POINT('',(4.098480775301,2.97,1.292364817767));
#8151 = VECTOR('',#8152,1.);
#8152 = DIRECTION('',(0.167996923731,1.865140527917E-17,-0.985787519508)
  );
#8153 = ORIENTED_EDGE('',*,*,#8154,.T.);
#8154 = EDGE_CURVE('',#8147,#8155,#8157,.T.);
#8155 = VERTEX_POINT('',#8156);
#8156 = CARTESIAN_POINT('',(4.571918806191,2.97,-2.22044604925E-16));
#8157 = CIRCLE('',#8158,0.3);
#8158 = AXIS2_PLACEMENT_3D('',#8159,#8160,#8161);
#8159 = CARTESIAN_POINT('',(4.571918806191,2.97,0.3));
#8160 = DIRECTION('',(1.110223024625E-16,-1.,0.));
#8161 = DIRECTION('',(-0.984807753012,-1.093356242223E-16,
    -0.173648177667));
#8162 = ORIENTED_EDGE('',*,*,#8163,.T.);
#8163 = EDGE_CURVE('',#8155,#8164,#8166,.T.);
#8164 = VERTEX_POINT('',#8165);
#8165 = CARTESIAN_POINT('',(5.15,2.97,-2.22044604925E-16));
#8166 = LINE('',#8167,#8168);
#8167 = CARTESIAN_POINT('',(4.571918806191,2.97,-2.22044604925E-16));
#8168 = VECTOR('',#8169,1.);
#8169 = DIRECTION('',(1.,1.110223024625E-16,0.));
#8170 = ORIENTED_EDGE('',*,*,#8171,.T.);
#8171 = EDGE_CURVE('',#8164,#8172,#8174,.T.);
#8172 = VERTEX_POINT('',#8173);
#8173 = CARTESIAN_POINT('',(5.15,2.97,0.2));
#8174 = LINE('',#8175,#8176);
#8175 = CARTESIAN_POINT('',(5.15,2.97,-2.22044604925E-16));
#8176 = VECTOR('',#8177,1.);
#8177 = DIRECTION('',(0.,0.,1.));
#8178 = ORIENTED_EDGE('',*,*,#8179,.T.);
#8179 = EDGE_CURVE('',#8172,#8180,#8182,.T.);
#8180 = VERTEX_POINT('',#8181);
#8181 = CARTESIAN_POINT('',(4.571918806191,2.97,0.2));
#8182 = LINE('',#8183,#8184);
#8183 = CARTESIAN_POINT('',(5.15,2.97,0.2));
#8184 = VECTOR('',#8185,1.);
#8185 = DIRECTION('',(-1.,-1.110223024625E-16,0.));
#8186 = ORIENTED_EDGE('',*,*,#8187,.T.);
#8187 = EDGE_CURVE('',#8180,#8188,#8190,.T.);
#8188 = VERTEX_POINT('',#8189);
#8189 = CARTESIAN_POINT('',(4.47343803089,2.97,0.282635182233));
#8190 = CIRCLE('',#8191,0.1);
#8191 = AXIS2_PLACEMENT_3D('',#8192,#8193,#8194);
#8192 = CARTESIAN_POINT('',(4.571918806191,2.97,0.3));
#8193 = DIRECTION('',(-1.110223024625E-16,1.,0.));
#8194 = DIRECTION('',(8.881784197001E-15,9.860761315261E-31,-1.));
#8195 = ORIENTED_EDGE('',*,*,#8196,.T.);
#8196 = EDGE_CURVE('',#8188,#8197,#8199,.T.);
#8197 = VERTEX_POINT('',#8198);
#8198 = CARTESIAN_POINT('',(4.295442325904,2.97,1.3270944533));
#8199 = LINE('',#8200,#8201);
#8200 = CARTESIAN_POINT('',(4.47343803089,2.97,0.282635182233));
#8201 = VECTOR('',#8202,1.);
#8202 = DIRECTION('',(-0.167996923731,-1.865140527917E-17,0.985787519508
    ));
#8203 = ORIENTED_EDGE('',*,*,#8204,.T.);
#8204 = EDGE_CURVE('',#8197,#8205,#8207,.T.);
#8205 = VERTEX_POINT('',#8206);
#8206 = CARTESIAN_POINT('',(4.,2.97,1.575));
#8207 = CIRCLE('',#8208,0.3);
#8208 = AXIS2_PLACEMENT_3D('',#8209,#8210,#8211);
#8209 = CARTESIAN_POINT('',(4.,2.97,1.275));
#8210 = DIRECTION('',(1.110223024625E-16,-1.,0.));
#8211 = DIRECTION('',(0.984807753012,1.093356242223E-16,0.173648177667)
  );
#8212 = ORIENTED_EDGE('',*,*,#8213,.T.);
#8213 = EDGE_CURVE('',#8205,#3523,#8214,.T.);
#8214 = LINE('',#8215,#8216);
#8215 = CARTESIAN_POINT('',(4.,2.97,1.575));
#8216 = VECTOR('',#8217,1.);
#8217 = DIRECTION('',(-1.,-1.110223024625E-16,0.));
#8218 = PLANE('',#8219);
#8219 = AXIS2_PLACEMENT_3D('',#8220,#8221,#8222);
#8220 = CARTESIAN_POINT('',(4.341787690374,2.97,0.743634917138));
#8221 = DIRECTION('',(1.110223024625E-16,-1.,0.));
#8222 = DIRECTION('',(0.,0.,1.));
#8223 = ADVANCED_FACE('',(#8224),#8240,.F.);
#8224 = FACE_BOUND('',#8225,.F.);
#8225 = EDGE_LOOP('',(#8226,#8232,#8233,#8239));
#8226 = ORIENTED_EDGE('',*,*,#8227,.F.);
#8227 = EDGE_CURVE('',#3523,#4489,#8228,.T.);
#8228 = LINE('',#8229,#8230);
#8229 = CARTESIAN_POINT('',(4.,2.97,1.575));
#8230 = VECTOR('',#8231,1.);
#8231 = DIRECTION('',(-1.,-1.110223024625E-16,0.));
#8232 = ORIENTED_EDGE('',*,*,#3539,.T.);
#8233 = ORIENTED_EDGE('',*,*,#8234,.T.);
#8234 = EDGE_CURVE('',#3532,#4497,#8235,.T.);
#8235 = LINE('',#8236,#8237);
#8236 = CARTESIAN_POINT('',(4.,2.11,1.575));
#8237 = VECTOR('',#8238,1.);
#8238 = DIRECTION('',(-1.,-1.110223024625E-16,0.));
#8239 = ORIENTED_EDGE('',*,*,#4496,.F.);
#8240 = PLANE('',#8241);
#8241 = AXIS2_PLACEMENT_3D('',#8242,#8243,#8244);
#8242 = CARTESIAN_POINT('',(-6.818810897008E-16,7.6625,1.575));
#8243 = DIRECTION('',(1.36606555458E-31,1.361853537021E-27,-1.));
#8244 = DIRECTION('',(1.,1.109316052857E-16,1.366065554582E-31));
#8245 = ADVANCED_FACE('',(#8246),#8332,.F.);
#8246 = FACE_BOUND('',#8247,.F.);
#8247 = EDGE_LOOP('',(#8248,#8249,#8250,#8259,#8267,#8276,#8284,#8292,
    #8300,#8309,#8317,#8326));
#8248 = ORIENTED_EDGE('',*,*,#3531,.F.);
#8249 = ORIENTED_EDGE('',*,*,#3553,.T.);
#8250 = ORIENTED_EDGE('',*,*,#8251,.T.);
#8251 = EDGE_CURVE('',#3554,#8252,#8254,.T.);
#8252 = VERTEX_POINT('',#8253);
#8253 = CARTESIAN_POINT('',(4.098480775301,2.11,1.292364817767));
#8254 = CIRCLE('',#8255,0.1);
#8255 = AXIS2_PLACEMENT_3D('',#8256,#8257,#8258);
#8256 = CARTESIAN_POINT('',(4.,2.11,1.275));
#8257 = DIRECTION('',(-1.110223024625E-16,1.,0.));
#8258 = DIRECTION('',(-8.881784197001E-15,-9.860761315261E-31,1.));
#8259 = ORIENTED_EDGE('',*,*,#8260,.T.);
#8260 = EDGE_CURVE('',#8252,#8261,#8263,.T.);
#8261 = VERTEX_POINT('',#8262);
#8262 = CARTESIAN_POINT('',(4.276476480287,2.11,0.2479055467));
#8263 = LINE('',#8264,#8265);
#8264 = CARTESIAN_POINT('',(4.098480775301,2.11,1.292364817767));
#8265 = VECTOR('',#8266,1.);
#8266 = DIRECTION('',(0.167996923731,1.865140527917E-17,-0.985787519508)
  );
#8267 = ORIENTED_EDGE('',*,*,#8268,.T.);
#8268 = EDGE_CURVE('',#8261,#8269,#8271,.T.);
#8269 = VERTEX_POINT('',#8270);
#8270 = CARTESIAN_POINT('',(4.571918806191,2.11,-2.22044604925E-16));
#8271 = CIRCLE('',#8272,0.3);
#8272 = AXIS2_PLACEMENT_3D('',#8273,#8274,#8275);
#8273 = CARTESIAN_POINT('',(4.571918806191,2.11,0.3));
#8274 = DIRECTION('',(1.110223024625E-16,-1.,0.));
#8275 = DIRECTION('',(-0.984807753012,-1.093356242223E-16,
    -0.173648177667));
#8276 = ORIENTED_EDGE('',*,*,#8277,.T.);
#8277 = EDGE_CURVE('',#8269,#8278,#8280,.T.);
#8278 = VERTEX_POINT('',#8279);
#8279 = CARTESIAN_POINT('',(5.15,2.11,-2.22044604925E-16));
#8280 = LINE('',#8281,#8282);
#8281 = CARTESIAN_POINT('',(4.571918806191,2.11,-2.22044604925E-16));
#8282 = VECTOR('',#8283,1.);
#8283 = DIRECTION('',(1.,1.110223024625E-16,0.));
#8284 = ORIENTED_EDGE('',*,*,#8285,.T.);
#8285 = EDGE_CURVE('',#8278,#8286,#8288,.T.);
#8286 = VERTEX_POINT('',#8287);
#8287 = CARTESIAN_POINT('',(5.15,2.11,0.2));
#8288 = LINE('',#8289,#8290);
#8289 = CARTESIAN_POINT('',(5.15,2.11,-2.22044604925E-16));
#8290 = VECTOR('',#8291,1.);
#8291 = DIRECTION('',(0.,0.,1.));
#8292 = ORIENTED_EDGE('',*,*,#8293,.T.);
#8293 = EDGE_CURVE('',#8286,#8294,#8296,.T.);
#8294 = VERTEX_POINT('',#8295);
#8295 = CARTESIAN_POINT('',(4.571918806191,2.11,0.2));
#8296 = LINE('',#8297,#8298);
#8297 = CARTESIAN_POINT('',(5.15,2.11,0.2));
#8298 = VECTOR('',#8299,1.);
#8299 = DIRECTION('',(-1.,-1.110223024625E-16,0.));
#8300 = ORIENTED_EDGE('',*,*,#8301,.T.);
#8301 = EDGE_CURVE('',#8294,#8302,#8304,.T.);
#8302 = VERTEX_POINT('',#8303);
#8303 = CARTESIAN_POINT('',(4.47343803089,2.11,0.282635182233));
#8304 = CIRCLE('',#8305,0.1);
#8305 = AXIS2_PLACEMENT_3D('',#8306,#8307,#8308);
#8306 = CARTESIAN_POINT('',(4.571918806191,2.11,0.3));
#8307 = DIRECTION('',(-1.110223024625E-16,1.,0.));
#8308 = DIRECTION('',(8.881784197001E-15,9.860761315261E-31,-1.));
#8309 = ORIENTED_EDGE('',*,*,#8310,.T.);
#8310 = EDGE_CURVE('',#8302,#8311,#8313,.T.);
#8311 = VERTEX_POINT('',#8312);
#8312 = CARTESIAN_POINT('',(4.295442325904,2.11,1.3270944533));
#8313 = LINE('',#8314,#8315);
#8314 = CARTESIAN_POINT('',(4.47343803089,2.11,0.282635182233));
#8315 = VECTOR('',#8316,1.);
#8316 = DIRECTION('',(-0.167996923731,-1.865140527917E-17,0.985787519508
    ));
#8317 = ORIENTED_EDGE('',*,*,#8318,.T.);
#8318 = EDGE_CURVE('',#8311,#8319,#8321,.T.);
#8319 = VERTEX_POINT('',#8320);
#8320 = CARTESIAN_POINT('',(4.,2.11,1.575));
#8321 = CIRCLE('',#8322,0.3);
#8322 = AXIS2_PLACEMENT_3D('',#8323,#8324,#8325);
#8323 = CARTESIAN_POINT('',(4.,2.11,1.275));
#8324 = DIRECTION('',(1.110223024625E-16,-1.,0.));
#8325 = DIRECTION('',(0.984807753012,1.093356242223E-16,0.173648177667)
  );
#8326 = ORIENTED_EDGE('',*,*,#8327,.T.);
#8327 = EDGE_CURVE('',#8319,#3532,#8328,.T.);
#8328 = LINE('',#8329,#8330);
#8329 = CARTESIAN_POINT('',(4.,2.11,1.575));
#8330 = VECTOR('',#8331,1.);
#8331 = DIRECTION('',(-1.,-1.110223024625E-16,0.));
#8332 = PLANE('',#8333);
#8333 = AXIS2_PLACEMENT_3D('',#8334,#8335,#8336);
#8334 = CARTESIAN_POINT('',(4.341787690374,2.11,0.743634917138));
#8335 = DIRECTION('',(1.110223024625E-16,-1.,0.));
#8336 = DIRECTION('',(0.,0.,1.));
#8337 = ADVANCED_FACE('',(#8338),#8357,.F.);
#8338 = FACE_BOUND('',#8339,.F.);
#8339 = EDGE_LOOP('',(#8340,#8341,#8350,#8356));
#8340 = ORIENTED_EDGE('',*,*,#3570,.T.);
#8341 = ORIENTED_EDGE('',*,*,#8342,.T.);
#8342 = EDGE_CURVE('',#3563,#8343,#8345,.T.);
#8343 = VERTEX_POINT('',#8344);
#8344 = CARTESIAN_POINT('',(4.098480775301,1.7,1.292364817767));
#8345 = CIRCLE('',#8346,0.1);
#8346 = AXIS2_PLACEMENT_3D('',#8347,#8348,#8349);
#8347 = CARTESIAN_POINT('',(4.,1.7,1.275));
#8348 = DIRECTION('',(-1.110223024625E-16,1.,0.));
#8349 = DIRECTION('',(-8.881784197001E-15,-9.860761315261E-31,1.));
#8350 = ORIENTED_EDGE('',*,*,#8351,.F.);
#8351 = EDGE_CURVE('',#8252,#8343,#8352,.T.);
#8352 = LINE('',#8353,#8354);
#8353 = CARTESIAN_POINT('',(4.098480775301,2.11,1.292364817767));
#8354 = VECTOR('',#8355,1.);
#8355 = DIRECTION('',(1.110223024625E-16,-1.,0.));
#8356 = ORIENTED_EDGE('',*,*,#8251,.F.);
#8357 = CYLINDRICAL_SURFACE('',#8358,0.1);
#8358 = AXIS2_PLACEMENT_3D('',#8359,#8360,#8361);
#8359 = CARTESIAN_POINT('',(4.,2.11,1.275));
#8360 = DIRECTION('',(-1.110223024625E-16,1.,0.));
#8361 = DIRECTION('',(-8.881784197001E-15,-9.860761315261E-31,1.));
#8362 = ADVANCED_FACE('',(#8363),#8441,.T.);
#8363 = FACE_BOUND('',#8364,.T.);
#8364 = EDGE_LOOP('',(#8365,#8366,#8367,#8368,#8376,#8385,#8393,#8401,
    #8409,#8418,#8426,#8435));
#8365 = ORIENTED_EDGE('',*,*,#3584,.F.);
#8366 = ORIENTED_EDGE('',*,*,#3562,.T.);
#8367 = ORIENTED_EDGE('',*,*,#8342,.T.);
#8368 = ORIENTED_EDGE('',*,*,#8369,.T.);
#8369 = EDGE_CURVE('',#8343,#8370,#8372,.T.);
#8370 = VERTEX_POINT('',#8371);
#8371 = CARTESIAN_POINT('',(4.276476480287,1.7,0.2479055467));
#8372 = LINE('',#8373,#8374);
#8373 = CARTESIAN_POINT('',(4.098480775301,1.7,1.292364817767));
#8374 = VECTOR('',#8375,1.);
#8375 = DIRECTION('',(0.167996923731,1.865140527917E-17,-0.985787519508)
  );
#8376 = ORIENTED_EDGE('',*,*,#8377,.T.);
#8377 = EDGE_CURVE('',#8370,#8378,#8380,.T.);
#8378 = VERTEX_POINT('',#8379);
#8379 = CARTESIAN_POINT('',(4.571918806191,1.7,-2.22044604925E-16));
#8380 = CIRCLE('',#8381,0.3);
#8381 = AXIS2_PLACEMENT_3D('',#8382,#8383,#8384);
#8382 = CARTESIAN_POINT('',(4.571918806191,1.7,0.3));
#8383 = DIRECTION('',(1.110223024625E-16,-1.,0.));
#8384 = DIRECTION('',(-0.984807753012,-1.093356242223E-16,
    -0.173648177667));
#8385 = ORIENTED_EDGE('',*,*,#8386,.T.);
#8386 = EDGE_CURVE('',#8378,#8387,#8389,.T.);
#8387 = VERTEX_POINT('',#8388);
#8388 = CARTESIAN_POINT('',(5.15,1.7,-2.22044604925E-16));
#8389 = LINE('',#8390,#8391);
#8390 = CARTESIAN_POINT('',(4.571918806191,1.7,-2.22044604925E-16));
#8391 = VECTOR('',#8392,1.);
#8392 = DIRECTION('',(1.,1.110223024625E-16,0.));
#8393 = ORIENTED_EDGE('',*,*,#8394,.T.);
#8394 = EDGE_CURVE('',#8387,#8395,#8397,.T.);
#8395 = VERTEX_POINT('',#8396);
#8396 = CARTESIAN_POINT('',(5.15,1.7,0.2));
#8397 = LINE('',#8398,#8399);
#8398 = CARTESIAN_POINT('',(5.15,1.7,-2.22044604925E-16));
#8399 = VECTOR('',#8400,1.);
#8400 = DIRECTION('',(0.,0.,1.));
#8401 = ORIENTED_EDGE('',*,*,#8402,.T.);
#8402 = EDGE_CURVE('',#8395,#8403,#8405,.T.);
#8403 = VERTEX_POINT('',#8404);
#8404 = CARTESIAN_POINT('',(4.571918806191,1.7,0.2));
#8405 = LINE('',#8406,#8407);
#8406 = CARTESIAN_POINT('',(5.15,1.7,0.2));
#8407 = VECTOR('',#8408,1.);
#8408 = DIRECTION('',(-1.,-1.110223024625E-16,0.));
#8409 = ORIENTED_EDGE('',*,*,#8410,.T.);
#8410 = EDGE_CURVE('',#8403,#8411,#8413,.T.);
#8411 = VERTEX_POINT('',#8412);
#8412 = CARTESIAN_POINT('',(4.47343803089,1.7,0.282635182233));
#8413 = CIRCLE('',#8414,0.1);
#8414 = AXIS2_PLACEMENT_3D('',#8415,#8416,#8417);
#8415 = CARTESIAN_POINT('',(4.571918806191,1.7,0.3));
#8416 = DIRECTION('',(-1.110223024625E-16,1.,0.));
#8417 = DIRECTION('',(8.881784197001E-15,9.860761315261E-31,-1.));
#8418 = ORIENTED_EDGE('',*,*,#8419,.T.);
#8419 = EDGE_CURVE('',#8411,#8420,#8422,.T.);
#8420 = VERTEX_POINT('',#8421);
#8421 = CARTESIAN_POINT('',(4.295442325904,1.7,1.3270944533));
#8422 = LINE('',#8423,#8424);
#8423 = CARTESIAN_POINT('',(4.47343803089,1.7,0.282635182233));
#8424 = VECTOR('',#8425,1.);
#8425 = DIRECTION('',(-0.167996923731,-1.865140527917E-17,0.985787519508
    ));
#8426 = ORIENTED_EDGE('',*,*,#8427,.T.);
#8427 = EDGE_CURVE('',#8420,#8428,#8430,.T.);
#8428 = VERTEX_POINT('',#8429);
#8429 = CARTESIAN_POINT('',(4.,1.7,1.575));
#8430 = CIRCLE('',#8431,0.3);
#8431 = AXIS2_PLACEMENT_3D('',#8432,#8433,#8434);
#8432 = CARTESIAN_POINT('',(4.,1.7,1.275));
#8433 = DIRECTION('',(1.110223024625E-16,-1.,0.));
#8434 = DIRECTION('',(0.984807753012,1.093356242223E-16,0.173648177667)
  );
#8435 = ORIENTED_EDGE('',*,*,#8436,.T.);
#8436 = EDGE_CURVE('',#8428,#3585,#8437,.T.);
#8437 = LINE('',#8438,#8439);
#8438 = CARTESIAN_POINT('',(4.,1.7,1.575));
#8439 = VECTOR('',#8440,1.);
#8440 = DIRECTION('',(-1.,-1.110223024625E-16,0.));
#8441 = PLANE('',#8442);
#8442 = AXIS2_PLACEMENT_3D('',#8443,#8444,#8445);
#8443 = CARTESIAN_POINT('',(4.341787690374,1.7,0.743634917138));
#8444 = DIRECTION('',(1.110223024625E-16,-1.,0.));
#8445 = DIRECTION('',(0.,0.,1.));
#8446 = ADVANCED_FACE('',(#8447),#8463,.F.);
#8447 = FACE_BOUND('',#8448,.F.);
#8448 = EDGE_LOOP('',(#8449,#8455,#8456,#8462));
#8449 = ORIENTED_EDGE('',*,*,#8450,.F.);
#8450 = EDGE_CURVE('',#3585,#4505,#8451,.T.);
#8451 = LINE('',#8452,#8453);
#8452 = CARTESIAN_POINT('',(4.,1.7,1.575));
#8453 = VECTOR('',#8454,1.);
#8454 = DIRECTION('',(-1.,-1.110223024625E-16,0.));
#8455 = ORIENTED_EDGE('',*,*,#3601,.T.);
#8456 = ORIENTED_EDGE('',*,*,#8457,.T.);
#8457 = EDGE_CURVE('',#3594,#4513,#8458,.T.);
#8458 = LINE('',#8459,#8460);
#8459 = CARTESIAN_POINT('',(4.,0.84,1.575));
#8460 = VECTOR('',#8461,1.);
#8461 = DIRECTION('',(-1.,-1.110223024625E-16,0.));
#8462 = ORIENTED_EDGE('',*,*,#4512,.F.);
#8463 = PLANE('',#8464);
#8464 = AXIS2_PLACEMENT_3D('',#8465,#8466,#8467);
#8465 = CARTESIAN_POINT('',(-6.818810897008E-16,7.6625,1.575));
#8466 = DIRECTION('',(1.36606555458E-31,1.361853537021E-27,-1.));
#8467 = DIRECTION('',(1.,1.109316052857E-16,1.366065554582E-31));
#8468 = ADVANCED_FACE('',(#8469),#8555,.F.);
#8469 = FACE_BOUND('',#8470,.F.);
#8470 = EDGE_LOOP('',(#8471,#8472,#8473,#8482,#8490,#8499,#8507,#8515,
    #8523,#8532,#8540,#8549));
#8471 = ORIENTED_EDGE('',*,*,#3593,.F.);
#8472 = ORIENTED_EDGE('',*,*,#3615,.T.);
#8473 = ORIENTED_EDGE('',*,*,#8474,.T.);
#8474 = EDGE_CURVE('',#3616,#8475,#8477,.T.);
#8475 = VERTEX_POINT('',#8476);
#8476 = CARTESIAN_POINT('',(4.098480775301,0.84,1.292364817767));
#8477 = CIRCLE('',#8478,0.1);
#8478 = AXIS2_PLACEMENT_3D('',#8479,#8480,#8481);
#8479 = CARTESIAN_POINT('',(4.,0.84,1.275));
#8480 = DIRECTION('',(-1.110223024625E-16,1.,0.));
#8481 = DIRECTION('',(-8.881784197001E-15,-9.860761315261E-31,1.));
#8482 = ORIENTED_EDGE('',*,*,#8483,.T.);
#8483 = EDGE_CURVE('',#8475,#8484,#8486,.T.);
#8484 = VERTEX_POINT('',#8485);
#8485 = CARTESIAN_POINT('',(4.276476480287,0.84,0.2479055467));
#8486 = LINE('',#8487,#8488);
#8487 = CARTESIAN_POINT('',(4.098480775301,0.84,1.292364817767));
#8488 = VECTOR('',#8489,1.);
#8489 = DIRECTION('',(0.167996923731,1.865140527917E-17,-0.985787519508)
  );
#8490 = ORIENTED_EDGE('',*,*,#8491,.T.);
#8491 = EDGE_CURVE('',#8484,#8492,#8494,.T.);
#8492 = VERTEX_POINT('',#8493);
#8493 = CARTESIAN_POINT('',(4.571918806191,0.84,-2.22044604925E-16));
#8494 = CIRCLE('',#8495,0.3);
#8495 = AXIS2_PLACEMENT_3D('',#8496,#8497,#8498);
#8496 = CARTESIAN_POINT('',(4.571918806191,0.84,0.3));
#8497 = DIRECTION('',(1.110223024625E-16,-1.,0.));
#8498 = DIRECTION('',(-0.984807753012,-1.093356242223E-16,
    -0.173648177667));
#8499 = ORIENTED_EDGE('',*,*,#8500,.T.);
#8500 = EDGE_CURVE('',#8492,#8501,#8503,.T.);
#8501 = VERTEX_POINT('',#8502);
#8502 = CARTESIAN_POINT('',(5.15,0.84,-2.22044604925E-16));
#8503 = LINE('',#8504,#8505);
#8504 = CARTESIAN_POINT('',(4.571918806191,0.84,-2.22044604925E-16));
#8505 = VECTOR('',#8506,1.);
#8506 = DIRECTION('',(1.,1.110223024625E-16,0.));
#8507 = ORIENTED_EDGE('',*,*,#8508,.T.);
#8508 = EDGE_CURVE('',#8501,#8509,#8511,.T.);
#8509 = VERTEX_POINT('',#8510);
#8510 = CARTESIAN_POINT('',(5.15,0.84,0.2));
#8511 = LINE('',#8512,#8513);
#8512 = CARTESIAN_POINT('',(5.15,0.84,-2.22044604925E-16));
#8513 = VECTOR('',#8514,1.);
#8514 = DIRECTION('',(0.,0.,1.));
#8515 = ORIENTED_EDGE('',*,*,#8516,.T.);
#8516 = EDGE_CURVE('',#8509,#8517,#8519,.T.);
#8517 = VERTEX_POINT('',#8518);
#8518 = CARTESIAN_POINT('',(4.571918806191,0.84,0.2));
#8519 = LINE('',#8520,#8521);
#8520 = CARTESIAN_POINT('',(5.15,0.84,0.2));
#8521 = VECTOR('',#8522,1.);
#8522 = DIRECTION('',(-1.,-1.110223024625E-16,0.));
#8523 = ORIENTED_EDGE('',*,*,#8524,.T.);
#8524 = EDGE_CURVE('',#8517,#8525,#8527,.T.);
#8525 = VERTEX_POINT('',#8526);
#8526 = CARTESIAN_POINT('',(4.47343803089,0.84,0.282635182233));
#8527 = CIRCLE('',#8528,0.1);
#8528 = AXIS2_PLACEMENT_3D('',#8529,#8530,#8531);
#8529 = CARTESIAN_POINT('',(4.571918806191,0.84,0.3));
#8530 = DIRECTION('',(-1.110223024625E-16,1.,0.));
#8531 = DIRECTION('',(8.881784197001E-15,9.860761315261E-31,-1.));
#8532 = ORIENTED_EDGE('',*,*,#8533,.T.);
#8533 = EDGE_CURVE('',#8525,#8534,#8536,.T.);
#8534 = VERTEX_POINT('',#8535);
#8535 = CARTESIAN_POINT('',(4.295442325904,0.84,1.3270944533));
#8536 = LINE('',#8537,#8538);
#8537 = CARTESIAN_POINT('',(4.47343803089,0.84,0.282635182233));
#8538 = VECTOR('',#8539,1.);
#8539 = DIRECTION('',(-0.167996923731,-1.865140527917E-17,0.985787519508
    ));
#8540 = ORIENTED_EDGE('',*,*,#8541,.T.);
#8541 = EDGE_CURVE('',#8534,#8542,#8544,.T.);
#8542 = VERTEX_POINT('',#8543);
#8543 = CARTESIAN_POINT('',(4.,0.84,1.575));
#8544 = CIRCLE('',#8545,0.3);
#8545 = AXIS2_PLACEMENT_3D('',#8546,#8547,#8548);
#8546 = CARTESIAN_POINT('',(4.,0.84,1.275));
#8547 = DIRECTION('',(1.110223024625E-16,-1.,0.));
#8548 = DIRECTION('',(0.984807753012,1.093356242223E-16,0.173648177667)
  );
#8549 = ORIENTED_EDGE('',*,*,#8550,.T.);
#8550 = EDGE_CURVE('',#8542,#3594,#8551,.T.);
#8551 = LINE('',#8552,#8553);
#8552 = CARTESIAN_POINT('',(4.,0.84,1.575));
#8553 = VECTOR('',#8554,1.);
#8554 = DIRECTION('',(-1.,-1.110223024625E-16,0.));
#8555 = PLANE('',#8556);
#8556 = AXIS2_PLACEMENT_3D('',#8557,#8558,#8559);
#8557 = CARTESIAN_POINT('',(4.341787690374,0.84,0.743634917138));
#8558 = DIRECTION('',(1.110223024625E-16,-1.,0.));
#8559 = DIRECTION('',(0.,0.,1.));
#8560 = ADVANCED_FACE('',(#8561),#8580,.F.);
#8561 = FACE_BOUND('',#8562,.F.);
#8562 = EDGE_LOOP('',(#8563,#8564,#8573,#8579));
#8563 = ORIENTED_EDGE('',*,*,#3632,.T.);
#8564 = ORIENTED_EDGE('',*,*,#8565,.T.);
#8565 = EDGE_CURVE('',#3625,#8566,#8568,.T.);
#8566 = VERTEX_POINT('',#8567);
#8567 = CARTESIAN_POINT('',(4.098480775301,0.43,1.292364817767));
#8568 = CIRCLE('',#8569,0.1);
#8569 = AXIS2_PLACEMENT_3D('',#8570,#8571,#8572);
#8570 = CARTESIAN_POINT('',(4.,0.43,1.275));
#8571 = DIRECTION('',(-1.110223024625E-16,1.,0.));
#8572 = DIRECTION('',(-8.881784197001E-15,-9.860761315261E-31,1.));
#8573 = ORIENTED_EDGE('',*,*,#8574,.F.);
#8574 = EDGE_CURVE('',#8475,#8566,#8575,.T.);
#8575 = LINE('',#8576,#8577);
#8576 = CARTESIAN_POINT('',(4.098480775301,0.84,1.292364817767));
#8577 = VECTOR('',#8578,1.);
#8578 = DIRECTION('',(1.110223024625E-16,-1.,0.));
#8579 = ORIENTED_EDGE('',*,*,#8474,.F.);
#8580 = CYLINDRICAL_SURFACE('',#8581,0.1);
#8581 = AXIS2_PLACEMENT_3D('',#8582,#8583,#8584);
#8582 = CARTESIAN_POINT('',(4.,0.84,1.275));
#8583 = DIRECTION('',(-1.110223024625E-16,1.,0.));
#8584 = DIRECTION('',(-8.881784197001E-15,-9.860761315261E-31,1.));
#8585 = ADVANCED_FACE('',(#8586),#8664,.T.);
#8586 = FACE_BOUND('',#8587,.T.);
#8587 = EDGE_LOOP('',(#8588,#8589,#8590,#8591,#8599,#8608,#8616,#8624,
    #8632,#8641,#8649,#8658));
#8588 = ORIENTED_EDGE('',*,*,#3646,.F.);
#8589 = ORIENTED_EDGE('',*,*,#3624,.T.);
#8590 = ORIENTED_EDGE('',*,*,#8565,.T.);
#8591 = ORIENTED_EDGE('',*,*,#8592,.T.);
#8592 = EDGE_CURVE('',#8566,#8593,#8595,.T.);
#8593 = VERTEX_POINT('',#8594);
#8594 = CARTESIAN_POINT('',(4.276476480287,0.43,0.2479055467));
#8595 = LINE('',#8596,#8597);
#8596 = CARTESIAN_POINT('',(4.098480775301,0.43,1.292364817767));
#8597 = VECTOR('',#8598,1.);
#8598 = DIRECTION('',(0.167996923731,1.865140527917E-17,-0.985787519508)
  );
#8599 = ORIENTED_EDGE('',*,*,#8600,.T.);
#8600 = EDGE_CURVE('',#8593,#8601,#8603,.T.);
#8601 = VERTEX_POINT('',#8602);
#8602 = CARTESIAN_POINT('',(4.571918806191,0.43,-2.22044604925E-16));
#8603 = CIRCLE('',#8604,0.3);
#8604 = AXIS2_PLACEMENT_3D('',#8605,#8606,#8607);
#8605 = CARTESIAN_POINT('',(4.571918806191,0.43,0.3));
#8606 = DIRECTION('',(1.110223024625E-16,-1.,0.));
#8607 = DIRECTION('',(-0.984807753012,-1.093356242223E-16,
    -0.173648177667));
#8608 = ORIENTED_EDGE('',*,*,#8609,.T.);
#8609 = EDGE_CURVE('',#8601,#8610,#8612,.T.);
#8610 = VERTEX_POINT('',#8611);
#8611 = CARTESIAN_POINT('',(5.15,0.43,-2.22044604925E-16));
#8612 = LINE('',#8613,#8614);
#8613 = CARTESIAN_POINT('',(4.571918806191,0.43,-2.22044604925E-16));
#8614 = VECTOR('',#8615,1.);
#8615 = DIRECTION('',(1.,1.110223024625E-16,0.));
#8616 = ORIENTED_EDGE('',*,*,#8617,.T.);
#8617 = EDGE_CURVE('',#8610,#8618,#8620,.T.);
#8618 = VERTEX_POINT('',#8619);
#8619 = CARTESIAN_POINT('',(5.15,0.43,0.2));
#8620 = LINE('',#8621,#8622);
#8621 = CARTESIAN_POINT('',(5.15,0.43,-2.22044604925E-16));
#8622 = VECTOR('',#8623,1.);
#8623 = DIRECTION('',(0.,0.,1.));
#8624 = ORIENTED_EDGE('',*,*,#8625,.T.);
#8625 = EDGE_CURVE('',#8618,#8626,#8628,.T.);
#8626 = VERTEX_POINT('',#8627);
#8627 = CARTESIAN_POINT('',(4.571918806191,0.43,0.2));
#8628 = LINE('',#8629,#8630);
#8629 = CARTESIAN_POINT('',(5.15,0.43,0.2));
#8630 = VECTOR('',#8631,1.);
#8631 = DIRECTION('',(-1.,-1.110223024625E-16,0.));
#8632 = ORIENTED_EDGE('',*,*,#8633,.T.);
#8633 = EDGE_CURVE('',#8626,#8634,#8636,.T.);
#8634 = VERTEX_POINT('',#8635);
#8635 = CARTESIAN_POINT('',(4.47343803089,0.43,0.282635182233));
#8636 = CIRCLE('',#8637,0.1);
#8637 = AXIS2_PLACEMENT_3D('',#8638,#8639,#8640);
#8638 = CARTESIAN_POINT('',(4.571918806191,0.43,0.3));
#8639 = DIRECTION('',(-1.110223024625E-16,1.,0.));
#8640 = DIRECTION('',(8.881784197001E-15,9.860761315261E-31,-1.));
#8641 = ORIENTED_EDGE('',*,*,#8642,.T.);
#8642 = EDGE_CURVE('',#8634,#8643,#8645,.T.);
#8643 = VERTEX_POINT('',#8644);
#8644 = CARTESIAN_POINT('',(4.295442325904,0.43,1.3270944533));
#8645 = LINE('',#8646,#8647);
#8646 = CARTESIAN_POINT('',(4.47343803089,0.43,0.282635182233));
#8647 = VECTOR('',#8648,1.);
#8648 = DIRECTION('',(-0.167996923731,-1.865140527917E-17,0.985787519508
    ));
#8649 = ORIENTED_EDGE('',*,*,#8650,.T.);
#8650 = EDGE_CURVE('',#8643,#8651,#8653,.T.);
#8651 = VERTEX_POINT('',#8652);
#8652 = CARTESIAN_POINT('',(4.,0.43,1.575));
#8653 = CIRCLE('',#8654,0.3);
#8654 = AXIS2_PLACEMENT_3D('',#8655,#8656,#8657);
#8655 = CARTESIAN_POINT('',(4.,0.43,1.275));
#8656 = DIRECTION('',(1.110223024625E-16,-1.,0.));
#8657 = DIRECTION('',(0.984807753012,1.093356242223E-16,0.173648177667)
  );
#8658 = ORIENTED_EDGE('',*,*,#8659,.T.);
#8659 = EDGE_CURVE('',#8651,#3647,#8660,.T.);
#8660 = LINE('',#8661,#8662);
#8661 = CARTESIAN_POINT('',(4.,0.43,1.575));
#8662 = VECTOR('',#8663,1.);
#8663 = DIRECTION('',(-1.,-1.110223024625E-16,0.));
#8664 = PLANE('',#8665);
#8665 = AXIS2_PLACEMENT_3D('',#8666,#8667,#8668);
#8666 = CARTESIAN_POINT('',(4.341787690374,0.43,0.743634917138));
#8667 = DIRECTION('',(1.110223024625E-16,-1.,0.));
#8668 = DIRECTION('',(0.,0.,1.));
#8669 = ADVANCED_FACE('',(#8670),#8686,.F.);
#8670 = FACE_BOUND('',#8671,.F.);
#8671 = EDGE_LOOP('',(#8672,#8678,#8679,#8685));
#8672 = ORIENTED_EDGE('',*,*,#8673,.F.);
#8673 = EDGE_CURVE('',#3647,#4521,#8674,.T.);
#8674 = LINE('',#8675,#8676);
#8675 = CARTESIAN_POINT('',(4.,0.43,1.575));
#8676 = VECTOR('',#8677,1.);
#8677 = DIRECTION('',(-1.,-1.110223024625E-16,0.));
#8678 = ORIENTED_EDGE('',*,*,#3663,.T.);
#8679 = ORIENTED_EDGE('',*,*,#8680,.T.);
#8680 = EDGE_CURVE('',#3656,#4529,#8681,.T.);
#8681 = LINE('',#8682,#8683);
#8682 = CARTESIAN_POINT('',(4.,-0.43,1.575));
#8683 = VECTOR('',#8684,1.);
#8684 = DIRECTION('',(-1.,-1.110223024625E-16,0.));
#8685 = ORIENTED_EDGE('',*,*,#4528,.F.);
#8686 = PLANE('',#8687);
#8687 = AXIS2_PLACEMENT_3D('',#8688,#8689,#8690);
#8688 = CARTESIAN_POINT('',(-6.818810897008E-16,7.6625,1.575));
#8689 = DIRECTION('',(1.36606555458E-31,1.361853537021E-27,-1.));
#8690 = DIRECTION('',(1.,1.109316052857E-16,1.366065554582E-31));
#8691 = ADVANCED_FACE('',(#8692),#8778,.F.);
#8692 = FACE_BOUND('',#8693,.F.);
#8693 = EDGE_LOOP('',(#8694,#8695,#8696,#8705,#8713,#8722,#8730,#8738,
    #8746,#8755,#8763,#8772));
#8694 = ORIENTED_EDGE('',*,*,#3655,.F.);
#8695 = ORIENTED_EDGE('',*,*,#3677,.T.);
#8696 = ORIENTED_EDGE('',*,*,#8697,.T.);
#8697 = EDGE_CURVE('',#3678,#8698,#8700,.T.);
#8698 = VERTEX_POINT('',#8699);
#8699 = CARTESIAN_POINT('',(4.098480775301,-0.43,1.292364817767));
#8700 = CIRCLE('',#8701,0.1);
#8701 = AXIS2_PLACEMENT_3D('',#8702,#8703,#8704);
#8702 = CARTESIAN_POINT('',(4.,-0.43,1.275));
#8703 = DIRECTION('',(-1.110223024625E-16,1.,0.));
#8704 = DIRECTION('',(-8.881784197001E-15,-9.860761315261E-31,1.));
#8705 = ORIENTED_EDGE('',*,*,#8706,.T.);
#8706 = EDGE_CURVE('',#8698,#8707,#8709,.T.);
#8707 = VERTEX_POINT('',#8708);
#8708 = CARTESIAN_POINT('',(4.276476480287,-0.43,0.2479055467));
#8709 = LINE('',#8710,#8711);
#8710 = CARTESIAN_POINT('',(4.098480775301,-0.43,1.292364817767));
#8711 = VECTOR('',#8712,1.);
#8712 = DIRECTION('',(0.167996923731,1.865140527917E-17,-0.985787519508)
  );
#8713 = ORIENTED_EDGE('',*,*,#8714,.T.);
#8714 = EDGE_CURVE('',#8707,#8715,#8717,.T.);
#8715 = VERTEX_POINT('',#8716);
#8716 = CARTESIAN_POINT('',(4.571918806191,-0.43,-2.22044604925E-16));
#8717 = CIRCLE('',#8718,0.3);
#8718 = AXIS2_PLACEMENT_3D('',#8719,#8720,#8721);
#8719 = CARTESIAN_POINT('',(4.571918806191,-0.43,0.3));
#8720 = DIRECTION('',(1.110223024625E-16,-1.,0.));
#8721 = DIRECTION('',(-0.984807753012,-1.093356242223E-16,
    -0.173648177667));
#8722 = ORIENTED_EDGE('',*,*,#8723,.T.);
#8723 = EDGE_CURVE('',#8715,#8724,#8726,.T.);
#8724 = VERTEX_POINT('',#8725);
#8725 = CARTESIAN_POINT('',(5.15,-0.43,-2.22044604925E-16));
#8726 = LINE('',#8727,#8728);
#8727 = CARTESIAN_POINT('',(4.571918806191,-0.43,-2.22044604925E-16));
#8728 = VECTOR('',#8729,1.);
#8729 = DIRECTION('',(1.,1.110223024625E-16,0.));
#8730 = ORIENTED_EDGE('',*,*,#8731,.T.);
#8731 = EDGE_CURVE('',#8724,#8732,#8734,.T.);
#8732 = VERTEX_POINT('',#8733);
#8733 = CARTESIAN_POINT('',(5.15,-0.43,0.2));
#8734 = LINE('',#8735,#8736);
#8735 = CARTESIAN_POINT('',(5.15,-0.43,-2.22044604925E-16));
#8736 = VECTOR('',#8737,1.);
#8737 = DIRECTION('',(0.,0.,1.));
#8738 = ORIENTED_EDGE('',*,*,#8739,.T.);
#8739 = EDGE_CURVE('',#8732,#8740,#8742,.T.);
#8740 = VERTEX_POINT('',#8741);
#8741 = CARTESIAN_POINT('',(4.571918806191,-0.43,0.2));
#8742 = LINE('',#8743,#8744);
#8743 = CARTESIAN_POINT('',(5.15,-0.43,0.2));
#8744 = VECTOR('',#8745,1.);
#8745 = DIRECTION('',(-1.,-1.110223024625E-16,0.));
#8746 = ORIENTED_EDGE('',*,*,#8747,.T.);
#8747 = EDGE_CURVE('',#8740,#8748,#8750,.T.);
#8748 = VERTEX_POINT('',#8749);
#8749 = CARTESIAN_POINT('',(4.47343803089,-0.43,0.282635182233));
#8750 = CIRCLE('',#8751,0.1);
#8751 = AXIS2_PLACEMENT_3D('',#8752,#8753,#8754);
#8752 = CARTESIAN_POINT('',(4.571918806191,-0.43,0.3));
#8753 = DIRECTION('',(-1.110223024625E-16,1.,0.));
#8754 = DIRECTION('',(8.881784197001E-15,9.860761315261E-31,-1.));
#8755 = ORIENTED_EDGE('',*,*,#8756,.T.);
#8756 = EDGE_CURVE('',#8748,#8757,#8759,.T.);
#8757 = VERTEX_POINT('',#8758);
#8758 = CARTESIAN_POINT('',(4.295442325904,-0.43,1.3270944533));
#8759 = LINE('',#8760,#8761);
#8760 = CARTESIAN_POINT('',(4.47343803089,-0.43,0.282635182233));
#8761 = VECTOR('',#8762,1.);
#8762 = DIRECTION('',(-0.167996923731,-1.865140527917E-17,0.985787519508
    ));
#8763 = ORIENTED_EDGE('',*,*,#8764,.T.);
#8764 = EDGE_CURVE('',#8757,#8765,#8767,.T.);
#8765 = VERTEX_POINT('',#8766);
#8766 = CARTESIAN_POINT('',(4.,-0.43,1.575));
#8767 = CIRCLE('',#8768,0.3);
#8768 = AXIS2_PLACEMENT_3D('',#8769,#8770,#8771);
#8769 = CARTESIAN_POINT('',(4.,-0.43,1.275));
#8770 = DIRECTION('',(1.110223024625E-16,-1.,0.));
#8771 = DIRECTION('',(0.984807753012,1.093356242223E-16,0.173648177667)
  );
#8772 = ORIENTED_EDGE('',*,*,#8773,.T.);
#8773 = EDGE_CURVE('',#8765,#3656,#8774,.T.);
#8774 = LINE('',#8775,#8776);
#8775 = CARTESIAN_POINT('',(4.,-0.43,1.575));
#8776 = VECTOR('',#8777,1.);
#8777 = DIRECTION('',(-1.,-1.110223024625E-16,0.));
#8778 = PLANE('',#8779);
#8779 = AXIS2_PLACEMENT_3D('',#8780,#8781,#8782);
#8780 = CARTESIAN_POINT('',(4.341787690374,-0.43,0.743634917138));
#8781 = DIRECTION('',(1.110223024625E-16,-1.,0.));
#8782 = DIRECTION('',(0.,0.,1.));
#8783 = ADVANCED_FACE('',(#8784),#8803,.F.);
#8784 = FACE_BOUND('',#8785,.F.);
#8785 = EDGE_LOOP('',(#8786,#8787,#8796,#8802));
#8786 = ORIENTED_EDGE('',*,*,#3694,.T.);
#8787 = ORIENTED_EDGE('',*,*,#8788,.T.);
#8788 = EDGE_CURVE('',#3687,#8789,#8791,.T.);
#8789 = VERTEX_POINT('',#8790);
#8790 = CARTESIAN_POINT('',(4.098480775301,-0.84,1.292364817767));
#8791 = CIRCLE('',#8792,0.1);
#8792 = AXIS2_PLACEMENT_3D('',#8793,#8794,#8795);
#8793 = CARTESIAN_POINT('',(4.,-0.84,1.275));
#8794 = DIRECTION('',(-1.110223024625E-16,1.,0.));
#8795 = DIRECTION('',(-8.881784197001E-15,-9.860761315261E-31,1.));
#8796 = ORIENTED_EDGE('',*,*,#8797,.F.);
#8797 = EDGE_CURVE('',#8698,#8789,#8798,.T.);
#8798 = LINE('',#8799,#8800);
#8799 = CARTESIAN_POINT('',(4.098480775301,-0.43,1.292364817767));
#8800 = VECTOR('',#8801,1.);
#8801 = DIRECTION('',(1.110223024625E-16,-1.,0.));
#8802 = ORIENTED_EDGE('',*,*,#8697,.F.);
#8803 = CYLINDRICAL_SURFACE('',#8804,0.1);
#8804 = AXIS2_PLACEMENT_3D('',#8805,#8806,#8807);
#8805 = CARTESIAN_POINT('',(4.,-0.43,1.275));
#8806 = DIRECTION('',(-1.110223024625E-16,1.,0.));
#8807 = DIRECTION('',(-8.881784197001E-15,-9.860761315261E-31,1.));
#8808 = ADVANCED_FACE('',(#8809),#8887,.T.);
#8809 = FACE_BOUND('',#8810,.T.);
#8810 = EDGE_LOOP('',(#8811,#8812,#8813,#8814,#8822,#8831,#8839,#8847,
    #8855,#8864,#8872,#8881));
#8811 = ORIENTED_EDGE('',*,*,#3708,.F.);
#8812 = ORIENTED_EDGE('',*,*,#3686,.T.);
#8813 = ORIENTED_EDGE('',*,*,#8788,.T.);
#8814 = ORIENTED_EDGE('',*,*,#8815,.T.);
#8815 = EDGE_CURVE('',#8789,#8816,#8818,.T.);
#8816 = VERTEX_POINT('',#8817);
#8817 = CARTESIAN_POINT('',(4.276476480287,-0.84,0.2479055467));
#8818 = LINE('',#8819,#8820);
#8819 = CARTESIAN_POINT('',(4.098480775301,-0.84,1.292364817767));
#8820 = VECTOR('',#8821,1.);
#8821 = DIRECTION('',(0.167996923731,1.865140527917E-17,-0.985787519508)
  );
#8822 = ORIENTED_EDGE('',*,*,#8823,.T.);
#8823 = EDGE_CURVE('',#8816,#8824,#8826,.T.);
#8824 = VERTEX_POINT('',#8825);
#8825 = CARTESIAN_POINT('',(4.571918806191,-0.84,-2.22044604925E-16));
#8826 = CIRCLE('',#8827,0.3);
#8827 = AXIS2_PLACEMENT_3D('',#8828,#8829,#8830);
#8828 = CARTESIAN_POINT('',(4.571918806191,-0.84,0.3));
#8829 = DIRECTION('',(1.110223024625E-16,-1.,0.));
#8830 = DIRECTION('',(-0.984807753012,-1.093356242223E-16,
    -0.173648177667));
#8831 = ORIENTED_EDGE('',*,*,#8832,.T.);
#8832 = EDGE_CURVE('',#8824,#8833,#8835,.T.);
#8833 = VERTEX_POINT('',#8834);
#8834 = CARTESIAN_POINT('',(5.15,-0.84,-2.22044604925E-16));
#8835 = LINE('',#8836,#8837);
#8836 = CARTESIAN_POINT('',(4.571918806191,-0.84,-2.22044604925E-16));
#8837 = VECTOR('',#8838,1.);
#8838 = DIRECTION('',(1.,1.110223024625E-16,0.));
#8839 = ORIENTED_EDGE('',*,*,#8840,.T.);
#8840 = EDGE_CURVE('',#8833,#8841,#8843,.T.);
#8841 = VERTEX_POINT('',#8842);
#8842 = CARTESIAN_POINT('',(5.15,-0.84,0.2));
#8843 = LINE('',#8844,#8845);
#8844 = CARTESIAN_POINT('',(5.15,-0.84,-2.22044604925E-16));
#8845 = VECTOR('',#8846,1.);
#8846 = DIRECTION('',(0.,0.,1.));
#8847 = ORIENTED_EDGE('',*,*,#8848,.T.);
#8848 = EDGE_CURVE('',#8841,#8849,#8851,.T.);
#8849 = VERTEX_POINT('',#8850);
#8850 = CARTESIAN_POINT('',(4.571918806191,-0.84,0.2));
#8851 = LINE('',#8852,#8853);
#8852 = CARTESIAN_POINT('',(5.15,-0.84,0.2));
#8853 = VECTOR('',#8854,1.);
#8854 = DIRECTION('',(-1.,-1.110223024625E-16,0.));
#8855 = ORIENTED_EDGE('',*,*,#8856,.T.);
#8856 = EDGE_CURVE('',#8849,#8857,#8859,.T.);
#8857 = VERTEX_POINT('',#8858);
#8858 = CARTESIAN_POINT('',(4.47343803089,-0.84,0.282635182233));
#8859 = CIRCLE('',#8860,0.1);
#8860 = AXIS2_PLACEMENT_3D('',#8861,#8862,#8863);
#8861 = CARTESIAN_POINT('',(4.571918806191,-0.84,0.3));
#8862 = DIRECTION('',(-1.110223024625E-16,1.,0.));
#8863 = DIRECTION('',(8.881784197001E-15,9.860761315261E-31,-1.));
#8864 = ORIENTED_EDGE('',*,*,#8865,.T.);
#8865 = EDGE_CURVE('',#8857,#8866,#8868,.T.);
#8866 = VERTEX_POINT('',#8867);
#8867 = CARTESIAN_POINT('',(4.295442325904,-0.84,1.3270944533));
#8868 = LINE('',#8869,#8870);
#8869 = CARTESIAN_POINT('',(4.47343803089,-0.84,0.282635182233));
#8870 = VECTOR('',#8871,1.);
#8871 = DIRECTION('',(-0.167996923731,-1.865140527917E-17,0.985787519508
    ));
#8872 = ORIENTED_EDGE('',*,*,#8873,.T.);
#8873 = EDGE_CURVE('',#8866,#8874,#8876,.T.);
#8874 = VERTEX_POINT('',#8875);
#8875 = CARTESIAN_POINT('',(4.,-0.84,1.575));
#8876 = CIRCLE('',#8877,0.3);
#8877 = AXIS2_PLACEMENT_3D('',#8878,#8879,#8880);
#8878 = CARTESIAN_POINT('',(4.,-0.84,1.275));
#8879 = DIRECTION('',(1.110223024625E-16,-1.,0.));
#8880 = DIRECTION('',(0.984807753012,1.093356242223E-16,0.173648177667)
  );
#8881 = ORIENTED_EDGE('',*,*,#8882,.T.);
#8882 = EDGE_CURVE('',#8874,#3709,#8883,.T.);
#8883 = LINE('',#8884,#8885);
#8884 = CARTESIAN_POINT('',(4.,-0.84,1.575));
#8885 = VECTOR('',#8886,1.);
#8886 = DIRECTION('',(-1.,-1.110223024625E-16,0.));
#8887 = PLANE('',#8888);
#8888 = AXIS2_PLACEMENT_3D('',#8889,#8890,#8891);
#8889 = CARTESIAN_POINT('',(4.341787690374,-0.84,0.743634917138));
#8890 = DIRECTION('',(1.110223024625E-16,-1.,0.));
#8891 = DIRECTION('',(0.,0.,1.));
#8892 = ADVANCED_FACE('',(#8893),#8909,.F.);
#8893 = FACE_BOUND('',#8894,.F.);
#8894 = EDGE_LOOP('',(#8895,#8901,#8902,#8908));
#8895 = ORIENTED_EDGE('',*,*,#8896,.F.);
#8896 = EDGE_CURVE('',#3709,#4537,#8897,.T.);
#8897 = LINE('',#8898,#8899);
#8898 = CARTESIAN_POINT('',(4.,-0.84,1.575));
#8899 = VECTOR('',#8900,1.);
#8900 = DIRECTION('',(-1.,-1.110223024625E-16,0.));
#8901 = ORIENTED_EDGE('',*,*,#3725,.T.);
#8902 = ORIENTED_EDGE('',*,*,#8903,.T.);
#8903 = EDGE_CURVE('',#3718,#4545,#8904,.T.);
#8904 = LINE('',#8905,#8906);
#8905 = CARTESIAN_POINT('',(4.,-1.7,1.575));
#8906 = VECTOR('',#8907,1.);
#8907 = DIRECTION('',(-1.,-1.110223024625E-16,0.));
#8908 = ORIENTED_EDGE('',*,*,#4544,.F.);
#8909 = PLANE('',#8910);
#8910 = AXIS2_PLACEMENT_3D('',#8911,#8912,#8913);
#8911 = CARTESIAN_POINT('',(-6.818810897008E-16,7.6625,1.575));
#8912 = DIRECTION('',(1.36606555458E-31,1.361853537021E-27,-1.));
#8913 = DIRECTION('',(1.,1.109316052857E-16,1.366065554582E-31));
#8914 = ADVANCED_FACE('',(#8915),#9001,.F.);
#8915 = FACE_BOUND('',#8916,.F.);
#8916 = EDGE_LOOP('',(#8917,#8918,#8919,#8928,#8936,#8945,#8953,#8961,
    #8969,#8978,#8986,#8995));
#8917 = ORIENTED_EDGE('',*,*,#3717,.F.);
#8918 = ORIENTED_EDGE('',*,*,#3739,.T.);
#8919 = ORIENTED_EDGE('',*,*,#8920,.T.);
#8920 = EDGE_CURVE('',#3740,#8921,#8923,.T.);
#8921 = VERTEX_POINT('',#8922);
#8922 = CARTESIAN_POINT('',(4.098480775301,-1.7,1.292364817767));
#8923 = CIRCLE('',#8924,0.1);
#8924 = AXIS2_PLACEMENT_3D('',#8925,#8926,#8927);
#8925 = CARTESIAN_POINT('',(4.,-1.7,1.275));
#8926 = DIRECTION('',(-1.110223024625E-16,1.,0.));
#8927 = DIRECTION('',(-8.881784197001E-15,-9.860761315261E-31,1.));
#8928 = ORIENTED_EDGE('',*,*,#8929,.T.);
#8929 = EDGE_CURVE('',#8921,#8930,#8932,.T.);
#8930 = VERTEX_POINT('',#8931);
#8931 = CARTESIAN_POINT('',(4.276476480287,-1.7,0.2479055467));
#8932 = LINE('',#8933,#8934);
#8933 = CARTESIAN_POINT('',(4.098480775301,-1.7,1.292364817767));
#8934 = VECTOR('',#8935,1.);
#8935 = DIRECTION('',(0.167996923731,1.865140527917E-17,-0.985787519508)
  );
#8936 = ORIENTED_EDGE('',*,*,#8937,.T.);
#8937 = EDGE_CURVE('',#8930,#8938,#8940,.T.);
#8938 = VERTEX_POINT('',#8939);
#8939 = CARTESIAN_POINT('',(4.571918806191,-1.7,-2.22044604925E-16));
#8940 = CIRCLE('',#8941,0.3);
#8941 = AXIS2_PLACEMENT_3D('',#8942,#8943,#8944);
#8942 = CARTESIAN_POINT('',(4.571918806191,-1.7,0.3));
#8943 = DIRECTION('',(1.110223024625E-16,-1.,0.));
#8944 = DIRECTION('',(-0.984807753012,-1.093356242223E-16,
    -0.173648177667));
#8945 = ORIENTED_EDGE('',*,*,#8946,.T.);
#8946 = EDGE_CURVE('',#8938,#8947,#8949,.T.);
#8947 = VERTEX_POINT('',#8948);
#8948 = CARTESIAN_POINT('',(5.15,-1.7,-2.22044604925E-16));
#8949 = LINE('',#8950,#8951);
#8950 = CARTESIAN_POINT('',(4.571918806191,-1.7,-2.22044604925E-16));
#8951 = VECTOR('',#8952,1.);
#8952 = DIRECTION('',(1.,1.110223024625E-16,0.));
#8953 = ORIENTED_EDGE('',*,*,#8954,.T.);
#8954 = EDGE_CURVE('',#8947,#8955,#8957,.T.);
#8955 = VERTEX_POINT('',#8956);
#8956 = CARTESIAN_POINT('',(5.15,-1.7,0.2));
#8957 = LINE('',#8958,#8959);
#8958 = CARTESIAN_POINT('',(5.15,-1.7,-2.22044604925E-16));
#8959 = VECTOR('',#8960,1.);
#8960 = DIRECTION('',(0.,0.,1.));
#8961 = ORIENTED_EDGE('',*,*,#8962,.T.);
#8962 = EDGE_CURVE('',#8955,#8963,#8965,.T.);
#8963 = VERTEX_POINT('',#8964);
#8964 = CARTESIAN_POINT('',(4.571918806191,-1.7,0.2));
#8965 = LINE('',#8966,#8967);
#8966 = CARTESIAN_POINT('',(5.15,-1.7,0.2));
#8967 = VECTOR('',#8968,1.);
#8968 = DIRECTION('',(-1.,-1.110223024625E-16,0.));
#8969 = ORIENTED_EDGE('',*,*,#8970,.T.);
#8970 = EDGE_CURVE('',#8963,#8971,#8973,.T.);
#8971 = VERTEX_POINT('',#8972);
#8972 = CARTESIAN_POINT('',(4.47343803089,-1.7,0.282635182233));
#8973 = CIRCLE('',#8974,0.1);
#8974 = AXIS2_PLACEMENT_3D('',#8975,#8976,#8977);
#8975 = CARTESIAN_POINT('',(4.571918806191,-1.7,0.3));
#8976 = DIRECTION('',(-1.110223024625E-16,1.,0.));
#8977 = DIRECTION('',(8.881784197001E-15,9.860761315261E-31,-1.));
#8978 = ORIENTED_EDGE('',*,*,#8979,.T.);
#8979 = EDGE_CURVE('',#8971,#8980,#8982,.T.);
#8980 = VERTEX_POINT('',#8981);
#8981 = CARTESIAN_POINT('',(4.295442325904,-1.7,1.3270944533));
#8982 = LINE('',#8983,#8984);
#8983 = CARTESIAN_POINT('',(4.47343803089,-1.7,0.282635182233));
#8984 = VECTOR('',#8985,1.);
#8985 = DIRECTION('',(-0.167996923731,-1.865140527917E-17,0.985787519508
    ));
#8986 = ORIENTED_EDGE('',*,*,#8987,.T.);
#8987 = EDGE_CURVE('',#8980,#8988,#8990,.T.);
#8988 = VERTEX_POINT('',#8989);
#8989 = CARTESIAN_POINT('',(4.,-1.7,1.575));
#8990 = CIRCLE('',#8991,0.3);
#8991 = AXIS2_PLACEMENT_3D('',#8992,#8993,#8994);
#8992 = CARTESIAN_POINT('',(4.,-1.7,1.275));
#8993 = DIRECTION('',(1.110223024625E-16,-1.,0.));
#8994 = DIRECTION('',(0.984807753012,1.093356242223E-16,0.173648177667)
  );
#8995 = ORIENTED_EDGE('',*,*,#8996,.T.);
#8996 = EDGE_CURVE('',#8988,#3718,#8997,.T.);
#8997 = LINE('',#8998,#8999);
#8998 = CARTESIAN_POINT('',(4.,-1.7,1.575));
#8999 = VECTOR('',#9000,1.);
#9000 = DIRECTION('',(-1.,-1.110223024625E-16,0.));
#9001 = PLANE('',#9002);
#9002 = AXIS2_PLACEMENT_3D('',#9003,#9004,#9005);
#9003 = CARTESIAN_POINT('',(4.341787690374,-1.7,0.743634917138));
#9004 = DIRECTION('',(1.110223024625E-16,-1.,0.));
#9005 = DIRECTION('',(0.,0.,1.));
#9006 = ADVANCED_FACE('',(#9007),#9026,.F.);
#9007 = FACE_BOUND('',#9008,.F.);
#9008 = EDGE_LOOP('',(#9009,#9010,#9019,#9025));
#9009 = ORIENTED_EDGE('',*,*,#3756,.T.);
#9010 = ORIENTED_EDGE('',*,*,#9011,.T.);
#9011 = EDGE_CURVE('',#3749,#9012,#9014,.T.);
#9012 = VERTEX_POINT('',#9013);
#9013 = CARTESIAN_POINT('',(4.098480775301,-2.11,1.292364817767));
#9014 = CIRCLE('',#9015,0.1);
#9015 = AXIS2_PLACEMENT_3D('',#9016,#9017,#9018);
#9016 = CARTESIAN_POINT('',(4.,-2.11,1.275));
#9017 = DIRECTION('',(-1.110223024625E-16,1.,0.));
#9018 = DIRECTION('',(-8.881784197001E-15,-9.860761315261E-31,1.));
#9019 = ORIENTED_EDGE('',*,*,#9020,.F.);
#9020 = EDGE_CURVE('',#8921,#9012,#9021,.T.);
#9021 = LINE('',#9022,#9023);
#9022 = CARTESIAN_POINT('',(4.098480775301,-1.7,1.292364817767));
#9023 = VECTOR('',#9024,1.);
#9024 = DIRECTION('',(1.110223024625E-16,-1.,0.));
#9025 = ORIENTED_EDGE('',*,*,#8920,.F.);
#9026 = CYLINDRICAL_SURFACE('',#9027,0.1);
#9027 = AXIS2_PLACEMENT_3D('',#9028,#9029,#9030);
#9028 = CARTESIAN_POINT('',(4.,-1.7,1.275));
#9029 = DIRECTION('',(-1.110223024625E-16,1.,0.));
#9030 = DIRECTION('',(-8.881784197001E-15,-9.860761315261E-31,1.));
#9031 = ADVANCED_FACE('',(#9032),#9110,.T.);
#9032 = FACE_BOUND('',#9033,.T.);
#9033 = EDGE_LOOP('',(#9034,#9035,#9036,#9037,#9045,#9054,#9062,#9070,
    #9078,#9087,#9095,#9104));
#9034 = ORIENTED_EDGE('',*,*,#3770,.F.);
#9035 = ORIENTED_EDGE('',*,*,#3748,.T.);
#9036 = ORIENTED_EDGE('',*,*,#9011,.T.);
#9037 = ORIENTED_EDGE('',*,*,#9038,.T.);
#9038 = EDGE_CURVE('',#9012,#9039,#9041,.T.);
#9039 = VERTEX_POINT('',#9040);
#9040 = CARTESIAN_POINT('',(4.276476480287,-2.11,0.2479055467));
#9041 = LINE('',#9042,#9043);
#9042 = CARTESIAN_POINT('',(4.098480775301,-2.11,1.292364817767));
#9043 = VECTOR('',#9044,1.);
#9044 = DIRECTION('',(0.167996923731,1.865140527917E-17,-0.985787519508)
  );
#9045 = ORIENTED_EDGE('',*,*,#9046,.T.);
#9046 = EDGE_CURVE('',#9039,#9047,#9049,.T.);
#9047 = VERTEX_POINT('',#9048);
#9048 = CARTESIAN_POINT('',(4.571918806191,-2.11,-2.22044604925E-16));
#9049 = CIRCLE('',#9050,0.3);
#9050 = AXIS2_PLACEMENT_3D('',#9051,#9052,#9053);
#9051 = CARTESIAN_POINT('',(4.571918806191,-2.11,0.3));
#9052 = DIRECTION('',(1.110223024625E-16,-1.,0.));
#9053 = DIRECTION('',(-0.984807753012,-1.093356242223E-16,
    -0.173648177667));
#9054 = ORIENTED_EDGE('',*,*,#9055,.T.);
#9055 = EDGE_CURVE('',#9047,#9056,#9058,.T.);
#9056 = VERTEX_POINT('',#9057);
#9057 = CARTESIAN_POINT('',(5.15,-2.11,-2.22044604925E-16));
#9058 = LINE('',#9059,#9060);
#9059 = CARTESIAN_POINT('',(4.571918806191,-2.11,-2.22044604925E-16));
#9060 = VECTOR('',#9061,1.);
#9061 = DIRECTION('',(1.,1.110223024625E-16,0.));
#9062 = ORIENTED_EDGE('',*,*,#9063,.T.);
#9063 = EDGE_CURVE('',#9056,#9064,#9066,.T.);
#9064 = VERTEX_POINT('',#9065);
#9065 = CARTESIAN_POINT('',(5.15,-2.11,0.2));
#9066 = LINE('',#9067,#9068);
#9067 = CARTESIAN_POINT('',(5.15,-2.11,-2.22044604925E-16));
#9068 = VECTOR('',#9069,1.);
#9069 = DIRECTION('',(0.,0.,1.));
#9070 = ORIENTED_EDGE('',*,*,#9071,.T.);
#9071 = EDGE_CURVE('',#9064,#9072,#9074,.T.);
#9072 = VERTEX_POINT('',#9073);
#9073 = CARTESIAN_POINT('',(4.571918806191,-2.11,0.2));
#9074 = LINE('',#9075,#9076);
#9075 = CARTESIAN_POINT('',(5.15,-2.11,0.2));
#9076 = VECTOR('',#9077,1.);
#9077 = DIRECTION('',(-1.,-1.110223024625E-16,0.));
#9078 = ORIENTED_EDGE('',*,*,#9079,.T.);
#9079 = EDGE_CURVE('',#9072,#9080,#9082,.T.);
#9080 = VERTEX_POINT('',#9081);
#9081 = CARTESIAN_POINT('',(4.47343803089,-2.11,0.282635182233));
#9082 = CIRCLE('',#9083,0.1);
#9083 = AXIS2_PLACEMENT_3D('',#9084,#9085,#9086);
#9084 = CARTESIAN_POINT('',(4.571918806191,-2.11,0.3));
#9085 = DIRECTION('',(-1.110223024625E-16,1.,0.));
#9086 = DIRECTION('',(8.881784197001E-15,9.860761315261E-31,-1.));
#9087 = ORIENTED_EDGE('',*,*,#9088,.T.);
#9088 = EDGE_CURVE('',#9080,#9089,#9091,.T.);
#9089 = VERTEX_POINT('',#9090);
#9090 = CARTESIAN_POINT('',(4.295442325904,-2.11,1.3270944533));
#9091 = LINE('',#9092,#9093);
#9092 = CARTESIAN_POINT('',(4.47343803089,-2.11,0.282635182233));
#9093 = VECTOR('',#9094,1.);
#9094 = DIRECTION('',(-0.167996923731,-1.865140527917E-17,0.985787519508
    ));
#9095 = ORIENTED_EDGE('',*,*,#9096,.T.);
#9096 = EDGE_CURVE('',#9089,#9097,#9099,.T.);
#9097 = VERTEX_POINT('',#9098);
#9098 = CARTESIAN_POINT('',(4.,-2.11,1.575));
#9099 = CIRCLE('',#9100,0.3);
#9100 = AXIS2_PLACEMENT_3D('',#9101,#9102,#9103);
#9101 = CARTESIAN_POINT('',(4.,-2.11,1.275));
#9102 = DIRECTION('',(1.110223024625E-16,-1.,0.));
#9103 = DIRECTION('',(0.984807753012,1.093356242223E-16,0.173648177667)
  );
#9104 = ORIENTED_EDGE('',*,*,#9105,.T.);
#9105 = EDGE_CURVE('',#9097,#3771,#9106,.T.);
#9106 = LINE('',#9107,#9108);
#9107 = CARTESIAN_POINT('',(4.,-2.11,1.575));
#9108 = VECTOR('',#9109,1.);
#9109 = DIRECTION('',(-1.,-1.110223024625E-16,0.));
#9110 = PLANE('',#9111);
#9111 = AXIS2_PLACEMENT_3D('',#9112,#9113,#9114);
#9112 = CARTESIAN_POINT('',(4.341787690374,-2.11,0.743634917138));
#9113 = DIRECTION('',(1.110223024625E-16,-1.,0.));
#9114 = DIRECTION('',(0.,0.,1.));
#9115 = ADVANCED_FACE('',(#9116),#9132,.F.);
#9116 = FACE_BOUND('',#9117,.F.);
#9117 = EDGE_LOOP('',(#9118,#9124,#9125,#9131));
#9118 = ORIENTED_EDGE('',*,*,#9119,.F.);
#9119 = EDGE_CURVE('',#3771,#4553,#9120,.T.);
#9120 = LINE('',#9121,#9122);
#9121 = CARTESIAN_POINT('',(4.,-2.11,1.575));
#9122 = VECTOR('',#9123,1.);
#9123 = DIRECTION('',(-1.,-1.110223024625E-16,0.));
#9124 = ORIENTED_EDGE('',*,*,#3787,.T.);
#9125 = ORIENTED_EDGE('',*,*,#9126,.T.);
#9126 = EDGE_CURVE('',#3780,#4561,#9127,.T.);
#9127 = LINE('',#9128,#9129);
#9128 = CARTESIAN_POINT('',(4.,-2.97,1.575));
#9129 = VECTOR('',#9130,1.);
#9130 = DIRECTION('',(-1.,-1.110223024625E-16,0.));
#9131 = ORIENTED_EDGE('',*,*,#4560,.F.);
#9132 = PLANE('',#9133);
#9133 = AXIS2_PLACEMENT_3D('',#9134,#9135,#9136);
#9134 = CARTESIAN_POINT('',(-6.818810897008E-16,7.6625,1.575));
#9135 = DIRECTION('',(1.36606555458E-31,1.361853537021E-27,-1.));
#9136 = DIRECTION('',(1.,1.109316052857E-16,1.366065554582E-31));
#9137 = ADVANCED_FACE('',(#9138),#9224,.F.);
#9138 = FACE_BOUND('',#9139,.F.);
#9139 = EDGE_LOOP('',(#9140,#9141,#9142,#9151,#9159,#9168,#9176,#9184,
    #9192,#9201,#9209,#9218));
#9140 = ORIENTED_EDGE('',*,*,#3779,.F.);
#9141 = ORIENTED_EDGE('',*,*,#3801,.T.);
#9142 = ORIENTED_EDGE('',*,*,#9143,.T.);
#9143 = EDGE_CURVE('',#3802,#9144,#9146,.T.);
#9144 = VERTEX_POINT('',#9145);
#9145 = CARTESIAN_POINT('',(4.098480775301,-2.97,1.292364817767));
#9146 = CIRCLE('',#9147,0.1);
#9147 = AXIS2_PLACEMENT_3D('',#9148,#9149,#9150);
#9148 = CARTESIAN_POINT('',(4.,-2.97,1.275));
#9149 = DIRECTION('',(-1.110223024625E-16,1.,0.));
#9150 = DIRECTION('',(-8.881784197001E-15,-9.860761315261E-31,1.));
#9151 = ORIENTED_EDGE('',*,*,#9152,.T.);
#9152 = EDGE_CURVE('',#9144,#9153,#9155,.T.);
#9153 = VERTEX_POINT('',#9154);
#9154 = CARTESIAN_POINT('',(4.276476480287,-2.97,0.2479055467));
#9155 = LINE('',#9156,#9157);
#9156 = CARTESIAN_POINT('',(4.098480775301,-2.97,1.292364817767));
#9157 = VECTOR('',#9158,1.);
#9158 = DIRECTION('',(0.167996923731,1.865140527917E-17,-0.985787519508)
  );
#9159 = ORIENTED_EDGE('',*,*,#9160,.T.);
#9160 = EDGE_CURVE('',#9153,#9161,#9163,.T.);
#9161 = VERTEX_POINT('',#9162);
#9162 = CARTESIAN_POINT('',(4.571918806191,-2.97,-2.22044604925E-16));
#9163 = CIRCLE('',#9164,0.3);
#9164 = AXIS2_PLACEMENT_3D('',#9165,#9166,#9167);
#9165 = CARTESIAN_POINT('',(4.571918806191,-2.97,0.3));
#9166 = DIRECTION('',(1.110223024625E-16,-1.,0.));
#9167 = DIRECTION('',(-0.984807753012,-1.093356242223E-16,
    -0.173648177667));
#9168 = ORIENTED_EDGE('',*,*,#9169,.T.);
#9169 = EDGE_CURVE('',#9161,#9170,#9172,.T.);
#9170 = VERTEX_POINT('',#9171);
#9171 = CARTESIAN_POINT('',(5.15,-2.97,-2.22044604925E-16));
#9172 = LINE('',#9173,#9174);
#9173 = CARTESIAN_POINT('',(4.571918806191,-2.97,-2.22044604925E-16));
#9174 = VECTOR('',#9175,1.);
#9175 = DIRECTION('',(1.,1.110223024625E-16,0.));
#9176 = ORIENTED_EDGE('',*,*,#9177,.T.);
#9177 = EDGE_CURVE('',#9170,#9178,#9180,.T.);
#9178 = VERTEX_POINT('',#9179);
#9179 = CARTESIAN_POINT('',(5.15,-2.97,0.2));
#9180 = LINE('',#9181,#9182);
#9181 = CARTESIAN_POINT('',(5.15,-2.97,-2.22044604925E-16));
#9182 = VECTOR('',#9183,1.);
#9183 = DIRECTION('',(0.,0.,1.));
#9184 = ORIENTED_EDGE('',*,*,#9185,.T.);
#9185 = EDGE_CURVE('',#9178,#9186,#9188,.T.);
#9186 = VERTEX_POINT('',#9187);
#9187 = CARTESIAN_POINT('',(4.571918806191,-2.97,0.2));
#9188 = LINE('',#9189,#9190);
#9189 = CARTESIAN_POINT('',(5.15,-2.97,0.2));
#9190 = VECTOR('',#9191,1.);
#9191 = DIRECTION('',(-1.,-1.110223024625E-16,0.));
#9192 = ORIENTED_EDGE('',*,*,#9193,.T.);
#9193 = EDGE_CURVE('',#9186,#9194,#9196,.T.);
#9194 = VERTEX_POINT('',#9195);
#9195 = CARTESIAN_POINT('',(4.47343803089,-2.97,0.282635182233));
#9196 = CIRCLE('',#9197,0.1);
#9197 = AXIS2_PLACEMENT_3D('',#9198,#9199,#9200);
#9198 = CARTESIAN_POINT('',(4.571918806191,-2.97,0.3));
#9199 = DIRECTION('',(-1.110223024625E-16,1.,0.));
#9200 = DIRECTION('',(8.881784197001E-15,9.860761315261E-31,-1.));
#9201 = ORIENTED_EDGE('',*,*,#9202,.T.);
#9202 = EDGE_CURVE('',#9194,#9203,#9205,.T.);
#9203 = VERTEX_POINT('',#9204);
#9204 = CARTESIAN_POINT('',(4.295442325904,-2.97,1.3270944533));
#9205 = LINE('',#9206,#9207);
#9206 = CARTESIAN_POINT('',(4.47343803089,-2.97,0.282635182233));
#9207 = VECTOR('',#9208,1.);
#9208 = DIRECTION('',(-0.167996923731,-1.865140527917E-17,0.985787519508
    ));
#9209 = ORIENTED_EDGE('',*,*,#9210,.T.);
#9210 = EDGE_CURVE('',#9203,#9211,#9213,.T.);
#9211 = VERTEX_POINT('',#9212);
#9212 = CARTESIAN_POINT('',(4.,-2.97,1.575));
#9213 = CIRCLE('',#9214,0.3);
#9214 = AXIS2_PLACEMENT_3D('',#9215,#9216,#9217);
#9215 = CARTESIAN_POINT('',(4.,-2.97,1.275));
#9216 = DIRECTION('',(1.110223024625E-16,-1.,0.));
#9217 = DIRECTION('',(0.984807753012,1.093356242223E-16,0.173648177667)
  );
#9218 = ORIENTED_EDGE('',*,*,#9219,.T.);
#9219 = EDGE_CURVE('',#9211,#3780,#9220,.T.);
#9220 = LINE('',#9221,#9222);
#9221 = CARTESIAN_POINT('',(4.,-2.97,1.575));
#9222 = VECTOR('',#9223,1.);
#9223 = DIRECTION('',(-1.,-1.110223024625E-16,0.));
#9224 = PLANE('',#9225);
#9225 = AXIS2_PLACEMENT_3D('',#9226,#9227,#9228);
#9226 = CARTESIAN_POINT('',(4.341787690374,-2.97,0.743634917138));
#9227 = DIRECTION('',(1.110223024625E-16,-1.,0.));
#9228 = DIRECTION('',(0.,0.,1.));
#9229 = ADVANCED_FACE('',(#9230),#9249,.F.);
#9230 = FACE_BOUND('',#9231,.F.);
#9231 = EDGE_LOOP('',(#9232,#9233,#9242,#9248));
#9232 = ORIENTED_EDGE('',*,*,#3818,.T.);
#9233 = ORIENTED_EDGE('',*,*,#9234,.T.);
#9234 = EDGE_CURVE('',#3811,#9235,#9237,.T.);
#9235 = VERTEX_POINT('',#9236);
#9236 = CARTESIAN_POINT('',(4.098480775301,-3.38,1.292364817767));
#9237 = CIRCLE('',#9238,0.1);
#9238 = AXIS2_PLACEMENT_3D('',#9239,#9240,#9241);
#9239 = CARTESIAN_POINT('',(4.,-3.38,1.275));
#9240 = DIRECTION('',(-1.110223024625E-16,1.,0.));
#9241 = DIRECTION('',(-8.881784197001E-15,-9.860761315261E-31,1.));
#9242 = ORIENTED_EDGE('',*,*,#9243,.F.);
#9243 = EDGE_CURVE('',#9144,#9235,#9244,.T.);
#9244 = LINE('',#9245,#9246);
#9245 = CARTESIAN_POINT('',(4.098480775301,-2.97,1.292364817767));
#9246 = VECTOR('',#9247,1.);
#9247 = DIRECTION('',(1.110223024625E-16,-1.,0.));
#9248 = ORIENTED_EDGE('',*,*,#9143,.F.);
#9249 = CYLINDRICAL_SURFACE('',#9250,0.1);
#9250 = AXIS2_PLACEMENT_3D('',#9251,#9252,#9253);
#9251 = CARTESIAN_POINT('',(4.,-2.97,1.275));
#9252 = DIRECTION('',(-1.110223024625E-16,1.,0.));
#9253 = DIRECTION('',(-8.881784197001E-15,-9.860761315261E-31,1.));
#9254 = ADVANCED_FACE('',(#9255),#9333,.T.);
#9255 = FACE_BOUND('',#9256,.T.);
#9256 = EDGE_LOOP('',(#9257,#9258,#9259,#9260,#9268,#9277,#9285,#9293,
    #9301,#9310,#9318,#9327));
#9257 = ORIENTED_EDGE('',*,*,#3832,.F.);
#9258 = ORIENTED_EDGE('',*,*,#3810,.T.);
#9259 = ORIENTED_EDGE('',*,*,#9234,.T.);
#9260 = ORIENTED_EDGE('',*,*,#9261,.T.);
#9261 = EDGE_CURVE('',#9235,#9262,#9264,.T.);
#9262 = VERTEX_POINT('',#9263);
#9263 = CARTESIAN_POINT('',(4.276476480287,-3.38,0.2479055467));
#9264 = LINE('',#9265,#9266);
#9265 = CARTESIAN_POINT('',(4.098480775301,-3.38,1.292364817767));
#9266 = VECTOR('',#9267,1.);
#9267 = DIRECTION('',(0.167996923731,1.865140527917E-17,-0.985787519508)
  );
#9268 = ORIENTED_EDGE('',*,*,#9269,.T.);
#9269 = EDGE_CURVE('',#9262,#9270,#9272,.T.);
#9270 = VERTEX_POINT('',#9271);
#9271 = CARTESIAN_POINT('',(4.571918806191,-3.38,-2.22044604925E-16));
#9272 = CIRCLE('',#9273,0.3);
#9273 = AXIS2_PLACEMENT_3D('',#9274,#9275,#9276);
#9274 = CARTESIAN_POINT('',(4.571918806191,-3.38,0.3));
#9275 = DIRECTION('',(1.110223024625E-16,-1.,0.));
#9276 = DIRECTION('',(-0.984807753012,-1.093356242223E-16,
    -0.173648177667));
#9277 = ORIENTED_EDGE('',*,*,#9278,.T.);
#9278 = EDGE_CURVE('',#9270,#9279,#9281,.T.);
#9279 = VERTEX_POINT('',#9280);
#9280 = CARTESIAN_POINT('',(5.15,-3.38,-2.22044604925E-16));
#9281 = LINE('',#9282,#9283);
#9282 = CARTESIAN_POINT('',(4.571918806191,-3.38,-2.22044604925E-16));
#9283 = VECTOR('',#9284,1.);
#9284 = DIRECTION('',(1.,1.110223024625E-16,0.));
#9285 = ORIENTED_EDGE('',*,*,#9286,.T.);
#9286 = EDGE_CURVE('',#9279,#9287,#9289,.T.);
#9287 = VERTEX_POINT('',#9288);
#9288 = CARTESIAN_POINT('',(5.15,-3.38,0.2));
#9289 = LINE('',#9290,#9291);
#9290 = CARTESIAN_POINT('',(5.15,-3.38,-2.22044604925E-16));
#9291 = VECTOR('',#9292,1.);
#9292 = DIRECTION('',(0.,0.,1.));
#9293 = ORIENTED_EDGE('',*,*,#9294,.T.);
#9294 = EDGE_CURVE('',#9287,#9295,#9297,.T.);
#9295 = VERTEX_POINT('',#9296);
#9296 = CARTESIAN_POINT('',(4.571918806191,-3.38,0.2));
#9297 = LINE('',#9298,#9299);
#9298 = CARTESIAN_POINT('',(5.15,-3.38,0.2));
#9299 = VECTOR('',#9300,1.);
#9300 = DIRECTION('',(-1.,-1.110223024625E-16,0.));
#9301 = ORIENTED_EDGE('',*,*,#9302,.T.);
#9302 = EDGE_CURVE('',#9295,#9303,#9305,.T.);
#9303 = VERTEX_POINT('',#9304);
#9304 = CARTESIAN_POINT('',(4.47343803089,-3.38,0.282635182233));
#9305 = CIRCLE('',#9306,0.1);
#9306 = AXIS2_PLACEMENT_3D('',#9307,#9308,#9309);
#9307 = CARTESIAN_POINT('',(4.571918806191,-3.38,0.3));
#9308 = DIRECTION('',(-1.110223024625E-16,1.,0.));
#9309 = DIRECTION('',(8.881784197001E-15,9.860761315261E-31,-1.));
#9310 = ORIENTED_EDGE('',*,*,#9311,.T.);
#9311 = EDGE_CURVE('',#9303,#9312,#9314,.T.);
#9312 = VERTEX_POINT('',#9313);
#9313 = CARTESIAN_POINT('',(4.295442325904,-3.38,1.3270944533));
#9314 = LINE('',#9315,#9316);
#9315 = CARTESIAN_POINT('',(4.47343803089,-3.38,0.282635182233));
#9316 = VECTOR('',#9317,1.);
#9317 = DIRECTION('',(-0.167996923731,-1.865140527917E-17,0.985787519508
    ));
#9318 = ORIENTED_EDGE('',*,*,#9319,.T.);
#9319 = EDGE_CURVE('',#9312,#9320,#9322,.T.);
#9320 = VERTEX_POINT('',#9321);
#9321 = CARTESIAN_POINT('',(4.,-3.38,1.575));
#9322 = CIRCLE('',#9323,0.3);
#9323 = AXIS2_PLACEMENT_3D('',#9324,#9325,#9326);
#9324 = CARTESIAN_POINT('',(4.,-3.38,1.275));
#9325 = DIRECTION('',(1.110223024625E-16,-1.,0.));
#9326 = DIRECTION('',(0.984807753012,1.093356242223E-16,0.173648177667)
  );
#9327 = ORIENTED_EDGE('',*,*,#9328,.T.);
#9328 = EDGE_CURVE('',#9320,#3833,#9329,.T.);
#9329 = LINE('',#9330,#9331);
#9330 = CARTESIAN_POINT('',(4.,-3.38,1.575));
#9331 = VECTOR('',#9332,1.);
#9332 = DIRECTION('',(-1.,-1.110223024625E-16,0.));
#9333 = PLANE('',#9334);
#9334 = AXIS2_PLACEMENT_3D('',#9335,#9336,#9337);
#9335 = CARTESIAN_POINT('',(4.341787690374,-3.38,0.743634917138));
#9336 = DIRECTION('',(1.110223024625E-16,-1.,0.));
#9337 = DIRECTION('',(0.,0.,1.));
#9338 = ADVANCED_FACE('',(#9339),#9355,.F.);
#9339 = FACE_BOUND('',#9340,.F.);
#9340 = EDGE_LOOP('',(#9341,#9347,#9348,#9354));
#9341 = ORIENTED_EDGE('',*,*,#9342,.F.);
#9342 = EDGE_CURVE('',#3833,#4569,#9343,.T.);
#9343 = LINE('',#9344,#9345);
#9344 = CARTESIAN_POINT('',(4.,-3.38,1.575));
#9345 = VECTOR('',#9346,1.);
#9346 = DIRECTION('',(-1.,-1.110223024625E-16,0.));
#9347 = ORIENTED_EDGE('',*,*,#3849,.T.);
#9348 = ORIENTED_EDGE('',*,*,#9349,.T.);
#9349 = EDGE_CURVE('',#3842,#4577,#9350,.T.);
#9350 = LINE('',#9351,#9352);
#9351 = CARTESIAN_POINT('',(4.,-4.24,1.575));
#9352 = VECTOR('',#9353,1.);
#9353 = DIRECTION('',(-1.,-1.110223024625E-16,0.));
#9354 = ORIENTED_EDGE('',*,*,#4576,.F.);
#9355 = PLANE('',#9356);
#9356 = AXIS2_PLACEMENT_3D('',#9357,#9358,#9359);
#9357 = CARTESIAN_POINT('',(-6.818810897008E-16,7.6625,1.575));
#9358 = DIRECTION('',(1.36606555458E-31,1.361853537021E-27,-1.));
#9359 = DIRECTION('',(1.,1.109316052857E-16,1.366065554582E-31));
#9360 = ADVANCED_FACE('',(#9361),#9447,.F.);
#9361 = FACE_BOUND('',#9362,.F.);
#9362 = EDGE_LOOP('',(#9363,#9364,#9365,#9374,#9382,#9391,#9399,#9407,
    #9415,#9424,#9432,#9441));
#9363 = ORIENTED_EDGE('',*,*,#3841,.F.);
#9364 = ORIENTED_EDGE('',*,*,#3863,.T.);
#9365 = ORIENTED_EDGE('',*,*,#9366,.T.);
#9366 = EDGE_CURVE('',#3864,#9367,#9369,.T.);
#9367 = VERTEX_POINT('',#9368);
#9368 = CARTESIAN_POINT('',(4.098480775301,-4.24,1.292364817767));
#9369 = CIRCLE('',#9370,0.1);
#9370 = AXIS2_PLACEMENT_3D('',#9371,#9372,#9373);
#9371 = CARTESIAN_POINT('',(4.,-4.24,1.275));
#9372 = DIRECTION('',(-1.110223024625E-16,1.,0.));
#9373 = DIRECTION('',(-8.881784197001E-15,-9.860761315261E-31,1.));
#9374 = ORIENTED_EDGE('',*,*,#9375,.T.);
#9375 = EDGE_CURVE('',#9367,#9376,#9378,.T.);
#9376 = VERTEX_POINT('',#9377);
#9377 = CARTESIAN_POINT('',(4.276476480287,-4.24,0.2479055467));
#9378 = LINE('',#9379,#9380);
#9379 = CARTESIAN_POINT('',(4.098480775301,-4.24,1.292364817767));
#9380 = VECTOR('',#9381,1.);
#9381 = DIRECTION('',(0.167996923731,1.865140527917E-17,-0.985787519508)
  );
#9382 = ORIENTED_EDGE('',*,*,#9383,.T.);
#9383 = EDGE_CURVE('',#9376,#9384,#9386,.T.);
#9384 = VERTEX_POINT('',#9385);
#9385 = CARTESIAN_POINT('',(4.571918806191,-4.24,-2.22044604925E-16));
#9386 = CIRCLE('',#9387,0.3);
#9387 = AXIS2_PLACEMENT_3D('',#9388,#9389,#9390);
#9388 = CARTESIAN_POINT('',(4.571918806191,-4.24,0.3));
#9389 = DIRECTION('',(1.110223024625E-16,-1.,0.));
#9390 = DIRECTION('',(-0.984807753012,-1.093356242223E-16,
    -0.173648177667));
#9391 = ORIENTED_EDGE('',*,*,#9392,.T.);
#9392 = EDGE_CURVE('',#9384,#9393,#9395,.T.);
#9393 = VERTEX_POINT('',#9394);
#9394 = CARTESIAN_POINT('',(5.15,-4.24,-2.22044604925E-16));
#9395 = LINE('',#9396,#9397);
#9396 = CARTESIAN_POINT('',(4.571918806191,-4.24,-2.22044604925E-16));
#9397 = VECTOR('',#9398,1.);
#9398 = DIRECTION('',(1.,1.110223024625E-16,0.));
#9399 = ORIENTED_EDGE('',*,*,#9400,.T.);
#9400 = EDGE_CURVE('',#9393,#9401,#9403,.T.);
#9401 = VERTEX_POINT('',#9402);
#9402 = CARTESIAN_POINT('',(5.15,-4.24,0.2));
#9403 = LINE('',#9404,#9405);
#9404 = CARTESIAN_POINT('',(5.15,-4.24,-2.22044604925E-16));
#9405 = VECTOR('',#9406,1.);
#9406 = DIRECTION('',(0.,0.,1.));
#9407 = ORIENTED_EDGE('',*,*,#9408,.T.);
#9408 = EDGE_CURVE('',#9401,#9409,#9411,.T.);
#9409 = VERTEX_POINT('',#9410);
#9410 = CARTESIAN_POINT('',(4.571918806191,-4.24,0.2));
#9411 = LINE('',#9412,#9413);
#9412 = CARTESIAN_POINT('',(5.15,-4.24,0.2));
#9413 = VECTOR('',#9414,1.);
#9414 = DIRECTION('',(-1.,-1.110223024625E-16,0.));
#9415 = ORIENTED_EDGE('',*,*,#9416,.T.);
#9416 = EDGE_CURVE('',#9409,#9417,#9419,.T.);
#9417 = VERTEX_POINT('',#9418);
#9418 = CARTESIAN_POINT('',(4.47343803089,-4.24,0.282635182233));
#9419 = CIRCLE('',#9420,0.1);
#9420 = AXIS2_PLACEMENT_3D('',#9421,#9422,#9423);
#9421 = CARTESIAN_POINT('',(4.571918806191,-4.24,0.3));
#9422 = DIRECTION('',(-1.110223024625E-16,1.,0.));
#9423 = DIRECTION('',(8.881784197001E-15,9.860761315261E-31,-1.));
#9424 = ORIENTED_EDGE('',*,*,#9425,.T.);
#9425 = EDGE_CURVE('',#9417,#9426,#9428,.T.);
#9426 = VERTEX_POINT('',#9427);
#9427 = CARTESIAN_POINT('',(4.295442325904,-4.24,1.3270944533));
#9428 = LINE('',#9429,#9430);
#9429 = CARTESIAN_POINT('',(4.47343803089,-4.24,0.282635182233));
#9430 = VECTOR('',#9431,1.);
#9431 = DIRECTION('',(-0.167996923731,-1.865140527917E-17,0.985787519508
    ));
#9432 = ORIENTED_EDGE('',*,*,#9433,.T.);
#9433 = EDGE_CURVE('',#9426,#9434,#9436,.T.);
#9434 = VERTEX_POINT('',#9435);
#9435 = CARTESIAN_POINT('',(4.,-4.24,1.575));
#9436 = CIRCLE('',#9437,0.3);
#9437 = AXIS2_PLACEMENT_3D('',#9438,#9439,#9440);
#9438 = CARTESIAN_POINT('',(4.,-4.24,1.275));
#9439 = DIRECTION('',(1.110223024625E-16,-1.,0.));
#9440 = DIRECTION('',(0.984807753012,1.093356242223E-16,0.173648177667)
  );
#9441 = ORIENTED_EDGE('',*,*,#9442,.T.);
#9442 = EDGE_CURVE('',#9434,#3842,#9443,.T.);
#9443 = LINE('',#9444,#9445);
#9444 = CARTESIAN_POINT('',(4.,-4.24,1.575));
#9445 = VECTOR('',#9446,1.);
#9446 = DIRECTION('',(-1.,-1.110223024625E-16,0.));
#9447 = PLANE('',#9448);
#9448 = AXIS2_PLACEMENT_3D('',#9449,#9450,#9451);
#9449 = CARTESIAN_POINT('',(4.341787690374,-4.24,0.743634917138));
#9450 = DIRECTION('',(1.110223024625E-16,-1.,0.));
#9451 = DIRECTION('',(0.,0.,1.));
#9452 = ADVANCED_FACE('',(#9453),#9472,.F.);
#9453 = FACE_BOUND('',#9454,.F.);
#9454 = EDGE_LOOP('',(#9455,#9456,#9465,#9471));
#9455 = ORIENTED_EDGE('',*,*,#3880,.T.);
#9456 = ORIENTED_EDGE('',*,*,#9457,.T.);
#9457 = EDGE_CURVE('',#3873,#9458,#9460,.T.);
#9458 = VERTEX_POINT('',#9459);
#9459 = CARTESIAN_POINT('',(4.098480775301,-4.65,1.292364817767));
#9460 = CIRCLE('',#9461,0.1);
#9461 = AXIS2_PLACEMENT_3D('',#9462,#9463,#9464);
#9462 = CARTESIAN_POINT('',(4.,-4.65,1.275));
#9463 = DIRECTION('',(-1.110223024625E-16,1.,0.));
#9464 = DIRECTION('',(-8.881784197001E-15,-9.860761315261E-31,1.));
#9465 = ORIENTED_EDGE('',*,*,#9466,.F.);
#9466 = EDGE_CURVE('',#9367,#9458,#9467,.T.);
#9467 = LINE('',#9468,#9469);
#9468 = CARTESIAN_POINT('',(4.098480775301,-4.24,1.292364817767));
#9469 = VECTOR('',#9470,1.);
#9470 = DIRECTION('',(1.110223024625E-16,-1.,0.));
#9471 = ORIENTED_EDGE('',*,*,#9366,.F.);
#9472 = CYLINDRICAL_SURFACE('',#9473,0.1);
#9473 = AXIS2_PLACEMENT_3D('',#9474,#9475,#9476);
#9474 = CARTESIAN_POINT('',(4.,-4.24,1.275));
#9475 = DIRECTION('',(-1.110223024625E-16,1.,0.));
#9476 = DIRECTION('',(-8.881784197001E-15,-9.860761315261E-31,1.));
#9477 = ADVANCED_FACE('',(#9478),#9556,.T.);
#9478 = FACE_BOUND('',#9479,.T.);
#9479 = EDGE_LOOP('',(#9480,#9481,#9482,#9483,#9491,#9500,#9508,#9516,
    #9524,#9533,#9541,#9550));
#9480 = ORIENTED_EDGE('',*,*,#3894,.F.);
#9481 = ORIENTED_EDGE('',*,*,#3872,.T.);
#9482 = ORIENTED_EDGE('',*,*,#9457,.T.);
#9483 = ORIENTED_EDGE('',*,*,#9484,.T.);
#9484 = EDGE_CURVE('',#9458,#9485,#9487,.T.);
#9485 = VERTEX_POINT('',#9486);
#9486 = CARTESIAN_POINT('',(4.276476480287,-4.65,0.2479055467));
#9487 = LINE('',#9488,#9489);
#9488 = CARTESIAN_POINT('',(4.098480775301,-4.65,1.292364817767));
#9489 = VECTOR('',#9490,1.);
#9490 = DIRECTION('',(0.167996923731,1.865140527917E-17,-0.985787519508)
  );
#9491 = ORIENTED_EDGE('',*,*,#9492,.T.);
#9492 = EDGE_CURVE('',#9485,#9493,#9495,.T.);
#9493 = VERTEX_POINT('',#9494);
#9494 = CARTESIAN_POINT('',(4.571918806191,-4.65,-2.22044604925E-16));
#9495 = CIRCLE('',#9496,0.3);
#9496 = AXIS2_PLACEMENT_3D('',#9497,#9498,#9499);
#9497 = CARTESIAN_POINT('',(4.571918806191,-4.65,0.3));
#9498 = DIRECTION('',(1.110223024625E-16,-1.,0.));
#9499 = DIRECTION('',(-0.984807753012,-1.093356242223E-16,
    -0.173648177667));
#9500 = ORIENTED_EDGE('',*,*,#9501,.T.);
#9501 = EDGE_CURVE('',#9493,#9502,#9504,.T.);
#9502 = VERTEX_POINT('',#9503);
#9503 = CARTESIAN_POINT('',(5.15,-4.65,-2.22044604925E-16));
#9504 = LINE('',#9505,#9506);
#9505 = CARTESIAN_POINT('',(4.571918806191,-4.65,-2.22044604925E-16));
#9506 = VECTOR('',#9507,1.);
#9507 = DIRECTION('',(1.,1.110223024625E-16,0.));
#9508 = ORIENTED_EDGE('',*,*,#9509,.T.);
#9509 = EDGE_CURVE('',#9502,#9510,#9512,.T.);
#9510 = VERTEX_POINT('',#9511);
#9511 = CARTESIAN_POINT('',(5.15,-4.65,0.2));
#9512 = LINE('',#9513,#9514);
#9513 = CARTESIAN_POINT('',(5.15,-4.65,-2.22044604925E-16));
#9514 = VECTOR('',#9515,1.);
#9515 = DIRECTION('',(0.,0.,1.));
#9516 = ORIENTED_EDGE('',*,*,#9517,.T.);
#9517 = EDGE_CURVE('',#9510,#9518,#9520,.T.);
#9518 = VERTEX_POINT('',#9519);
#9519 = CARTESIAN_POINT('',(4.571918806191,-4.65,0.2));
#9520 = LINE('',#9521,#9522);
#9521 = CARTESIAN_POINT('',(5.15,-4.65,0.2));
#9522 = VECTOR('',#9523,1.);
#9523 = DIRECTION('',(-1.,-1.110223024625E-16,0.));
#9524 = ORIENTED_EDGE('',*,*,#9525,.T.);
#9525 = EDGE_CURVE('',#9518,#9526,#9528,.T.);
#9526 = VERTEX_POINT('',#9527);
#9527 = CARTESIAN_POINT('',(4.47343803089,-4.65,0.282635182233));
#9528 = CIRCLE('',#9529,0.1);
#9529 = AXIS2_PLACEMENT_3D('',#9530,#9531,#9532);
#9530 = CARTESIAN_POINT('',(4.571918806191,-4.65,0.3));
#9531 = DIRECTION('',(-1.110223024625E-16,1.,0.));
#9532 = DIRECTION('',(8.881784197001E-15,9.860761315261E-31,-1.));
#9533 = ORIENTED_EDGE('',*,*,#9534,.T.);
#9534 = EDGE_CURVE('',#9526,#9535,#9537,.T.);
#9535 = VERTEX_POINT('',#9536);
#9536 = CARTESIAN_POINT('',(4.295442325904,-4.65,1.3270944533));
#9537 = LINE('',#9538,#9539);
#9538 = CARTESIAN_POINT('',(4.47343803089,-4.65,0.282635182233));
#9539 = VECTOR('',#9540,1.);
#9540 = DIRECTION('',(-0.167996923731,-1.865140527917E-17,0.985787519508
    ));
#9541 = ORIENTED_EDGE('',*,*,#9542,.T.);
#9542 = EDGE_CURVE('',#9535,#9543,#9545,.T.);
#9543 = VERTEX_POINT('',#9544);
#9544 = CARTESIAN_POINT('',(4.,-4.65,1.575));
#9545 = CIRCLE('',#9546,0.3);
#9546 = AXIS2_PLACEMENT_3D('',#9547,#9548,#9549);
#9547 = CARTESIAN_POINT('',(4.,-4.65,1.275));
#9548 = DIRECTION('',(1.110223024625E-16,-1.,0.));
#9549 = DIRECTION('',(0.984807753012,1.093356242223E-16,0.173648177667)
  );
#9550 = ORIENTED_EDGE('',*,*,#9551,.T.);
#9551 = EDGE_CURVE('',#9543,#3895,#9552,.T.);
#9552 = LINE('',#9553,#9554);
#9553 = CARTESIAN_POINT('',(4.,-4.65,1.575));
#9554 = VECTOR('',#9555,1.);
#9555 = DIRECTION('',(-1.,-1.110223024625E-16,0.));
#9556 = PLANE('',#9557);
#9557 = AXIS2_PLACEMENT_3D('',#9558,#9559,#9560);
#9558 = CARTESIAN_POINT('',(4.341787690374,-4.65,0.743634917138));
#9559 = DIRECTION('',(1.110223024625E-16,-1.,0.));
#9560 = DIRECTION('',(0.,0.,1.));
#9561 = ADVANCED_FACE('',(#9562),#9578,.F.);
#9562 = FACE_BOUND('',#9563,.F.);
#9563 = EDGE_LOOP('',(#9564,#9570,#9571,#9577));
#9564 = ORIENTED_EDGE('',*,*,#9565,.F.);
#9565 = EDGE_CURVE('',#3895,#4585,#9566,.T.);
#9566 = LINE('',#9567,#9568);
#9567 = CARTESIAN_POINT('',(4.,-4.65,1.575));
#9568 = VECTOR('',#9569,1.);
#9569 = DIRECTION('',(-1.,-1.110223024625E-16,0.));
#9570 = ORIENTED_EDGE('',*,*,#3911,.T.);
#9571 = ORIENTED_EDGE('',*,*,#9572,.T.);
#9572 = EDGE_CURVE('',#3904,#4593,#9573,.T.);
#9573 = LINE('',#9574,#9575);
#9574 = CARTESIAN_POINT('',(4.,-5.51,1.575));
#9575 = VECTOR('',#9576,1.);
#9576 = DIRECTION('',(-1.,-1.110223024625E-16,0.));
#9577 = ORIENTED_EDGE('',*,*,#4592,.F.);
#9578 = PLANE('',#9579);
#9579 = AXIS2_PLACEMENT_3D('',#9580,#9581,#9582);
#9580 = CARTESIAN_POINT('',(-6.818810897008E-16,7.6625,1.575));
#9581 = DIRECTION('',(1.36606555458E-31,1.361853537021E-27,-1.));
#9582 = DIRECTION('',(1.,1.109316052857E-16,1.366065554582E-31));
#9583 = ADVANCED_FACE('',(#9584),#9670,.F.);
#9584 = FACE_BOUND('',#9585,.F.);
#9585 = EDGE_LOOP('',(#9586,#9587,#9588,#9597,#9605,#9614,#9622,#9630,
    #9638,#9647,#9655,#9664));
#9586 = ORIENTED_EDGE('',*,*,#3903,.F.);
#9587 = ORIENTED_EDGE('',*,*,#3925,.T.);
#9588 = ORIENTED_EDGE('',*,*,#9589,.T.);
#9589 = EDGE_CURVE('',#3926,#9590,#9592,.T.);
#9590 = VERTEX_POINT('',#9591);
#9591 = CARTESIAN_POINT('',(4.098480775301,-5.51,1.292364817767));
#9592 = CIRCLE('',#9593,0.1);
#9593 = AXIS2_PLACEMENT_3D('',#9594,#9595,#9596);
#9594 = CARTESIAN_POINT('',(4.,-5.51,1.275));
#9595 = DIRECTION('',(-1.110223024625E-16,1.,0.));
#9596 = DIRECTION('',(-8.881784197001E-15,-9.860761315261E-31,1.));
#9597 = ORIENTED_EDGE('',*,*,#9598,.T.);
#9598 = EDGE_CURVE('',#9590,#9599,#9601,.T.);
#9599 = VERTEX_POINT('',#9600);
#9600 = CARTESIAN_POINT('',(4.276476480287,-5.51,0.2479055467));
#9601 = LINE('',#9602,#9603);
#9602 = CARTESIAN_POINT('',(4.098480775301,-5.51,1.292364817767));
#9603 = VECTOR('',#9604,1.);
#9604 = DIRECTION('',(0.167996923731,1.865140527917E-17,-0.985787519508)
  );
#9605 = ORIENTED_EDGE('',*,*,#9606,.T.);
#9606 = EDGE_CURVE('',#9599,#9607,#9609,.T.);
#9607 = VERTEX_POINT('',#9608);
#9608 = CARTESIAN_POINT('',(4.571918806191,-5.51,-2.22044604925E-16));
#9609 = CIRCLE('',#9610,0.3);
#9610 = AXIS2_PLACEMENT_3D('',#9611,#9612,#9613);
#9611 = CARTESIAN_POINT('',(4.571918806191,-5.51,0.3));
#9612 = DIRECTION('',(1.110223024625E-16,-1.,0.));
#9613 = DIRECTION('',(-0.984807753012,-1.093356242223E-16,
    -0.173648177667));
#9614 = ORIENTED_EDGE('',*,*,#9615,.T.);
#9615 = EDGE_CURVE('',#9607,#9616,#9618,.T.);
#9616 = VERTEX_POINT('',#9617);
#9617 = CARTESIAN_POINT('',(5.15,-5.51,-2.22044604925E-16));
#9618 = LINE('',#9619,#9620);
#9619 = CARTESIAN_POINT('',(4.571918806191,-5.51,-2.22044604925E-16));
#9620 = VECTOR('',#9621,1.);
#9621 = DIRECTION('',(1.,1.110223024625E-16,0.));
#9622 = ORIENTED_EDGE('',*,*,#9623,.T.);
#9623 = EDGE_CURVE('',#9616,#9624,#9626,.T.);
#9624 = VERTEX_POINT('',#9625);
#9625 = CARTESIAN_POINT('',(5.15,-5.51,0.2));
#9626 = LINE('',#9627,#9628);
#9627 = CARTESIAN_POINT('',(5.15,-5.51,-2.22044604925E-16));
#9628 = VECTOR('',#9629,1.);
#9629 = DIRECTION('',(0.,0.,1.));
#9630 = ORIENTED_EDGE('',*,*,#9631,.T.);
#9631 = EDGE_CURVE('',#9624,#9632,#9634,.T.);
#9632 = VERTEX_POINT('',#9633);
#9633 = CARTESIAN_POINT('',(4.571918806191,-5.51,0.2));
#9634 = LINE('',#9635,#9636);
#9635 = CARTESIAN_POINT('',(5.15,-5.51,0.2));
#9636 = VECTOR('',#9637,1.);
#9637 = DIRECTION('',(-1.,-1.110223024625E-16,0.));
#9638 = ORIENTED_EDGE('',*,*,#9639,.T.);
#9639 = EDGE_CURVE('',#9632,#9640,#9642,.T.);
#9640 = VERTEX_POINT('',#9641);
#9641 = CARTESIAN_POINT('',(4.47343803089,-5.51,0.282635182233));
#9642 = CIRCLE('',#9643,0.1);
#9643 = AXIS2_PLACEMENT_3D('',#9644,#9645,#9646);
#9644 = CARTESIAN_POINT('',(4.571918806191,-5.51,0.3));
#9645 = DIRECTION('',(-1.110223024625E-16,1.,0.));
#9646 = DIRECTION('',(8.881784197001E-15,9.860761315261E-31,-1.));
#9647 = ORIENTED_EDGE('',*,*,#9648,.T.);
#9648 = EDGE_CURVE('',#9640,#9649,#9651,.T.);
#9649 = VERTEX_POINT('',#9650);
#9650 = CARTESIAN_POINT('',(4.295442325904,-5.51,1.3270944533));
#9651 = LINE('',#9652,#9653);
#9652 = CARTESIAN_POINT('',(4.47343803089,-5.51,0.282635182233));
#9653 = VECTOR('',#9654,1.);
#9654 = DIRECTION('',(-0.167996923731,-1.865140527917E-17,0.985787519508
    ));
#9655 = ORIENTED_EDGE('',*,*,#9656,.T.);
#9656 = EDGE_CURVE('',#9649,#9657,#9659,.T.);
#9657 = VERTEX_POINT('',#9658);
#9658 = CARTESIAN_POINT('',(4.,-5.51,1.575));
#9659 = CIRCLE('',#9660,0.3);
#9660 = AXIS2_PLACEMENT_3D('',#9661,#9662,#9663);
#9661 = CARTESIAN_POINT('',(4.,-5.51,1.275));
#9662 = DIRECTION('',(1.110223024625E-16,-1.,0.));
#9663 = DIRECTION('',(0.984807753012,1.093356242223E-16,0.173648177667)
  );
#9664 = ORIENTED_EDGE('',*,*,#9665,.T.);
#9665 = EDGE_CURVE('',#9657,#3904,#9666,.T.);
#9666 = LINE('',#9667,#9668);
#9667 = CARTESIAN_POINT('',(4.,-5.51,1.575));
#9668 = VECTOR('',#9669,1.);
#9669 = DIRECTION('',(-1.,-1.110223024625E-16,0.));
#9670 = PLANE('',#9671);
#9671 = AXIS2_PLACEMENT_3D('',#9672,#9673,#9674);
#9672 = CARTESIAN_POINT('',(4.341787690374,-5.51,0.743634917138));
#9673 = DIRECTION('',(1.110223024625E-16,-1.,0.));
#9674 = DIRECTION('',(0.,0.,1.));
#9675 = ADVANCED_FACE('',(#9676),#9695,.F.);
#9676 = FACE_BOUND('',#9677,.F.);
#9677 = EDGE_LOOP('',(#9678,#9679,#9688,#9694));
#9678 = ORIENTED_EDGE('',*,*,#3942,.T.);
#9679 = ORIENTED_EDGE('',*,*,#9680,.T.);
#9680 = EDGE_CURVE('',#3935,#9681,#9683,.T.);
#9681 = VERTEX_POINT('',#9682);
#9682 = CARTESIAN_POINT('',(4.098480775301,-5.92,1.292364817767));
#9683 = CIRCLE('',#9684,0.1);
#9684 = AXIS2_PLACEMENT_3D('',#9685,#9686,#9687);
#9685 = CARTESIAN_POINT('',(4.,-5.92,1.275));
#9686 = DIRECTION('',(-1.110223024625E-16,1.,0.));
#9687 = DIRECTION('',(-8.881784197001E-15,-9.860761315261E-31,1.));
#9688 = ORIENTED_EDGE('',*,*,#9689,.F.);
#9689 = EDGE_CURVE('',#9590,#9681,#9690,.T.);
#9690 = LINE('',#9691,#9692);
#9691 = CARTESIAN_POINT('',(4.098480775301,-5.51,1.292364817767));
#9692 = VECTOR('',#9693,1.);
#9693 = DIRECTION('',(1.110223024625E-16,-1.,0.));
#9694 = ORIENTED_EDGE('',*,*,#9589,.F.);
#9695 = CYLINDRICAL_SURFACE('',#9696,0.1);
#9696 = AXIS2_PLACEMENT_3D('',#9697,#9698,#9699);
#9697 = CARTESIAN_POINT('',(4.,-5.51,1.275));
#9698 = DIRECTION('',(-1.110223024625E-16,1.,0.));
#9699 = DIRECTION('',(-8.881784197001E-15,-9.860761315261E-31,1.));
#9700 = ADVANCED_FACE('',(#9701),#9779,.T.);
#9701 = FACE_BOUND('',#9702,.T.);
#9702 = EDGE_LOOP('',(#9703,#9704,#9705,#9706,#9714,#9723,#9731,#9739,
    #9747,#9756,#9764,#9773));
#9703 = ORIENTED_EDGE('',*,*,#3956,.F.);
#9704 = ORIENTED_EDGE('',*,*,#3934,.T.);
#9705 = ORIENTED_EDGE('',*,*,#9680,.T.);
#9706 = ORIENTED_EDGE('',*,*,#9707,.T.);
#9707 = EDGE_CURVE('',#9681,#9708,#9710,.T.);
#9708 = VERTEX_POINT('',#9709);
#9709 = CARTESIAN_POINT('',(4.276476480287,-5.92,0.2479055467));
#9710 = LINE('',#9711,#9712);
#9711 = CARTESIAN_POINT('',(4.098480775301,-5.92,1.292364817767));
#9712 = VECTOR('',#9713,1.);
#9713 = DIRECTION('',(0.167996923731,1.865140527917E-17,-0.985787519508)
  );
#9714 = ORIENTED_EDGE('',*,*,#9715,.T.);
#9715 = EDGE_CURVE('',#9708,#9716,#9718,.T.);
#9716 = VERTEX_POINT('',#9717);
#9717 = CARTESIAN_POINT('',(4.571918806191,-5.92,-2.22044604925E-16));
#9718 = CIRCLE('',#9719,0.3);
#9719 = AXIS2_PLACEMENT_3D('',#9720,#9721,#9722);
#9720 = CARTESIAN_POINT('',(4.571918806191,-5.92,0.3));
#9721 = DIRECTION('',(1.110223024625E-16,-1.,0.));
#9722 = DIRECTION('',(-0.984807753012,-1.093356242223E-16,
    -0.173648177667));
#9723 = ORIENTED_EDGE('',*,*,#9724,.T.);
#9724 = EDGE_CURVE('',#9716,#9725,#9727,.T.);
#9725 = VERTEX_POINT('',#9726);
#9726 = CARTESIAN_POINT('',(5.15,-5.92,-2.22044604925E-16));
#9727 = LINE('',#9728,#9729);
#9728 = CARTESIAN_POINT('',(4.571918806191,-5.92,-2.22044604925E-16));
#9729 = VECTOR('',#9730,1.);
#9730 = DIRECTION('',(1.,1.110223024625E-16,0.));
#9731 = ORIENTED_EDGE('',*,*,#9732,.T.);
#9732 = EDGE_CURVE('',#9725,#9733,#9735,.T.);
#9733 = VERTEX_POINT('',#9734);
#9734 = CARTESIAN_POINT('',(5.15,-5.92,0.2));
#9735 = LINE('',#9736,#9737);
#9736 = CARTESIAN_POINT('',(5.15,-5.92,-2.22044604925E-16));
#9737 = VECTOR('',#9738,1.);
#9738 = DIRECTION('',(0.,0.,1.));
#9739 = ORIENTED_EDGE('',*,*,#9740,.T.);
#9740 = EDGE_CURVE('',#9733,#9741,#9743,.T.);
#9741 = VERTEX_POINT('',#9742);
#9742 = CARTESIAN_POINT('',(4.571918806191,-5.92,0.2));
#9743 = LINE('',#9744,#9745);
#9744 = CARTESIAN_POINT('',(5.15,-5.92,0.2));
#9745 = VECTOR('',#9746,1.);
#9746 = DIRECTION('',(-1.,-1.110223024625E-16,0.));
#9747 = ORIENTED_EDGE('',*,*,#9748,.T.);
#9748 = EDGE_CURVE('',#9741,#9749,#9751,.T.);
#9749 = VERTEX_POINT('',#9750);
#9750 = CARTESIAN_POINT('',(4.47343803089,-5.92,0.282635182233));
#9751 = CIRCLE('',#9752,0.1);
#9752 = AXIS2_PLACEMENT_3D('',#9753,#9754,#9755);
#9753 = CARTESIAN_POINT('',(4.571918806191,-5.92,0.3));
#9754 = DIRECTION('',(-1.110223024625E-16,1.,0.));
#9755 = DIRECTION('',(8.881784197001E-15,9.860761315261E-31,-1.));
#9756 = ORIENTED_EDGE('',*,*,#9757,.T.);
#9757 = EDGE_CURVE('',#9749,#9758,#9760,.T.);
#9758 = VERTEX_POINT('',#9759);
#9759 = CARTESIAN_POINT('',(4.295442325904,-5.92,1.3270944533));
#9760 = LINE('',#9761,#9762);
#9761 = CARTESIAN_POINT('',(4.47343803089,-5.92,0.282635182233));
#9762 = VECTOR('',#9763,1.);
#9763 = DIRECTION('',(-0.167996923731,-1.865140527917E-17,0.985787519508
    ));
#9764 = ORIENTED_EDGE('',*,*,#9765,.T.);
#9765 = EDGE_CURVE('',#9758,#9766,#9768,.T.);
#9766 = VERTEX_POINT('',#9767);
#9767 = CARTESIAN_POINT('',(4.,-5.92,1.575));
#9768 = CIRCLE('',#9769,0.3);
#9769 = AXIS2_PLACEMENT_3D('',#9770,#9771,#9772);
#9770 = CARTESIAN_POINT('',(4.,-5.92,1.275));
#9771 = DIRECTION('',(1.110223024625E-16,-1.,0.));
#9772 = DIRECTION('',(0.984807753012,1.093356242223E-16,0.173648177667)
  );
#9773 = ORIENTED_EDGE('',*,*,#9774,.T.);
#9774 = EDGE_CURVE('',#9766,#3957,#9775,.T.);
#9775 = LINE('',#9776,#9777);
#9776 = CARTESIAN_POINT('',(4.,-5.92,1.575));
#9777 = VECTOR('',#9778,1.);
#9778 = DIRECTION('',(-1.,-1.110223024625E-16,0.));
#9779 = PLANE('',#9780);
#9780 = AXIS2_PLACEMENT_3D('',#9781,#9782,#9783);
#9781 = CARTESIAN_POINT('',(4.341787690374,-5.92,0.743634917138));
#9782 = DIRECTION('',(1.110223024625E-16,-1.,0.));
#9783 = DIRECTION('',(0.,0.,1.));
#9784 = ADVANCED_FACE('',(#9785),#9801,.F.);
#9785 = FACE_BOUND('',#9786,.F.);
#9786 = EDGE_LOOP('',(#9787,#9793,#9794,#9800));
#9787 = ORIENTED_EDGE('',*,*,#9788,.F.);
#9788 = EDGE_CURVE('',#3957,#4601,#9789,.T.);
#9789 = LINE('',#9790,#9791);
#9790 = CARTESIAN_POINT('',(4.,-5.92,1.575));
#9791 = VECTOR('',#9792,1.);
#9792 = DIRECTION('',(-1.,-1.110223024625E-16,0.));
#9793 = ORIENTED_EDGE('',*,*,#3973,.T.);
#9794 = ORIENTED_EDGE('',*,*,#9795,.T.);
#9795 = EDGE_CURVE('',#3966,#4609,#9796,.T.);
#9796 = LINE('',#9797,#9798);
#9797 = CARTESIAN_POINT('',(4.,-6.78,1.575));
#9798 = VECTOR('',#9799,1.);
#9799 = DIRECTION('',(-1.,-1.110223024625E-16,0.));
#9800 = ORIENTED_EDGE('',*,*,#4608,.F.);
#9801 = PLANE('',#9802);
#9802 = AXIS2_PLACEMENT_3D('',#9803,#9804,#9805);
#9803 = CARTESIAN_POINT('',(-6.818810897008E-16,7.6625,1.575));
#9804 = DIRECTION('',(1.36606555458E-31,1.361853537021E-27,-1.));
#9805 = DIRECTION('',(1.,1.109316052857E-16,1.366065554582E-31));
#9806 = ADVANCED_FACE('',(#9807),#9893,.F.);
#9807 = FACE_BOUND('',#9808,.F.);
#9808 = EDGE_LOOP('',(#9809,#9810,#9811,#9820,#9828,#9837,#9845,#9853,
    #9861,#9870,#9878,#9887));
#9809 = ORIENTED_EDGE('',*,*,#3965,.F.);
#9810 = ORIENTED_EDGE('',*,*,#3987,.T.);
#9811 = ORIENTED_EDGE('',*,*,#9812,.T.);
#9812 = EDGE_CURVE('',#3988,#9813,#9815,.T.);
#9813 = VERTEX_POINT('',#9814);
#9814 = CARTESIAN_POINT('',(4.098480775301,-6.78,1.292364817767));
#9815 = CIRCLE('',#9816,0.1);
#9816 = AXIS2_PLACEMENT_3D('',#9817,#9818,#9819);
#9817 = CARTESIAN_POINT('',(4.,-6.78,1.275));
#9818 = DIRECTION('',(-1.110223024625E-16,1.,0.));
#9819 = DIRECTION('',(-8.881784197001E-15,-9.860761315261E-31,1.));
#9820 = ORIENTED_EDGE('',*,*,#9821,.T.);
#9821 = EDGE_CURVE('',#9813,#9822,#9824,.T.);
#9822 = VERTEX_POINT('',#9823);
#9823 = CARTESIAN_POINT('',(4.276476480287,-6.78,0.2479055467));
#9824 = LINE('',#9825,#9826);
#9825 = CARTESIAN_POINT('',(4.098480775301,-6.78,1.292364817767));
#9826 = VECTOR('',#9827,1.);
#9827 = DIRECTION('',(0.167996923731,1.865140527917E-17,-0.985787519508)
  );
#9828 = ORIENTED_EDGE('',*,*,#9829,.T.);
#9829 = EDGE_CURVE('',#9822,#9830,#9832,.T.);
#9830 = VERTEX_POINT('',#9831);
#9831 = CARTESIAN_POINT('',(4.571918806191,-6.78,-2.22044604925E-16));
#9832 = CIRCLE('',#9833,0.3);
#9833 = AXIS2_PLACEMENT_3D('',#9834,#9835,#9836);
#9834 = CARTESIAN_POINT('',(4.571918806191,-6.78,0.3));
#9835 = DIRECTION('',(1.110223024625E-16,-1.,0.));
#9836 = DIRECTION('',(-0.984807753012,-1.093356242223E-16,
    -0.173648177667));
#9837 = ORIENTED_EDGE('',*,*,#9838,.T.);
#9838 = EDGE_CURVE('',#9830,#9839,#9841,.T.);
#9839 = VERTEX_POINT('',#9840);
#9840 = CARTESIAN_POINT('',(5.15,-6.78,-2.22044604925E-16));
#9841 = LINE('',#9842,#9843);
#9842 = CARTESIAN_POINT('',(4.571918806191,-6.78,-2.22044604925E-16));
#9843 = VECTOR('',#9844,1.);
#9844 = DIRECTION('',(1.,1.110223024625E-16,0.));
#9845 = ORIENTED_EDGE('',*,*,#9846,.T.);
#9846 = EDGE_CURVE('',#9839,#9847,#9849,.T.);
#9847 = VERTEX_POINT('',#9848);
#9848 = CARTESIAN_POINT('',(5.15,-6.78,0.2));
#9849 = LINE('',#9850,#9851);
#9850 = CARTESIAN_POINT('',(5.15,-6.78,-2.22044604925E-16));
#9851 = VECTOR('',#9852,1.);
#9852 = DIRECTION('',(0.,0.,1.));
#9853 = ORIENTED_EDGE('',*,*,#9854,.T.);
#9854 = EDGE_CURVE('',#9847,#9855,#9857,.T.);
#9855 = VERTEX_POINT('',#9856);
#9856 = CARTESIAN_POINT('',(4.571918806191,-6.78,0.2));
#9857 = LINE('',#9858,#9859);
#9858 = CARTESIAN_POINT('',(5.15,-6.78,0.2));
#9859 = VECTOR('',#9860,1.);
#9860 = DIRECTION('',(-1.,-1.110223024625E-16,0.));
#9861 = ORIENTED_EDGE('',*,*,#9862,.T.);
#9862 = EDGE_CURVE('',#9855,#9863,#9865,.T.);
#9863 = VERTEX_POINT('',#9864);
#9864 = CARTESIAN_POINT('',(4.47343803089,-6.78,0.282635182233));
#9865 = CIRCLE('',#9866,0.1);
#9866 = AXIS2_PLACEMENT_3D('',#9867,#9868,#9869);
#9867 = CARTESIAN_POINT('',(4.571918806191,-6.78,0.3));
#9868 = DIRECTION('',(-1.110223024625E-16,1.,0.));
#9869 = DIRECTION('',(8.881784197001E-15,9.860761315261E-31,-1.));
#9870 = ORIENTED_EDGE('',*,*,#9871,.T.);
#9871 = EDGE_CURVE('',#9863,#9872,#9874,.T.);
#9872 = VERTEX_POINT('',#9873);
#9873 = CARTESIAN_POINT('',(4.295442325904,-6.78,1.3270944533));
#9874 = LINE('',#9875,#9876);
#9875 = CARTESIAN_POINT('',(4.47343803089,-6.78,0.282635182233));
#9876 = VECTOR('',#9877,1.);
#9877 = DIRECTION('',(-0.167996923731,-1.865140527917E-17,0.985787519508
    ));
#9878 = ORIENTED_EDGE('',*,*,#9879,.T.);
#9879 = EDGE_CURVE('',#9872,#9880,#9882,.T.);
#9880 = VERTEX_POINT('',#9881);
#9881 = CARTESIAN_POINT('',(4.,-6.78,1.575));
#9882 = CIRCLE('',#9883,0.3);
#9883 = AXIS2_PLACEMENT_3D('',#9884,#9885,#9886);
#9884 = CARTESIAN_POINT('',(4.,-6.78,1.275));
#9885 = DIRECTION('',(1.110223024625E-16,-1.,0.));
#9886 = DIRECTION('',(0.984807753012,1.093356242223E-16,0.173648177667)
  );
#9887 = ORIENTED_EDGE('',*,*,#9888,.T.);
#9888 = EDGE_CURVE('',#9880,#3966,#9889,.T.);
#9889 = LINE('',#9890,#9891);
#9890 = CARTESIAN_POINT('',(4.,-6.78,1.575));
#9891 = VECTOR('',#9892,1.);
#9892 = DIRECTION('',(-1.,-1.110223024625E-16,0.));
#9893 = PLANE('',#9894);
#9894 = AXIS2_PLACEMENT_3D('',#9895,#9896,#9897);
#9895 = CARTESIAN_POINT('',(4.341787690374,-6.78,0.743634917138));
#9896 = DIRECTION('',(1.110223024625E-16,-1.,0.));
#9897 = DIRECTION('',(0.,0.,1.));
#9898 = ADVANCED_FACE('',(#9899),#9918,.F.);
#9899 = FACE_BOUND('',#9900,.F.);
#9900 = EDGE_LOOP('',(#9901,#9902,#9911,#9917));
#9901 = ORIENTED_EDGE('',*,*,#4004,.T.);
#9902 = ORIENTED_EDGE('',*,*,#9903,.T.);
#9903 = EDGE_CURVE('',#3997,#9904,#9906,.T.);
#9904 = VERTEX_POINT('',#9905);
#9905 = CARTESIAN_POINT('',(4.098480775301,-7.19,1.292364817767));
#9906 = CIRCLE('',#9907,0.1);
#9907 = AXIS2_PLACEMENT_3D('',#9908,#9909,#9910);
#9908 = CARTESIAN_POINT('',(4.,-7.19,1.275));
#9909 = DIRECTION('',(-1.110223024625E-16,1.,0.));
#9910 = DIRECTION('',(-8.881784197001E-15,-9.860761315261E-31,1.));
#9911 = ORIENTED_EDGE('',*,*,#9912,.F.);
#9912 = EDGE_CURVE('',#9813,#9904,#9913,.T.);
#9913 = LINE('',#9914,#9915);
#9914 = CARTESIAN_POINT('',(4.098480775301,-6.78,1.292364817767));
#9915 = VECTOR('',#9916,1.);
#9916 = DIRECTION('',(1.110223024625E-16,-1.,0.));
#9917 = ORIENTED_EDGE('',*,*,#9812,.F.);
#9918 = CYLINDRICAL_SURFACE('',#9919,0.1);
#9919 = AXIS2_PLACEMENT_3D('',#9920,#9921,#9922);
#9920 = CARTESIAN_POINT('',(4.,-6.78,1.275));
#9921 = DIRECTION('',(-1.110223024625E-16,1.,0.));
#9922 = DIRECTION('',(-8.881784197001E-15,-9.860761315261E-31,1.));
#9923 = ADVANCED_FACE('',(#9924),#10002,.T.);
#9924 = FACE_BOUND('',#9925,.T.);
#9925 = EDGE_LOOP('',(#9926,#9927,#9928,#9929,#9937,#9946,#9954,#9962,
    #9970,#9979,#9987,#9996));
#9926 = ORIENTED_EDGE('',*,*,#4018,.F.);
#9927 = ORIENTED_EDGE('',*,*,#3996,.T.);
#9928 = ORIENTED_EDGE('',*,*,#9903,.T.);
#9929 = ORIENTED_EDGE('',*,*,#9930,.T.);
#9930 = EDGE_CURVE('',#9904,#9931,#9933,.T.);
#9931 = VERTEX_POINT('',#9932);
#9932 = CARTESIAN_POINT('',(4.276476480287,-7.19,0.2479055467));
#9933 = LINE('',#9934,#9935);
#9934 = CARTESIAN_POINT('',(4.098480775301,-7.19,1.292364817767));
#9935 = VECTOR('',#9936,1.);
#9936 = DIRECTION('',(0.167996923731,1.865140527917E-17,-0.985787519508)
  );
#9937 = ORIENTED_EDGE('',*,*,#9938,.T.);
#9938 = EDGE_CURVE('',#9931,#9939,#9941,.T.);
#9939 = VERTEX_POINT('',#9940);
#9940 = CARTESIAN_POINT('',(4.571918806191,-7.19,-2.22044604925E-16));
#9941 = CIRCLE('',#9942,0.3);
#9942 = AXIS2_PLACEMENT_3D('',#9943,#9944,#9945);
#9943 = CARTESIAN_POINT('',(4.571918806191,-7.19,0.3));
#9944 = DIRECTION('',(1.110223024625E-16,-1.,0.));
#9945 = DIRECTION('',(-0.984807753012,-1.093356242223E-16,
    -0.173648177667));
#9946 = ORIENTED_EDGE('',*,*,#9947,.T.);
#9947 = EDGE_CURVE('',#9939,#9948,#9950,.T.);
#9948 = VERTEX_POINT('',#9949);
#9949 = CARTESIAN_POINT('',(5.15,-7.19,-2.22044604925E-16));
#9950 = LINE('',#9951,#9952);
#9951 = CARTESIAN_POINT('',(4.571918806191,-7.19,-2.22044604925E-16));
#9952 = VECTOR('',#9953,1.);
#9953 = DIRECTION('',(1.,1.110223024625E-16,0.));
#9954 = ORIENTED_EDGE('',*,*,#9955,.T.);
#9955 = EDGE_CURVE('',#9948,#9956,#9958,.T.);
#9956 = VERTEX_POINT('',#9957);
#9957 = CARTESIAN_POINT('',(5.15,-7.19,0.2));
#9958 = LINE('',#9959,#9960);
#9959 = CARTESIAN_POINT('',(5.15,-7.19,-2.22044604925E-16));
#9960 = VECTOR('',#9961,1.);
#9961 = DIRECTION('',(0.,0.,1.));
#9962 = ORIENTED_EDGE('',*,*,#9963,.T.);
#9963 = EDGE_CURVE('',#9956,#9964,#9966,.T.);
#9964 = VERTEX_POINT('',#9965);
#9965 = CARTESIAN_POINT('',(4.571918806191,-7.19,0.2));
#9966 = LINE('',#9967,#9968);
#9967 = CARTESIAN_POINT('',(5.15,-7.19,0.2));
#9968 = VECTOR('',#9969,1.);
#9969 = DIRECTION('',(-1.,-1.110223024625E-16,0.));
#9970 = ORIENTED_EDGE('',*,*,#9971,.T.);
#9971 = EDGE_CURVE('',#9964,#9972,#9974,.T.);
#9972 = VERTEX_POINT('',#9973);
#9973 = CARTESIAN_POINT('',(4.47343803089,-7.19,0.282635182233));
#9974 = CIRCLE('',#9975,0.1);
#9975 = AXIS2_PLACEMENT_3D('',#9976,#9977,#9978);
#9976 = CARTESIAN_POINT('',(4.571918806191,-7.19,0.3));
#9977 = DIRECTION('',(-1.110223024625E-16,1.,0.));
#9978 = DIRECTION('',(8.881784197001E-15,9.860761315261E-31,-1.));
#9979 = ORIENTED_EDGE('',*,*,#9980,.T.);
#9980 = EDGE_CURVE('',#9972,#9981,#9983,.T.);
#9981 = VERTEX_POINT('',#9982);
#9982 = CARTESIAN_POINT('',(4.295442325904,-7.19,1.3270944533));
#9983 = LINE('',#9984,#9985);
#9984 = CARTESIAN_POINT('',(4.47343803089,-7.19,0.282635182233));
#9985 = VECTOR('',#9986,1.);
#9986 = DIRECTION('',(-0.167996923731,-1.865140527917E-17,0.985787519508
    ));
#9987 = ORIENTED_EDGE('',*,*,#9988,.T.);
#9988 = EDGE_CURVE('',#9981,#9989,#9991,.T.);
#9989 = VERTEX_POINT('',#9990);
#9990 = CARTESIAN_POINT('',(4.,-7.19,1.575));
#9991 = CIRCLE('',#9992,0.3);
#9992 = AXIS2_PLACEMENT_3D('',#9993,#9994,#9995);
#9993 = CARTESIAN_POINT('',(4.,-7.19,1.275));
#9994 = DIRECTION('',(1.110223024625E-16,-1.,0.));
#9995 = DIRECTION('',(0.984807753012,1.093356242223E-16,0.173648177667)
  );
#9996 = ORIENTED_EDGE('',*,*,#9997,.T.);
#9997 = EDGE_CURVE('',#9989,#4019,#9998,.T.);
#9998 = LINE('',#9999,#10000);
#9999 = CARTESIAN_POINT('',(4.,-7.19,1.575));
#10000 = VECTOR('',#10001,1.);
#10001 = DIRECTION('',(-1.,-1.110223024625E-16,0.));
#10002 = PLANE('',#10003);
#10003 = AXIS2_PLACEMENT_3D('',#10004,#10005,#10006);
#10004 = CARTESIAN_POINT('',(4.341787690374,-7.19,0.743634917138));
#10005 = DIRECTION('',(1.110223024625E-16,-1.,0.));
#10006 = DIRECTION('',(0.,0.,1.));
#10007 = ADVANCED_FACE('',(#10008),#10019,.T.);
#10008 = FACE_BOUND('',#10009,.T.);
#10009 = EDGE_LOOP('',(#10010,#10011,#10012,#10013));
#10010 = ORIENTED_EDGE('',*,*,#7258,.T.);
#10011 = ORIENTED_EDGE('',*,*,#4119,.T.);
#10012 = ORIENTED_EDGE('',*,*,#7360,.F.);
#10013 = ORIENTED_EDGE('',*,*,#10014,.F.);
#10014 = EDGE_CURVE('',#7251,#7353,#10015,.T.);
#10015 = LINE('',#10016,#10017);
#10016 = CARTESIAN_POINT('',(-4.295442325904,6.78,1.3270944533));
#10017 = VECTOR('',#10018,1.);
#10018 = DIRECTION('',(1.144237745222E-17,1.,0.));
#10019 = CYLINDRICAL_SURFACE('',#10020,0.3);
#10020 = AXIS2_PLACEMENT_3D('',#10021,#10022,#10023);
#10021 = CARTESIAN_POINT('',(-4.,6.78,1.275));
#10022 = DIRECTION('',(-1.144237745222E-17,-1.,0.));
#10023 = DIRECTION('',(-0.984807753012,1.126854202784E-17,0.173648177667
    ));
#10024 = ADVANCED_FACE('',(#10025),#10038,.F.);
#10025 = FACE_BOUND('',#10026,.F.);
#10026 = EDGE_LOOP('',(#10027,#10028,#10034,#10035,#10036,#10037));
#10027 = ORIENTED_EDGE('',*,*,#4819,.F.);
#10028 = ORIENTED_EDGE('',*,*,#10029,.T.);
#10029 = EDGE_CURVE('',#4811,#4920,#10030,.T.);
#10030 = LINE('',#10031,#10032);
#10031 = CARTESIAN_POINT('',(-4.,-7.19,1.575));
#10032 = VECTOR('',#10033,1.);
#10033 = DIRECTION('',(1.144237745222E-17,1.,0.));
#10034 = ORIENTED_EDGE('',*,*,#4928,.T.);
#10035 = ORIENTED_EDGE('',*,*,#4950,.T.);
#10036 = ORIENTED_EDGE('',*,*,#4166,.F.);
#10037 = ORIENTED_EDGE('',*,*,#4693,.F.);
#10038 = PLANE('',#10039);
#10039 = AXIS2_PLACEMENT_3D('',#10040,#10041,#10042);
#10040 = CARTESIAN_POINT('',(-4.,-7.19,1.575));
#10041 = DIRECTION('',(0.,0.,-1.));
#10042 = DIRECTION('',(1.,-1.144237745222E-17,0.));
#10043 = ADVANCED_FACE('',(#10044),#10057,.F.);
#10044 = FACE_BOUND('',#10045,.F.);
#10045 = EDGE_LOOP('',(#10046,#10047,#10053,#10054,#10055,#10056));
#10046 = ORIENTED_EDGE('',*,*,#5042,.F.);
#10047 = ORIENTED_EDGE('',*,*,#10048,.T.);
#10048 = EDGE_CURVE('',#5034,#5143,#10049,.T.);
#10049 = LINE('',#10050,#10051);
#10050 = CARTESIAN_POINT('',(-4.,-5.92,1.575));
#10051 = VECTOR('',#10052,1.);
#10052 = DIRECTION('',(1.144237745222E-17,1.,0.));
#10053 = ORIENTED_EDGE('',*,*,#5151,.T.);
#10054 = ORIENTED_EDGE('',*,*,#5173,.T.);
#10055 = ORIENTED_EDGE('',*,*,#4182,.F.);
#10056 = ORIENTED_EDGE('',*,*,#4943,.F.);
#10057 = PLANE('',#10058);
#10058 = AXIS2_PLACEMENT_3D('',#10059,#10060,#10061);
#10059 = CARTESIAN_POINT('',(-4.,-5.92,1.575));
#10060 = DIRECTION('',(0.,0.,-1.));
#10061 = DIRECTION('',(1.,-1.144237745222E-17,0.));
#10062 = ADVANCED_FACE('',(#10063),#10076,.F.);
#10063 = FACE_BOUND('',#10064,.F.);
#10064 = EDGE_LOOP('',(#10065,#10066,#10072,#10073,#10074,#10075));
#10065 = ORIENTED_EDGE('',*,*,#5265,.F.);
#10066 = ORIENTED_EDGE('',*,*,#10067,.T.);
#10067 = EDGE_CURVE('',#5257,#5366,#10068,.T.);
#10068 = LINE('',#10069,#10070);
#10069 = CARTESIAN_POINT('',(-4.,-4.65,1.575));
#10070 = VECTOR('',#10071,1.);
#10071 = DIRECTION('',(1.144237745222E-17,1.,0.));
#10072 = ORIENTED_EDGE('',*,*,#5374,.T.);
#10073 = ORIENTED_EDGE('',*,*,#5396,.T.);
#10074 = ORIENTED_EDGE('',*,*,#4198,.F.);
#10075 = ORIENTED_EDGE('',*,*,#5166,.F.);
#10076 = PLANE('',#10077);
#10077 = AXIS2_PLACEMENT_3D('',#10078,#10079,#10080);
#10078 = CARTESIAN_POINT('',(-4.,-4.65,1.575));
#10079 = DIRECTION('',(0.,0.,-1.));
#10080 = DIRECTION('',(1.,-1.144237745222E-17,0.));
#10081 = ADVANCED_FACE('',(#10082),#10095,.F.);
#10082 = FACE_BOUND('',#10083,.F.);
#10083 = EDGE_LOOP('',(#10084,#10085,#10091,#10092,#10093,#10094));
#10084 = ORIENTED_EDGE('',*,*,#5488,.F.);
#10085 = ORIENTED_EDGE('',*,*,#10086,.T.);
#10086 = EDGE_CURVE('',#5480,#5589,#10087,.T.);
#10087 = LINE('',#10088,#10089);
#10088 = CARTESIAN_POINT('',(-4.,-3.38,1.575));
#10089 = VECTOR('',#10090,1.);
#10090 = DIRECTION('',(1.144237745222E-17,1.,0.));
#10091 = ORIENTED_EDGE('',*,*,#5597,.T.);
#10092 = ORIENTED_EDGE('',*,*,#5619,.T.);
#10093 = ORIENTED_EDGE('',*,*,#4214,.F.);
#10094 = ORIENTED_EDGE('',*,*,#5389,.F.);
#10095 = PLANE('',#10096);
#10096 = AXIS2_PLACEMENT_3D('',#10097,#10098,#10099);
#10097 = CARTESIAN_POINT('',(-4.,-3.38,1.575));
#10098 = DIRECTION('',(0.,0.,-1.));
#10099 = DIRECTION('',(1.,-1.144237745222E-17,0.));
#10100 = ADVANCED_FACE('',(#10101),#10114,.F.);
#10101 = FACE_BOUND('',#10102,.F.);
#10102 = EDGE_LOOP('',(#10103,#10104,#10110,#10111,#10112,#10113));
#10103 = ORIENTED_EDGE('',*,*,#5711,.F.);
#10104 = ORIENTED_EDGE('',*,*,#10105,.T.);
#10105 = EDGE_CURVE('',#5703,#5812,#10106,.T.);
#10106 = LINE('',#10107,#10108);
#10107 = CARTESIAN_POINT('',(-4.,-2.11,1.575));
#10108 = VECTOR('',#10109,1.);
#10109 = DIRECTION('',(1.144237745222E-17,1.,0.));
#10110 = ORIENTED_EDGE('',*,*,#5820,.T.);
#10111 = ORIENTED_EDGE('',*,*,#5842,.T.);
#10112 = ORIENTED_EDGE('',*,*,#4230,.F.);
#10113 = ORIENTED_EDGE('',*,*,#5612,.F.);
#10114 = PLANE('',#10115);
#10115 = AXIS2_PLACEMENT_3D('',#10116,#10117,#10118);
#10116 = CARTESIAN_POINT('',(-4.,-2.11,1.575));
#10117 = DIRECTION('',(0.,0.,-1.));
#10118 = DIRECTION('',(1.,-1.144237745222E-17,0.));
#10119 = ADVANCED_FACE('',(#10120),#10133,.F.);
#10120 = FACE_BOUND('',#10121,.F.);
#10121 = EDGE_LOOP('',(#10122,#10123,#10129,#10130,#10131,#10132));
#10122 = ORIENTED_EDGE('',*,*,#5934,.F.);
#10123 = ORIENTED_EDGE('',*,*,#10124,.T.);
#10124 = EDGE_CURVE('',#5926,#6035,#10125,.T.);
#10125 = LINE('',#10126,#10127);
#10126 = CARTESIAN_POINT('',(-4.,-0.84,1.575));
#10127 = VECTOR('',#10128,1.);
#10128 = DIRECTION('',(1.144237745222E-17,1.,0.));
#10129 = ORIENTED_EDGE('',*,*,#6043,.T.);
#10130 = ORIENTED_EDGE('',*,*,#6065,.T.);
#10131 = ORIENTED_EDGE('',*,*,#4246,.F.);
#10132 = ORIENTED_EDGE('',*,*,#5835,.F.);
#10133 = PLANE('',#10134);
#10134 = AXIS2_PLACEMENT_3D('',#10135,#10136,#10137);
#10135 = CARTESIAN_POINT('',(-4.,-0.84,1.575));
#10136 = DIRECTION('',(0.,0.,-1.));
#10137 = DIRECTION('',(1.,-1.144237745222E-17,0.));
#10138 = ADVANCED_FACE('',(#10139),#10152,.F.);
#10139 = FACE_BOUND('',#10140,.F.);
#10140 = EDGE_LOOP('',(#10141,#10142,#10148,#10149,#10150,#10151));
#10141 = ORIENTED_EDGE('',*,*,#6157,.F.);
#10142 = ORIENTED_EDGE('',*,*,#10143,.T.);
#10143 = EDGE_CURVE('',#6149,#6258,#10144,.T.);
#10144 = LINE('',#10145,#10146);
#10145 = CARTESIAN_POINT('',(-4.,0.43,1.575));
#10146 = VECTOR('',#10147,1.);
#10147 = DIRECTION('',(1.144237745222E-17,1.,0.));
#10148 = ORIENTED_EDGE('',*,*,#6266,.T.);
#10149 = ORIENTED_EDGE('',*,*,#6288,.T.);
#10150 = ORIENTED_EDGE('',*,*,#4262,.F.);
#10151 = ORIENTED_EDGE('',*,*,#6058,.F.);
#10152 = PLANE('',#10153);
#10153 = AXIS2_PLACEMENT_3D('',#10154,#10155,#10156);
#10154 = CARTESIAN_POINT('',(-4.,0.43,1.575));
#10155 = DIRECTION('',(0.,0.,-1.));
#10156 = DIRECTION('',(1.,-1.144237745222E-17,0.));
#10157 = ADVANCED_FACE('',(#10158),#10171,.F.);
#10158 = FACE_BOUND('',#10159,.F.);
#10159 = EDGE_LOOP('',(#10160,#10161,#10167,#10168,#10169,#10170));
#10160 = ORIENTED_EDGE('',*,*,#6380,.F.);
#10161 = ORIENTED_EDGE('',*,*,#10162,.T.);
#10162 = EDGE_CURVE('',#6372,#6481,#10163,.T.);
#10163 = LINE('',#10164,#10165);
#10164 = CARTESIAN_POINT('',(-4.,1.7,1.575));
#10165 = VECTOR('',#10166,1.);
#10166 = DIRECTION('',(1.144237745222E-17,1.,0.));
#10167 = ORIENTED_EDGE('',*,*,#6489,.T.);
#10168 = ORIENTED_EDGE('',*,*,#6511,.T.);
#10169 = ORIENTED_EDGE('',*,*,#4278,.F.);
#10170 = ORIENTED_EDGE('',*,*,#6281,.F.);
#10171 = PLANE('',#10172);
#10172 = AXIS2_PLACEMENT_3D('',#10173,#10174,#10175);
#10173 = CARTESIAN_POINT('',(-4.,1.7,1.575));
#10174 = DIRECTION('',(0.,0.,-1.));
#10175 = DIRECTION('',(1.,-1.144237745222E-17,0.));
#10176 = ADVANCED_FACE('',(#10177),#10190,.F.);
#10177 = FACE_BOUND('',#10178,.F.);
#10178 = EDGE_LOOP('',(#10179,#10180,#10186,#10187,#10188,#10189));
#10179 = ORIENTED_EDGE('',*,*,#6603,.F.);
#10180 = ORIENTED_EDGE('',*,*,#10181,.T.);
#10181 = EDGE_CURVE('',#6595,#6704,#10182,.T.);
#10182 = LINE('',#10183,#10184);
#10183 = CARTESIAN_POINT('',(-4.,2.97,1.575));
#10184 = VECTOR('',#10185,1.);
#10185 = DIRECTION('',(1.144237745222E-17,1.,0.));
#10186 = ORIENTED_EDGE('',*,*,#6712,.T.);
#10187 = ORIENTED_EDGE('',*,*,#6734,.T.);
#10188 = ORIENTED_EDGE('',*,*,#4294,.F.);
#10189 = ORIENTED_EDGE('',*,*,#6504,.F.);
#10190 = PLANE('',#10191);
#10191 = AXIS2_PLACEMENT_3D('',#10192,#10193,#10194);
#10192 = CARTESIAN_POINT('',(-4.,2.97,1.575));
#10193 = DIRECTION('',(0.,0.,-1.));
#10194 = DIRECTION('',(1.,-1.144237745222E-17,0.));
#10195 = ADVANCED_FACE('',(#10196),#10209,.F.);
#10196 = FACE_BOUND('',#10197,.F.);
#10197 = EDGE_LOOP('',(#10198,#10199,#10205,#10206,#10207,#10208));
#10198 = ORIENTED_EDGE('',*,*,#6826,.F.);
#10199 = ORIENTED_EDGE('',*,*,#10200,.T.);
#10200 = EDGE_CURVE('',#6818,#6927,#10201,.T.);
#10201 = LINE('',#10202,#10203);
#10202 = CARTESIAN_POINT('',(-4.,4.24,1.575));
#10203 = VECTOR('',#10204,1.);
#10204 = DIRECTION('',(1.144237745222E-17,1.,0.));
#10205 = ORIENTED_EDGE('',*,*,#6935,.T.);
#10206 = ORIENTED_EDGE('',*,*,#6957,.T.);
#10207 = ORIENTED_EDGE('',*,*,#4310,.F.);
#10208 = ORIENTED_EDGE('',*,*,#6727,.F.);
#10209 = PLANE('',#10210);
#10210 = AXIS2_PLACEMENT_3D('',#10211,#10212,#10213);
#10211 = CARTESIAN_POINT('',(-4.,4.24,1.575));
#10212 = DIRECTION('',(0.,0.,-1.));
#10213 = DIRECTION('',(1.,-1.144237745222E-17,0.));
#10214 = ADVANCED_FACE('',(#10215),#10228,.F.);
#10215 = FACE_BOUND('',#10216,.F.);
#10216 = EDGE_LOOP('',(#10217,#10218,#10224,#10225,#10226,#10227));
#10217 = ORIENTED_EDGE('',*,*,#7049,.F.);
#10218 = ORIENTED_EDGE('',*,*,#10219,.T.);
#10219 = EDGE_CURVE('',#7041,#7150,#10220,.T.);
#10220 = LINE('',#10221,#10222);
#10221 = CARTESIAN_POINT('',(-4.,5.51,1.575));
#10222 = VECTOR('',#10223,1.);
#10223 = DIRECTION('',(1.144237745222E-17,1.,0.));
#10224 = ORIENTED_EDGE('',*,*,#7158,.T.);
#10225 = ORIENTED_EDGE('',*,*,#7175,.T.);
#10226 = ORIENTED_EDGE('',*,*,#4326,.F.);
#10227 = ORIENTED_EDGE('',*,*,#6950,.F.);
#10228 = PLANE('',#10229);
#10229 = AXIS2_PLACEMENT_3D('',#10230,#10231,#10232);
#10230 = CARTESIAN_POINT('',(-4.,5.51,1.575));
#10231 = DIRECTION('',(0.,0.,-1.));
#10232 = DIRECTION('',(1.,-1.144237745222E-17,0.));
#10233 = ADVANCED_FACE('',(#10234,#10263),#10274,.T.);
#10234 = FACE_BOUND('',#10235,.T.);
#10235 = EDGE_LOOP('',(#10236,#10237,#10238,#10239,#10247,#10255,#10261,
    #10262));
#10236 = ORIENTED_EDGE('',*,*,#4401,.F.);
#10237 = ORIENTED_EDGE('',*,*,#4378,.F.);
#10238 = ORIENTED_EDGE('',*,*,#4349,.F.);
#10239 = ORIENTED_EDGE('',*,*,#10240,.F.);
#10240 = EDGE_CURVE('',#10241,#4350,#10243,.T.);
#10241 = VERTEX_POINT('',#10242);
#10242 = CARTESIAN_POINT('',(-3.444449141309,-7.438898282619,2.75));
#10243 = LINE('',#10244,#10245);
#10244 = CARTESIAN_POINT('',(-3.444449141309,-7.438898282619,2.75));
#10245 = VECTOR('',#10246,1.);
#10246 = DIRECTION('',(-0.707106781187,0.707106781187,0.));
#10247 = ORIENTED_EDGE('',*,*,#10248,.F.);
#10248 = EDGE_CURVE('',#10249,#10241,#10251,.T.);
#10249 = VERTEX_POINT('',#10250);
#10250 = CARTESIAN_POINT('',(3.444449141309,-7.438898282619,2.75));
#10251 = LINE('',#10252,#10253);
#10252 = CARTESIAN_POINT('',(3.444449141309,-7.438898282619,2.75));
#10253 = VECTOR('',#10254,1.);
#10254 = DIRECTION('',(-1.,-1.110223024625E-16,0.));
#10255 = ORIENTED_EDGE('',*,*,#10256,.F.);
#10256 = EDGE_CURVE('',#4633,#10249,#10257,.T.);
#10257 = LINE('',#10258,#10259);
#10258 = CARTESIAN_POINT('',(3.488898282619,-7.394449141309,2.75));
#10259 = VECTOR('',#10260,1.);
#10260 = DIRECTION('',(-0.707106781187,-0.707106781187,0.));
#10261 = ORIENTED_EDGE('',*,*,#4639,.F.);
#10262 = ORIENTED_EDGE('',*,*,#4424,.F.);
#10263 = FACE_BOUND('',#10264,.T.);
#10264 = EDGE_LOOP('',(#10265));
#10265 = ORIENTED_EDGE('',*,*,#10266,.T.);
#10266 = EDGE_CURVE('',#10267,#10267,#10269,.T.);
#10267 = VERTEX_POINT('',#10268);
#10268 = CARTESIAN_POINT('',(-2.688898282619,6.338898282619,2.75));
#10269 = CIRCLE('',#10270,0.3);
#10270 = AXIS2_PLACEMENT_3D('',#10271,#10272,#10273);
#10271 = CARTESIAN_POINT('',(-2.688898282619,6.638898282619,2.75));
#10272 = DIRECTION('',(0.,-0.,-1.));
#10273 = DIRECTION('',(1.110223024625E-16,-1.,0.));
#10274 = PLANE('',#10275);
#10275 = AXIS2_PLACEMENT_3D('',#10276,#10277,#10278);
#10276 = CARTESIAN_POINT('',(-3.444449141309,7.438898282619,2.75));
#10277 = DIRECTION('',(0.,0.,1.));
#10278 = DIRECTION('',(0.420175276851,-0.907442966099,0.));
#10279 = ADVANCED_FACE('',(#10280),#10290,.F.);
#10280 = FACE_BOUND('',#10281,.F.);
#10281 = EDGE_LOOP('',(#10282,#10283,#10284,#10285));
#10282 = ORIENTED_EDGE('',*,*,#4700,.T.);
#10283 = ORIENTED_EDGE('',*,*,#4357,.T.);
#10284 = ORIENTED_EDGE('',*,*,#10240,.F.);
#10285 = ORIENTED_EDGE('',*,*,#10286,.F.);
#10286 = EDGE_CURVE('',#4701,#10241,#10287,.T.);
#10287 = B_SPLINE_CURVE_WITH_KNOTS('',1,(#10288,#10289),.UNSPECIFIED.,
  .F.,.F.,(2,2),(0.,1.),.PIECEWISE_BEZIER_KNOTS.);
#10288 = CARTESIAN_POINT('',(-3.5375,-7.625,1.575));
#10289 = CARTESIAN_POINT('',(-3.444449141309,-7.438898282619,2.75));
#10290 = B_SPLINE_SURFACE_WITH_KNOTS('',1,1,(
    (#10291,#10292)
    ,(#10293,#10294
    )),.UNSPECIFIED.,.F.,.F.,.F.,(2,2),(2,2),(0.,0.194454364826),(0.,1.)
  ,.PIECEWISE_BEZIER_KNOTS.);
#10291 = CARTESIAN_POINT('',(-3.5375,-7.625,1.575));
#10292 = CARTESIAN_POINT('',(-3.444449141309,-7.438898282619,2.75));
#10293 = CARTESIAN_POINT('',(-3.675,-7.4875,1.575));
#10294 = CARTESIAN_POINT('',(-3.488898282619,-7.394449141309,2.75));
#10295 = ADVANCED_FACE('',(#10296),#10309,.F.);
#10296 = FACE_BOUND('',#10297,.F.);
#10297 = EDGE_LOOP('',(#10298,#10299,#10305,#10306,#10307,#10308));
#10298 = ORIENTED_EDGE('',*,*,#7658,.F.);
#10299 = ORIENTED_EDGE('',*,*,#10300,.T.);
#10300 = EDGE_CURVE('',#7650,#7759,#10301,.T.);
#10301 = LINE('',#10302,#10303);
#10302 = CARTESIAN_POINT('',(4.,5.92,1.575));
#10303 = VECTOR('',#10304,1.);
#10304 = DIRECTION('',(1.110223024625E-16,-1.,0.));
#10305 = ORIENTED_EDGE('',*,*,#7767,.T.);
#10306 = ORIENTED_EDGE('',*,*,#7781,.T.);
#10307 = ORIENTED_EDGE('',*,*,#4456,.F.);
#10308 = ORIENTED_EDGE('',*,*,#7565,.F.);
#10309 = PLANE('',#10310);
#10310 = AXIS2_PLACEMENT_3D('',#10311,#10312,#10313);
#10311 = CARTESIAN_POINT('',(4.,5.92,1.575));
#10312 = DIRECTION('',(0.,0.,-1.));
#10313 = DIRECTION('',(-1.,-1.110223024625E-16,-0.));
#10314 = ADVANCED_FACE('',(#10315),#10328,.F.);
#10315 = FACE_BOUND('',#10316,.F.);
#10316 = EDGE_LOOP('',(#10317,#10318,#10324,#10325,#10326,#10327));
#10317 = ORIENTED_EDGE('',*,*,#7881,.F.);
#10318 = ORIENTED_EDGE('',*,*,#10319,.T.);
#10319 = EDGE_CURVE('',#7873,#7982,#10320,.T.);
#10320 = LINE('',#10321,#10322);
#10321 = CARTESIAN_POINT('',(4.,4.65,1.575));
#10322 = VECTOR('',#10323,1.);
#10323 = DIRECTION('',(1.110223024625E-16,-1.,0.));
#10324 = ORIENTED_EDGE('',*,*,#7990,.T.);
#10325 = ORIENTED_EDGE('',*,*,#8004,.T.);
#10326 = ORIENTED_EDGE('',*,*,#4472,.F.);
#10327 = ORIENTED_EDGE('',*,*,#7788,.F.);
#10328 = PLANE('',#10329);
#10329 = AXIS2_PLACEMENT_3D('',#10330,#10331,#10332);
#10330 = CARTESIAN_POINT('',(4.,4.65,1.575));
#10331 = DIRECTION('',(0.,0.,-1.));
#10332 = DIRECTION('',(-1.,-1.110223024625E-16,-0.));
#10333 = ADVANCED_FACE('',(#10334),#10347,.F.);
#10334 = FACE_BOUND('',#10335,.F.);
#10335 = EDGE_LOOP('',(#10336,#10337,#10343,#10344,#10345,#10346));
#10336 = ORIENTED_EDGE('',*,*,#8104,.F.);
#10337 = ORIENTED_EDGE('',*,*,#10338,.T.);
#10338 = EDGE_CURVE('',#8096,#8205,#10339,.T.);
#10339 = LINE('',#10340,#10341);
#10340 = CARTESIAN_POINT('',(4.,3.38,1.575));
#10341 = VECTOR('',#10342,1.);
#10342 = DIRECTION('',(1.110223024625E-16,-1.,0.));
#10343 = ORIENTED_EDGE('',*,*,#8213,.T.);
#10344 = ORIENTED_EDGE('',*,*,#8227,.T.);
#10345 = ORIENTED_EDGE('',*,*,#4488,.F.);
#10346 = ORIENTED_EDGE('',*,*,#8011,.F.);
#10347 = PLANE('',#10348);
#10348 = AXIS2_PLACEMENT_3D('',#10349,#10350,#10351);
#10349 = CARTESIAN_POINT('',(4.,3.38,1.575));
#10350 = DIRECTION('',(0.,0.,-1.));
#10351 = DIRECTION('',(-1.,-1.110223024625E-16,-0.));
#10352 = ADVANCED_FACE('',(#10353),#10366,.F.);
#10353 = FACE_BOUND('',#10354,.F.);
#10354 = EDGE_LOOP('',(#10355,#10356,#10362,#10363,#10364,#10365));
#10355 = ORIENTED_EDGE('',*,*,#8327,.F.);
#10356 = ORIENTED_EDGE('',*,*,#10357,.T.);
#10357 = EDGE_CURVE('',#8319,#8428,#10358,.T.);
#10358 = LINE('',#10359,#10360);
#10359 = CARTESIAN_POINT('',(4.,2.11,1.575));
#10360 = VECTOR('',#10361,1.);
#10361 = DIRECTION('',(1.110223024625E-16,-1.,0.));
#10362 = ORIENTED_EDGE('',*,*,#8436,.T.);
#10363 = ORIENTED_EDGE('',*,*,#8450,.T.);
#10364 = ORIENTED_EDGE('',*,*,#4504,.F.);
#10365 = ORIENTED_EDGE('',*,*,#8234,.F.);
#10366 = PLANE('',#10367);
#10367 = AXIS2_PLACEMENT_3D('',#10368,#10369,#10370);
#10368 = CARTESIAN_POINT('',(4.,2.11,1.575));
#10369 = DIRECTION('',(0.,0.,-1.));
#10370 = DIRECTION('',(-1.,-1.110223024625E-16,-0.));
#10371 = ADVANCED_FACE('',(#10372),#10385,.F.);
#10372 = FACE_BOUND('',#10373,.F.);
#10373 = EDGE_LOOP('',(#10374,#10375,#10381,#10382,#10383,#10384));
#10374 = ORIENTED_EDGE('',*,*,#8550,.F.);
#10375 = ORIENTED_EDGE('',*,*,#10376,.T.);
#10376 = EDGE_CURVE('',#8542,#8651,#10377,.T.);
#10377 = LINE('',#10378,#10379);
#10378 = CARTESIAN_POINT('',(4.,0.84,1.575));
#10379 = VECTOR('',#10380,1.);
#10380 = DIRECTION('',(1.110223024625E-16,-1.,0.));
#10381 = ORIENTED_EDGE('',*,*,#8659,.T.);
#10382 = ORIENTED_EDGE('',*,*,#8673,.T.);
#10383 = ORIENTED_EDGE('',*,*,#4520,.F.);
#10384 = ORIENTED_EDGE('',*,*,#8457,.F.);
#10385 = PLANE('',#10386);
#10386 = AXIS2_PLACEMENT_3D('',#10387,#10388,#10389);
#10387 = CARTESIAN_POINT('',(4.,0.84,1.575));
#10388 = DIRECTION('',(0.,0.,-1.));
#10389 = DIRECTION('',(-1.,-1.110223024625E-16,-0.));
#10390 = ADVANCED_FACE('',(#10391),#10404,.F.);
#10391 = FACE_BOUND('',#10392,.F.);
#10392 = EDGE_LOOP('',(#10393,#10394,#10400,#10401,#10402,#10403));
#10393 = ORIENTED_EDGE('',*,*,#8773,.F.);
#10394 = ORIENTED_EDGE('',*,*,#10395,.T.);
#10395 = EDGE_CURVE('',#8765,#8874,#10396,.T.);
#10396 = LINE('',#10397,#10398);
#10397 = CARTESIAN_POINT('',(4.,-0.43,1.575));
#10398 = VECTOR('',#10399,1.);
#10399 = DIRECTION('',(1.110223024625E-16,-1.,0.));
#10400 = ORIENTED_EDGE('',*,*,#8882,.T.);
#10401 = ORIENTED_EDGE('',*,*,#8896,.T.);
#10402 = ORIENTED_EDGE('',*,*,#4536,.F.);
#10403 = ORIENTED_EDGE('',*,*,#8680,.F.);
#10404 = PLANE('',#10405);
#10405 = AXIS2_PLACEMENT_3D('',#10406,#10407,#10408);
#10406 = CARTESIAN_POINT('',(4.,-0.43,1.575));
#10407 = DIRECTION('',(0.,0.,-1.));
#10408 = DIRECTION('',(-1.,-1.110223024625E-16,-0.));
#10409 = ADVANCED_FACE('',(#10410),#10423,.F.);
#10410 = FACE_BOUND('',#10411,.F.);
#10411 = EDGE_LOOP('',(#10412,#10413,#10419,#10420,#10421,#10422));
#10412 = ORIENTED_EDGE('',*,*,#8996,.F.);
#10413 = ORIENTED_EDGE('',*,*,#10414,.T.);
#10414 = EDGE_CURVE('',#8988,#9097,#10415,.T.);
#10415 = LINE('',#10416,#10417);
#10416 = CARTESIAN_POINT('',(4.,-1.7,1.575));
#10417 = VECTOR('',#10418,1.);
#10418 = DIRECTION('',(1.110223024625E-16,-1.,0.));
#10419 = ORIENTED_EDGE('',*,*,#9105,.T.);
#10420 = ORIENTED_EDGE('',*,*,#9119,.T.);
#10421 = ORIENTED_EDGE('',*,*,#4552,.F.);
#10422 = ORIENTED_EDGE('',*,*,#8903,.F.);
#10423 = PLANE('',#10424);
#10424 = AXIS2_PLACEMENT_3D('',#10425,#10426,#10427);
#10425 = CARTESIAN_POINT('',(4.,-1.7,1.575));
#10426 = DIRECTION('',(0.,0.,-1.));
#10427 = DIRECTION('',(-1.,-1.110223024625E-16,-0.));
#10428 = ADVANCED_FACE('',(#10429),#10442,.F.);
#10429 = FACE_BOUND('',#10430,.F.);
#10430 = EDGE_LOOP('',(#10431,#10432,#10438,#10439,#10440,#10441));
#10431 = ORIENTED_EDGE('',*,*,#9219,.F.);
#10432 = ORIENTED_EDGE('',*,*,#10433,.T.);
#10433 = EDGE_CURVE('',#9211,#9320,#10434,.T.);
#10434 = LINE('',#10435,#10436);
#10435 = CARTESIAN_POINT('',(4.,-2.97,1.575));
#10436 = VECTOR('',#10437,1.);
#10437 = DIRECTION('',(1.110223024625E-16,-1.,0.));
#10438 = ORIENTED_EDGE('',*,*,#9328,.T.);
#10439 = ORIENTED_EDGE('',*,*,#9342,.T.);
#10440 = ORIENTED_EDGE('',*,*,#4568,.F.);
#10441 = ORIENTED_EDGE('',*,*,#9126,.F.);
#10442 = PLANE('',#10443);
#10443 = AXIS2_PLACEMENT_3D('',#10444,#10445,#10446);
#10444 = CARTESIAN_POINT('',(4.,-2.97,1.575));
#10445 = DIRECTION('',(0.,0.,-1.));
#10446 = DIRECTION('',(-1.,-1.110223024625E-16,-0.));
#10447 = ADVANCED_FACE('',(#10448),#10461,.F.);
#10448 = FACE_BOUND('',#10449,.F.);
#10449 = EDGE_LOOP('',(#10450,#10451,#10457,#10458,#10459,#10460));
#10450 = ORIENTED_EDGE('',*,*,#9442,.F.);
#10451 = ORIENTED_EDGE('',*,*,#10452,.T.);
#10452 = EDGE_CURVE('',#9434,#9543,#10453,.T.);
#10453 = LINE('',#10454,#10455);
#10454 = CARTESIAN_POINT('',(4.,-4.24,1.575));
#10455 = VECTOR('',#10456,1.);
#10456 = DIRECTION('',(1.110223024625E-16,-1.,0.));
#10457 = ORIENTED_EDGE('',*,*,#9551,.T.);
#10458 = ORIENTED_EDGE('',*,*,#9565,.T.);
#10459 = ORIENTED_EDGE('',*,*,#4584,.F.);
#10460 = ORIENTED_EDGE('',*,*,#9349,.F.);
#10461 = PLANE('',#10462);
#10462 = AXIS2_PLACEMENT_3D('',#10463,#10464,#10465);
#10463 = CARTESIAN_POINT('',(4.,-4.24,1.575));
#10464 = DIRECTION('',(0.,0.,-1.));
#10465 = DIRECTION('',(-1.,-1.110223024625E-16,-0.));
#10466 = ADVANCED_FACE('',(#10467),#10480,.F.);
#10467 = FACE_BOUND('',#10468,.F.);
#10468 = EDGE_LOOP('',(#10469,#10470,#10476,#10477,#10478,#10479));
#10469 = ORIENTED_EDGE('',*,*,#9665,.F.);
#10470 = ORIENTED_EDGE('',*,*,#10471,.T.);
#10471 = EDGE_CURVE('',#9657,#9766,#10472,.T.);
#10472 = LINE('',#10473,#10474);
#10473 = CARTESIAN_POINT('',(4.,-5.51,1.575));
#10474 = VECTOR('',#10475,1.);
#10475 = DIRECTION('',(1.110223024625E-16,-1.,0.));
#10476 = ORIENTED_EDGE('',*,*,#9774,.T.);
#10477 = ORIENTED_EDGE('',*,*,#9788,.T.);
#10478 = ORIENTED_EDGE('',*,*,#4600,.F.);
#10479 = ORIENTED_EDGE('',*,*,#9572,.F.);
#10480 = PLANE('',#10481);
#10481 = AXIS2_PLACEMENT_3D('',#10482,#10483,#10484);
#10482 = CARTESIAN_POINT('',(4.,-5.51,1.575));
#10483 = DIRECTION('',(0.,0.,-1.));
#10484 = DIRECTION('',(-1.,-1.110223024625E-16,-0.));
#10485 = ADVANCED_FACE('',(#10486),#10499,.F.);
#10486 = FACE_BOUND('',#10487,.F.);
#10487 = EDGE_LOOP('',(#10488,#10489,#10495,#10496,#10497,#10498));
#10488 = ORIENTED_EDGE('',*,*,#9888,.F.);
#10489 = ORIENTED_EDGE('',*,*,#10490,.T.);
#10490 = EDGE_CURVE('',#9880,#9989,#10491,.T.);
#10491 = LINE('',#10492,#10493);
#10492 = CARTESIAN_POINT('',(4.,-6.78,1.575));
#10493 = VECTOR('',#10494,1.);
#10494 = DIRECTION('',(1.110223024625E-16,-1.,0.));
#10495 = ORIENTED_EDGE('',*,*,#9997,.T.);
#10496 = ORIENTED_EDGE('',*,*,#4723,.T.);
#10497 = ORIENTED_EDGE('',*,*,#4616,.F.);
#10498 = ORIENTED_EDGE('',*,*,#9795,.F.);
#10499 = PLANE('',#10500);
#10500 = AXIS2_PLACEMENT_3D('',#10501,#10502,#10503);
#10501 = CARTESIAN_POINT('',(4.,-6.78,1.575));
#10502 = DIRECTION('',(0.,0.,-1.));
#10503 = DIRECTION('',(-1.,-1.110223024625E-16,-0.));
#10504 = ADVANCED_FACE('',(#10505),#10515,.F.);
#10505 = FACE_BOUND('',#10506,.F.);
#10506 = EDGE_LOOP('',(#10507,#10508,#10513,#10514));
#10507 = ORIENTED_EDGE('',*,*,#4716,.T.);
#10508 = ORIENTED_EDGE('',*,*,#10509,.T.);
#10509 = EDGE_CURVE('',#4709,#10249,#10510,.T.);
#10510 = B_SPLINE_CURVE_WITH_KNOTS('',1,(#10511,#10512),.UNSPECIFIED.,
  .F.,.F.,(2,2),(0.,1.),.PIECEWISE_BEZIER_KNOTS.);
#10511 = CARTESIAN_POINT('',(3.5375,-7.625,1.575));
#10512 = CARTESIAN_POINT('',(3.444449141309,-7.438898282619,2.75));
#10513 = ORIENTED_EDGE('',*,*,#10256,.F.);
#10514 = ORIENTED_EDGE('',*,*,#4632,.F.);
#10515 = B_SPLINE_SURFACE_WITH_KNOTS('',1,1,(
    (#10516,#10517)
    ,(#10518,#10519
    )),.UNSPECIFIED.,.F.,.F.,.F.,(2,2),(2,2),(0.,0.194454364826),(0.,1.)
  ,.PIECEWISE_BEZIER_KNOTS.);
#10516 = CARTESIAN_POINT('',(3.675,-7.4875,1.575));
#10517 = CARTESIAN_POINT('',(3.488898282619,-7.394449141309,2.75));
#10518 = CARTESIAN_POINT('',(3.5375,-7.625,1.575));
#10519 = CARTESIAN_POINT('',(3.444449141309,-7.438898282619,2.75));
#10520 = ADVANCED_FACE('',(#10521),#10532,.T.);
#10521 = FACE_BOUND('',#10522,.T.);
#10522 = EDGE_LOOP('',(#10523,#10524,#10525,#10526));
#10523 = ORIENTED_EDGE('',*,*,#7445,.T.);
#10524 = ORIENTED_EDGE('',*,*,#4662,.T.);
#10525 = ORIENTED_EDGE('',*,*,#7547,.F.);
#10526 = ORIENTED_EDGE('',*,*,#10527,.F.);
#10527 = EDGE_CURVE('',#7438,#7540,#10528,.T.);
#10528 = LINE('',#10529,#10530);
#10529 = CARTESIAN_POINT('',(4.295442325904,7.19,1.3270944533));
#10530 = VECTOR('',#10531,1.);
#10531 = DIRECTION('',(1.110223024625E-16,-1.,0.));
#10532 = CYLINDRICAL_SURFACE('',#10533,0.3);
#10533 = AXIS2_PLACEMENT_3D('',#10534,#10535,#10536);
#10534 = CARTESIAN_POINT('',(4.,7.19,1.275));
#10535 = DIRECTION('',(-1.110223024625E-16,1.,0.));
#10536 = DIRECTION('',(0.984807753012,1.093356242223E-16,0.173648177667)
  );
#10537 = ADVANCED_FACE('',(#10538),#10544,.F.);
#10538 = FACE_BOUND('',#10539,.F.);
#10539 = EDGE_LOOP('',(#10540,#10541,#10542,#10543));
#10540 = ORIENTED_EDGE('',*,*,#4708,.T.);
#10541 = ORIENTED_EDGE('',*,*,#10286,.T.);
#10542 = ORIENTED_EDGE('',*,*,#10248,.F.);
#10543 = ORIENTED_EDGE('',*,*,#10509,.F.);
#10544 = B_SPLINE_SURFACE_WITH_KNOTS('',1,1,(
    (#10545,#10546)
    ,(#10547,#10548
    )),.UNSPECIFIED.,.F.,.F.,.F.,(2,2),(2,2),(0.,7.075),(0.,1.),
  .PIECEWISE_BEZIER_KNOTS.);
#10545 = CARTESIAN_POINT('',(3.5375,-7.625,1.575));
#10546 = CARTESIAN_POINT('',(3.444449141309,-7.438898282619,2.75));
#10547 = CARTESIAN_POINT('',(-3.5375,-7.625,1.575));
#10548 = CARTESIAN_POINT('',(-3.444449141309,-7.438898282619,2.75));
#10549 = ADVANCED_FACE('',(#10550),#10561,.T.);
#10550 = FACE_BOUND('',#10551,.T.);
#10551 = EDGE_LOOP('',(#10552,#10553,#10554,#10555));
#10552 = ORIENTED_EDGE('',*,*,#4810,.T.);
#10553 = ORIENTED_EDGE('',*,*,#10029,.T.);
#10554 = ORIENTED_EDGE('',*,*,#4919,.F.);
#10555 = ORIENTED_EDGE('',*,*,#10556,.F.);
#10556 = EDGE_CURVE('',#4803,#4912,#10557,.T.);
#10557 = LINE('',#10558,#10559);
#10558 = CARTESIAN_POINT('',(-4.295442325904,-7.19,1.3270944533));
#10559 = VECTOR('',#10560,1.);
#10560 = DIRECTION('',(1.144237745222E-17,1.,0.));
#10561 = CYLINDRICAL_SURFACE('',#10562,0.3);
#10562 = AXIS2_PLACEMENT_3D('',#10563,#10564,#10565);
#10563 = CARTESIAN_POINT('',(-4.,-7.19,1.275));
#10564 = DIRECTION('',(-1.144237745222E-17,-1.,0.));
#10565 = DIRECTION('',(-0.984807753012,1.126854202784E-17,0.173648177667
    ));
#10566 = ADVANCED_FACE('',(#10567),#10578,.F.);
#10567 = FACE_BOUND('',#10568,.F.);
#10568 = EDGE_LOOP('',(#10569,#10575,#10576,#10577));
#10569 = ORIENTED_EDGE('',*,*,#10570,.T.);
#10570 = EDGE_CURVE('',#4794,#4903,#10571,.T.);
#10571 = LINE('',#10572,#10573);
#10572 = CARTESIAN_POINT('',(-4.47343803089,-7.19,0.282635182233));
#10573 = VECTOR('',#10574,1.);
#10574 = DIRECTION('',(1.144237745222E-17,1.,0.));
#10575 = ORIENTED_EDGE('',*,*,#4911,.T.);
#10576 = ORIENTED_EDGE('',*,*,#10556,.F.);
#10577 = ORIENTED_EDGE('',*,*,#4802,.F.);
#10578 = PLANE('',#10579);
#10579 = AXIS2_PLACEMENT_3D('',#10580,#10581,#10582);
#10580 = CARTESIAN_POINT('',(-4.47343803089,-7.19,0.282635182233));
#10581 = DIRECTION('',(0.985787519508,-1.127975288589E-17,
    -0.167996923731));
#10582 = DIRECTION('',(0.167996923731,-1.922284212135E-18,0.985787519508
    ));
#10583 = ADVANCED_FACE('',(#10584),#10595,.F.);
#10584 = FACE_BOUND('',#10585,.F.);
#10585 = EDGE_LOOP('',(#10586,#10592,#10593,#10594));
#10586 = ORIENTED_EDGE('',*,*,#10587,.T.);
#10587 = EDGE_CURVE('',#4786,#4895,#10588,.T.);
#10588 = LINE('',#10589,#10590);
#10589 = CARTESIAN_POINT('',(-4.571918806191,-7.19,0.2));
#10590 = VECTOR('',#10591,1.);
#10591 = DIRECTION('',(1.144237745222E-17,1.,0.));
#10592 = ORIENTED_EDGE('',*,*,#4902,.T.);
#10593 = ORIENTED_EDGE('',*,*,#10570,.F.);
#10594 = ORIENTED_EDGE('',*,*,#4793,.F.);
#10595 = CYLINDRICAL_SURFACE('',#10596,0.1);
#10596 = AXIS2_PLACEMENT_3D('',#10597,#10598,#10599);
#10597 = CARTESIAN_POINT('',(-4.571918806191,-7.19,0.3));
#10598 = DIRECTION('',(-1.144237745222E-17,-1.,0.));
#10599 = DIRECTION('',(-8.881784197001E-15,1.016287272312E-31,-1.));
#10600 = ADVANCED_FACE('',(#10601),#10612,.F.);
#10601 = FACE_BOUND('',#10602,.F.);
#10602 = EDGE_LOOP('',(#10603,#10609,#10610,#10611));
#10603 = ORIENTED_EDGE('',*,*,#10604,.T.);
#10604 = EDGE_CURVE('',#4778,#4887,#10605,.T.);
#10605 = LINE('',#10606,#10607);
#10606 = CARTESIAN_POINT('',(-5.15,-7.19,0.2));
#10607 = VECTOR('',#10608,1.);
#10608 = DIRECTION('',(1.144237745222E-17,1.,0.));
#10609 = ORIENTED_EDGE('',*,*,#4894,.T.);
#10610 = ORIENTED_EDGE('',*,*,#10587,.F.);
#10611 = ORIENTED_EDGE('',*,*,#4785,.F.);
#10612 = PLANE('',#10613);
#10613 = AXIS2_PLACEMENT_3D('',#10614,#10615,#10616);
#10614 = CARTESIAN_POINT('',(-5.15,-7.19,0.2));
#10615 = DIRECTION('',(0.,0.,-1.));
#10616 = DIRECTION('',(1.,-1.144237745222E-17,0.));
#10617 = ADVANCED_FACE('',(#10618),#10629,.F.);
#10618 = FACE_BOUND('',#10619,.F.);
#10619 = EDGE_LOOP('',(#10620,#10626,#10627,#10628));
#10620 = ORIENTED_EDGE('',*,*,#10621,.T.);
#10621 = EDGE_CURVE('',#4770,#4879,#10622,.T.);
#10622 = LINE('',#10623,#10624);
#10623 = CARTESIAN_POINT('',(-5.15,-7.19,-2.22044604925E-16));
#10624 = VECTOR('',#10625,1.);
#10625 = DIRECTION('',(1.144237745222E-17,1.,0.));
#10626 = ORIENTED_EDGE('',*,*,#4886,.T.);
#10627 = ORIENTED_EDGE('',*,*,#10604,.F.);
#10628 = ORIENTED_EDGE('',*,*,#4777,.F.);
#10629 = PLANE('',#10630);
#10630 = AXIS2_PLACEMENT_3D('',#10631,#10632,#10633);
#10631 = CARTESIAN_POINT('',(-5.15,-7.19,-2.22044604925E-16));
#10632 = DIRECTION('',(1.,-1.144237745222E-17,0.));
#10633 = DIRECTION('',(0.,0.,1.));
#10634 = ADVANCED_FACE('',(#10635),#10646,.F.);
#10635 = FACE_BOUND('',#10636,.F.);
#10636 = EDGE_LOOP('',(#10637,#10643,#10644,#10645));
#10637 = ORIENTED_EDGE('',*,*,#10638,.T.);
#10638 = EDGE_CURVE('',#4761,#4870,#10639,.T.);
#10639 = LINE('',#10640,#10641);
#10640 = CARTESIAN_POINT('',(-4.571918806191,-7.19,-2.22044604925E-16));
#10641 = VECTOR('',#10642,1.);
#10642 = DIRECTION('',(1.144237745222E-17,1.,0.));
#10643 = ORIENTED_EDGE('',*,*,#4878,.T.);
#10644 = ORIENTED_EDGE('',*,*,#10621,.F.);
#10645 = ORIENTED_EDGE('',*,*,#4769,.F.);
#10646 = PLANE('',#10647);
#10647 = AXIS2_PLACEMENT_3D('',#10648,#10649,#10650);
#10648 = CARTESIAN_POINT('',(-4.571918806191,-7.19,-2.22044604925E-16));
#10649 = DIRECTION('',(0.,0.,1.));
#10650 = DIRECTION('',(-1.,1.144237745222E-17,0.));
#10651 = ADVANCED_FACE('',(#10652),#10663,.T.);
#10652 = FACE_BOUND('',#10653,.T.);
#10653 = EDGE_LOOP('',(#10654,#10655,#10656,#10657));
#10654 = ORIENTED_EDGE('',*,*,#4760,.T.);
#10655 = ORIENTED_EDGE('',*,*,#10638,.T.);
#10656 = ORIENTED_EDGE('',*,*,#4869,.F.);
#10657 = ORIENTED_EDGE('',*,*,#10658,.F.);
#10658 = EDGE_CURVE('',#4753,#4862,#10659,.T.);
#10659 = LINE('',#10660,#10661);
#10660 = CARTESIAN_POINT('',(-4.276476480287,-7.19,0.2479055467));
#10661 = VECTOR('',#10662,1.);
#10662 = DIRECTION('',(1.144237745222E-17,1.,0.));
#10663 = CYLINDRICAL_SURFACE('',#10664,0.3);
#10664 = AXIS2_PLACEMENT_3D('',#10665,#10666,#10667);
#10665 = CARTESIAN_POINT('',(-4.571918806191,-7.19,0.3));
#10666 = DIRECTION('',(-1.144237745222E-17,-1.,0.));
#10667 = DIRECTION('',(0.984807753012,-1.126854202784E-17,
    -0.173648177667));
#10668 = ADVANCED_FACE('',(#10669),#10675,.F.);
#10669 = FACE_BOUND('',#10670,.F.);
#10670 = EDGE_LOOP('',(#10671,#10672,#10673,#10674));
#10671 = ORIENTED_EDGE('',*,*,#4843,.T.);
#10672 = ORIENTED_EDGE('',*,*,#4861,.T.);
#10673 = ORIENTED_EDGE('',*,*,#10658,.F.);
#10674 = ORIENTED_EDGE('',*,*,#4752,.F.);
#10675 = PLANE('',#10676);
#10676 = AXIS2_PLACEMENT_3D('',#10677,#10678,#10679);
#10677 = CARTESIAN_POINT('',(-4.098480775301,-7.19,1.292364817767));
#10678 = DIRECTION('',(-0.985787519508,1.127975288589E-17,0.167996923731
    ));
#10679 = DIRECTION('',(-0.167996923731,1.922284212135E-18,
    -0.985787519508));
#10680 = ADVANCED_FACE('',(#10681),#10692,.T.);
#10681 = FACE_BOUND('',#10682,.T.);
#10682 = EDGE_LOOP('',(#10683,#10684,#10685,#10686));
#10683 = ORIENTED_EDGE('',*,*,#5033,.T.);
#10684 = ORIENTED_EDGE('',*,*,#10048,.T.);
#10685 = ORIENTED_EDGE('',*,*,#5142,.F.);
#10686 = ORIENTED_EDGE('',*,*,#10687,.F.);
#10687 = EDGE_CURVE('',#5026,#5135,#10688,.T.);
#10688 = LINE('',#10689,#10690);
#10689 = CARTESIAN_POINT('',(-4.295442325904,-5.92,1.3270944533));
#10690 = VECTOR('',#10691,1.);
#10691 = DIRECTION('',(1.144237745222E-17,1.,0.));
#10692 = CYLINDRICAL_SURFACE('',#10693,0.3);
#10693 = AXIS2_PLACEMENT_3D('',#10694,#10695,#10696);
#10694 = CARTESIAN_POINT('',(-4.,-5.92,1.275));
#10695 = DIRECTION('',(-1.144237745222E-17,-1.,0.));
#10696 = DIRECTION('',(-0.984807753012,1.126854202784E-17,0.173648177667
    ));
#10697 = ADVANCED_FACE('',(#10698),#10709,.F.);
#10698 = FACE_BOUND('',#10699,.F.);
#10699 = EDGE_LOOP('',(#10700,#10706,#10707,#10708));
#10700 = ORIENTED_EDGE('',*,*,#10701,.T.);
#10701 = EDGE_CURVE('',#5017,#5126,#10702,.T.);
#10702 = LINE('',#10703,#10704);
#10703 = CARTESIAN_POINT('',(-4.47343803089,-5.92,0.282635182233));
#10704 = VECTOR('',#10705,1.);
#10705 = DIRECTION('',(1.144237745222E-17,1.,0.));
#10706 = ORIENTED_EDGE('',*,*,#5134,.T.);
#10707 = ORIENTED_EDGE('',*,*,#10687,.F.);
#10708 = ORIENTED_EDGE('',*,*,#5025,.F.);
#10709 = PLANE('',#10710);
#10710 = AXIS2_PLACEMENT_3D('',#10711,#10712,#10713);
#10711 = CARTESIAN_POINT('',(-4.47343803089,-5.92,0.282635182233));
#10712 = DIRECTION('',(0.985787519508,-1.127975288589E-17,
    -0.167996923731));
#10713 = DIRECTION('',(0.167996923731,-1.922284212135E-18,0.985787519508
    ));
#10714 = ADVANCED_FACE('',(#10715),#10726,.F.);
#10715 = FACE_BOUND('',#10716,.F.);
#10716 = EDGE_LOOP('',(#10717,#10723,#10724,#10725));
#10717 = ORIENTED_EDGE('',*,*,#10718,.T.);
#10718 = EDGE_CURVE('',#5009,#5118,#10719,.T.);
#10719 = LINE('',#10720,#10721);
#10720 = CARTESIAN_POINT('',(-4.571918806191,-5.92,0.2));
#10721 = VECTOR('',#10722,1.);
#10722 = DIRECTION('',(1.144237745222E-17,1.,0.));
#10723 = ORIENTED_EDGE('',*,*,#5125,.T.);
#10724 = ORIENTED_EDGE('',*,*,#10701,.F.);
#10725 = ORIENTED_EDGE('',*,*,#5016,.F.);
#10726 = CYLINDRICAL_SURFACE('',#10727,0.1);
#10727 = AXIS2_PLACEMENT_3D('',#10728,#10729,#10730);
#10728 = CARTESIAN_POINT('',(-4.571918806191,-5.92,0.3));
#10729 = DIRECTION('',(-1.144237745222E-17,-1.,0.));
#10730 = DIRECTION('',(-8.881784197001E-15,1.016287272312E-31,-1.));
#10731 = ADVANCED_FACE('',(#10732),#10743,.F.);
#10732 = FACE_BOUND('',#10733,.F.);
#10733 = EDGE_LOOP('',(#10734,#10740,#10741,#10742));
#10734 = ORIENTED_EDGE('',*,*,#10735,.T.);
#10735 = EDGE_CURVE('',#5001,#5110,#10736,.T.);
#10736 = LINE('',#10737,#10738);
#10737 = CARTESIAN_POINT('',(-5.15,-5.92,0.2));
#10738 = VECTOR('',#10739,1.);
#10739 = DIRECTION('',(1.144237745222E-17,1.,0.));
#10740 = ORIENTED_EDGE('',*,*,#5117,.T.);
#10741 = ORIENTED_EDGE('',*,*,#10718,.F.);
#10742 = ORIENTED_EDGE('',*,*,#5008,.F.);
#10743 = PLANE('',#10744);
#10744 = AXIS2_PLACEMENT_3D('',#10745,#10746,#10747);
#10745 = CARTESIAN_POINT('',(-5.15,-5.92,0.2));
#10746 = DIRECTION('',(0.,0.,-1.));
#10747 = DIRECTION('',(1.,-1.144237745222E-17,0.));
#10748 = ADVANCED_FACE('',(#10749),#10760,.F.);
#10749 = FACE_BOUND('',#10750,.F.);
#10750 = EDGE_LOOP('',(#10751,#10757,#10758,#10759));
#10751 = ORIENTED_EDGE('',*,*,#10752,.T.);
#10752 = EDGE_CURVE('',#4993,#5102,#10753,.T.);
#10753 = LINE('',#10754,#10755);
#10754 = CARTESIAN_POINT('',(-5.15,-5.92,-2.22044604925E-16));
#10755 = VECTOR('',#10756,1.);
#10756 = DIRECTION('',(1.144237745222E-17,1.,0.));
#10757 = ORIENTED_EDGE('',*,*,#5109,.T.);
#10758 = ORIENTED_EDGE('',*,*,#10735,.F.);
#10759 = ORIENTED_EDGE('',*,*,#5000,.F.);
#10760 = PLANE('',#10761);
#10761 = AXIS2_PLACEMENT_3D('',#10762,#10763,#10764);
#10762 = CARTESIAN_POINT('',(-5.15,-5.92,-2.22044604925E-16));
#10763 = DIRECTION('',(1.,-1.144237745222E-17,0.));
#10764 = DIRECTION('',(0.,0.,1.));
#10765 = ADVANCED_FACE('',(#10766),#10777,.F.);
#10766 = FACE_BOUND('',#10767,.F.);
#10767 = EDGE_LOOP('',(#10768,#10774,#10775,#10776));
#10768 = ORIENTED_EDGE('',*,*,#10769,.T.);
#10769 = EDGE_CURVE('',#4984,#5093,#10770,.T.);
#10770 = LINE('',#10771,#10772);
#10771 = CARTESIAN_POINT('',(-4.571918806191,-5.92,-2.22044604925E-16));
#10772 = VECTOR('',#10773,1.);
#10773 = DIRECTION('',(1.144237745222E-17,1.,0.));
#10774 = ORIENTED_EDGE('',*,*,#5101,.T.);
#10775 = ORIENTED_EDGE('',*,*,#10752,.F.);
#10776 = ORIENTED_EDGE('',*,*,#4992,.F.);
#10777 = PLANE('',#10778);
#10778 = AXIS2_PLACEMENT_3D('',#10779,#10780,#10781);
#10779 = CARTESIAN_POINT('',(-4.571918806191,-5.92,-2.22044604925E-16));
#10780 = DIRECTION('',(0.,0.,1.));
#10781 = DIRECTION('',(-1.,1.144237745222E-17,0.));
#10782 = ADVANCED_FACE('',(#10783),#10794,.T.);
#10783 = FACE_BOUND('',#10784,.T.);
#10784 = EDGE_LOOP('',(#10785,#10786,#10787,#10788));
#10785 = ORIENTED_EDGE('',*,*,#4983,.T.);
#10786 = ORIENTED_EDGE('',*,*,#10769,.T.);
#10787 = ORIENTED_EDGE('',*,*,#5092,.F.);
#10788 = ORIENTED_EDGE('',*,*,#10789,.F.);
#10789 = EDGE_CURVE('',#4976,#5085,#10790,.T.);
#10790 = LINE('',#10791,#10792);
#10791 = CARTESIAN_POINT('',(-4.276476480287,-5.92,0.2479055467));
#10792 = VECTOR('',#10793,1.);
#10793 = DIRECTION('',(1.144237745222E-17,1.,0.));
#10794 = CYLINDRICAL_SURFACE('',#10795,0.3);
#10795 = AXIS2_PLACEMENT_3D('',#10796,#10797,#10798);
#10796 = CARTESIAN_POINT('',(-4.571918806191,-5.92,0.3));
#10797 = DIRECTION('',(-1.144237745222E-17,-1.,0.));
#10798 = DIRECTION('',(0.984807753012,-1.126854202784E-17,
    -0.173648177667));
#10799 = ADVANCED_FACE('',(#10800),#10806,.F.);
#10800 = FACE_BOUND('',#10801,.F.);
#10801 = EDGE_LOOP('',(#10802,#10803,#10804,#10805));
#10802 = ORIENTED_EDGE('',*,*,#5066,.T.);
#10803 = ORIENTED_EDGE('',*,*,#5084,.T.);
#10804 = ORIENTED_EDGE('',*,*,#10789,.F.);
#10805 = ORIENTED_EDGE('',*,*,#4975,.F.);
#10806 = PLANE('',#10807);
#10807 = AXIS2_PLACEMENT_3D('',#10808,#10809,#10810);
#10808 = CARTESIAN_POINT('',(-4.098480775301,-5.92,1.292364817767));
#10809 = DIRECTION('',(-0.985787519508,1.127975288589E-17,0.167996923731
    ));
#10810 = DIRECTION('',(-0.167996923731,1.922284212135E-18,
    -0.985787519508));
#10811 = ADVANCED_FACE('',(#10812),#10823,.T.);
#10812 = FACE_BOUND('',#10813,.T.);
#10813 = EDGE_LOOP('',(#10814,#10815,#10816,#10817));
#10814 = ORIENTED_EDGE('',*,*,#5256,.T.);
#10815 = ORIENTED_EDGE('',*,*,#10067,.T.);
#10816 = ORIENTED_EDGE('',*,*,#5365,.F.);
#10817 = ORIENTED_EDGE('',*,*,#10818,.F.);
#10818 = EDGE_CURVE('',#5249,#5358,#10819,.T.);
#10819 = LINE('',#10820,#10821);
#10820 = CARTESIAN_POINT('',(-4.295442325904,-4.65,1.3270944533));
#10821 = VECTOR('',#10822,1.);
#10822 = DIRECTION('',(1.144237745222E-17,1.,0.));
#10823 = CYLINDRICAL_SURFACE('',#10824,0.3);
#10824 = AXIS2_PLACEMENT_3D('',#10825,#10826,#10827);
#10825 = CARTESIAN_POINT('',(-4.,-4.65,1.275));
#10826 = DIRECTION('',(-1.144237745222E-17,-1.,0.));
#10827 = DIRECTION('',(-0.984807753012,1.126854202784E-17,0.173648177667
    ));
#10828 = ADVANCED_FACE('',(#10829),#10840,.F.);
#10829 = FACE_BOUND('',#10830,.F.);
#10830 = EDGE_LOOP('',(#10831,#10837,#10838,#10839));
#10831 = ORIENTED_EDGE('',*,*,#10832,.T.);
#10832 = EDGE_CURVE('',#5240,#5349,#10833,.T.);
#10833 = LINE('',#10834,#10835);
#10834 = CARTESIAN_POINT('',(-4.47343803089,-4.65,0.282635182233));
#10835 = VECTOR('',#10836,1.);
#10836 = DIRECTION('',(1.144237745222E-17,1.,0.));
#10837 = ORIENTED_EDGE('',*,*,#5357,.T.);
#10838 = ORIENTED_EDGE('',*,*,#10818,.F.);
#10839 = ORIENTED_EDGE('',*,*,#5248,.F.);
#10840 = PLANE('',#10841);
#10841 = AXIS2_PLACEMENT_3D('',#10842,#10843,#10844);
#10842 = CARTESIAN_POINT('',(-4.47343803089,-4.65,0.282635182233));
#10843 = DIRECTION('',(0.985787519508,-1.127975288589E-17,
    -0.167996923731));
#10844 = DIRECTION('',(0.167996923731,-1.922284212135E-18,0.985787519508
    ));
#10845 = ADVANCED_FACE('',(#10846),#10857,.F.);
#10846 = FACE_BOUND('',#10847,.F.);
#10847 = EDGE_LOOP('',(#10848,#10854,#10855,#10856));
#10848 = ORIENTED_EDGE('',*,*,#10849,.T.);
#10849 = EDGE_CURVE('',#5232,#5341,#10850,.T.);
#10850 = LINE('',#10851,#10852);
#10851 = CARTESIAN_POINT('',(-4.571918806191,-4.65,0.2));
#10852 = VECTOR('',#10853,1.);
#10853 = DIRECTION('',(1.144237745222E-17,1.,0.));
#10854 = ORIENTED_EDGE('',*,*,#5348,.T.);
#10855 = ORIENTED_EDGE('',*,*,#10832,.F.);
#10856 = ORIENTED_EDGE('',*,*,#5239,.F.);
#10857 = CYLINDRICAL_SURFACE('',#10858,0.1);
#10858 = AXIS2_PLACEMENT_3D('',#10859,#10860,#10861);
#10859 = CARTESIAN_POINT('',(-4.571918806191,-4.65,0.3));
#10860 = DIRECTION('',(-1.144237745222E-17,-1.,0.));
#10861 = DIRECTION('',(-8.881784197001E-15,1.016287272312E-31,-1.));
#10862 = ADVANCED_FACE('',(#10863),#10874,.F.);
#10863 = FACE_BOUND('',#10864,.F.);
#10864 = EDGE_LOOP('',(#10865,#10871,#10872,#10873));
#10865 = ORIENTED_EDGE('',*,*,#10866,.T.);
#10866 = EDGE_CURVE('',#5224,#5333,#10867,.T.);
#10867 = LINE('',#10868,#10869);
#10868 = CARTESIAN_POINT('',(-5.15,-4.65,0.2));
#10869 = VECTOR('',#10870,1.);
#10870 = DIRECTION('',(1.144237745222E-17,1.,0.));
#10871 = ORIENTED_EDGE('',*,*,#5340,.T.);
#10872 = ORIENTED_EDGE('',*,*,#10849,.F.);
#10873 = ORIENTED_EDGE('',*,*,#5231,.F.);
#10874 = PLANE('',#10875);
#10875 = AXIS2_PLACEMENT_3D('',#10876,#10877,#10878);
#10876 = CARTESIAN_POINT('',(-5.15,-4.65,0.2));
#10877 = DIRECTION('',(0.,0.,-1.));
#10878 = DIRECTION('',(1.,-1.144237745222E-17,0.));
#10879 = ADVANCED_FACE('',(#10880),#10891,.F.);
#10880 = FACE_BOUND('',#10881,.F.);
#10881 = EDGE_LOOP('',(#10882,#10888,#10889,#10890));
#10882 = ORIENTED_EDGE('',*,*,#10883,.T.);
#10883 = EDGE_CURVE('',#5216,#5325,#10884,.T.);
#10884 = LINE('',#10885,#10886);
#10885 = CARTESIAN_POINT('',(-5.15,-4.65,-2.22044604925E-16));
#10886 = VECTOR('',#10887,1.);
#10887 = DIRECTION('',(1.144237745222E-17,1.,0.));
#10888 = ORIENTED_EDGE('',*,*,#5332,.T.);
#10889 = ORIENTED_EDGE('',*,*,#10866,.F.);
#10890 = ORIENTED_EDGE('',*,*,#5223,.F.);
#10891 = PLANE('',#10892);
#10892 = AXIS2_PLACEMENT_3D('',#10893,#10894,#10895);
#10893 = CARTESIAN_POINT('',(-5.15,-4.65,-2.22044604925E-16));
#10894 = DIRECTION('',(1.,-1.144237745222E-17,0.));
#10895 = DIRECTION('',(0.,0.,1.));
#10896 = ADVANCED_FACE('',(#10897),#10908,.F.);
#10897 = FACE_BOUND('',#10898,.F.);
#10898 = EDGE_LOOP('',(#10899,#10905,#10906,#10907));
#10899 = ORIENTED_EDGE('',*,*,#10900,.T.);
#10900 = EDGE_CURVE('',#5207,#5316,#10901,.T.);
#10901 = LINE('',#10902,#10903);
#10902 = CARTESIAN_POINT('',(-4.571918806191,-4.65,-2.22044604925E-16));
#10903 = VECTOR('',#10904,1.);
#10904 = DIRECTION('',(1.144237745222E-17,1.,0.));
#10905 = ORIENTED_EDGE('',*,*,#5324,.T.);
#10906 = ORIENTED_EDGE('',*,*,#10883,.F.);
#10907 = ORIENTED_EDGE('',*,*,#5215,.F.);
#10908 = PLANE('',#10909);
#10909 = AXIS2_PLACEMENT_3D('',#10910,#10911,#10912);
#10910 = CARTESIAN_POINT('',(-4.571918806191,-4.65,-2.22044604925E-16));
#10911 = DIRECTION('',(0.,0.,1.));
#10912 = DIRECTION('',(-1.,1.144237745222E-17,0.));
#10913 = ADVANCED_FACE('',(#10914),#10925,.T.);
#10914 = FACE_BOUND('',#10915,.T.);
#10915 = EDGE_LOOP('',(#10916,#10917,#10918,#10919));
#10916 = ORIENTED_EDGE('',*,*,#5206,.T.);
#10917 = ORIENTED_EDGE('',*,*,#10900,.T.);
#10918 = ORIENTED_EDGE('',*,*,#5315,.F.);
#10919 = ORIENTED_EDGE('',*,*,#10920,.F.);
#10920 = EDGE_CURVE('',#5199,#5308,#10921,.T.);
#10921 = LINE('',#10922,#10923);
#10922 = CARTESIAN_POINT('',(-4.276476480287,-4.65,0.2479055467));
#10923 = VECTOR('',#10924,1.);
#10924 = DIRECTION('',(1.144237745222E-17,1.,0.));
#10925 = CYLINDRICAL_SURFACE('',#10926,0.3);
#10926 = AXIS2_PLACEMENT_3D('',#10927,#10928,#10929);
#10927 = CARTESIAN_POINT('',(-4.571918806191,-4.65,0.3));
#10928 = DIRECTION('',(-1.144237745222E-17,-1.,0.));
#10929 = DIRECTION('',(0.984807753012,-1.126854202784E-17,
    -0.173648177667));
#10930 = ADVANCED_FACE('',(#10931),#10937,.F.);
#10931 = FACE_BOUND('',#10932,.F.);
#10932 = EDGE_LOOP('',(#10933,#10934,#10935,#10936));
#10933 = ORIENTED_EDGE('',*,*,#5289,.T.);
#10934 = ORIENTED_EDGE('',*,*,#5307,.T.);
#10935 = ORIENTED_EDGE('',*,*,#10920,.F.);
#10936 = ORIENTED_EDGE('',*,*,#5198,.F.);
#10937 = PLANE('',#10938);
#10938 = AXIS2_PLACEMENT_3D('',#10939,#10940,#10941);
#10939 = CARTESIAN_POINT('',(-4.098480775301,-4.65,1.292364817767));
#10940 = DIRECTION('',(-0.985787519508,1.127975288589E-17,0.167996923731
    ));
#10941 = DIRECTION('',(-0.167996923731,1.922284212135E-18,
    -0.985787519508));
#10942 = ADVANCED_FACE('',(#10943),#10954,.T.);
#10943 = FACE_BOUND('',#10944,.T.);
#10944 = EDGE_LOOP('',(#10945,#10946,#10947,#10948));
#10945 = ORIENTED_EDGE('',*,*,#5479,.T.);
#10946 = ORIENTED_EDGE('',*,*,#10086,.T.);
#10947 = ORIENTED_EDGE('',*,*,#5588,.F.);
#10948 = ORIENTED_EDGE('',*,*,#10949,.F.);
#10949 = EDGE_CURVE('',#5472,#5581,#10950,.T.);
#10950 = LINE('',#10951,#10952);
#10951 = CARTESIAN_POINT('',(-4.295442325904,-3.38,1.3270944533));
#10952 = VECTOR('',#10953,1.);
#10953 = DIRECTION('',(1.144237745222E-17,1.,0.));
#10954 = CYLINDRICAL_SURFACE('',#10955,0.3);
#10955 = AXIS2_PLACEMENT_3D('',#10956,#10957,#10958);
#10956 = CARTESIAN_POINT('',(-4.,-3.38,1.275));
#10957 = DIRECTION('',(-1.144237745222E-17,-1.,0.));
#10958 = DIRECTION('',(-0.984807753012,1.126854202784E-17,0.173648177667
    ));
#10959 = ADVANCED_FACE('',(#10960),#10971,.F.);
#10960 = FACE_BOUND('',#10961,.F.);
#10961 = EDGE_LOOP('',(#10962,#10968,#10969,#10970));
#10962 = ORIENTED_EDGE('',*,*,#10963,.T.);
#10963 = EDGE_CURVE('',#5463,#5572,#10964,.T.);
#10964 = LINE('',#10965,#10966);
#10965 = CARTESIAN_POINT('',(-4.47343803089,-3.38,0.282635182233));
#10966 = VECTOR('',#10967,1.);
#10967 = DIRECTION('',(1.144237745222E-17,1.,0.));
#10968 = ORIENTED_EDGE('',*,*,#5580,.T.);
#10969 = ORIENTED_EDGE('',*,*,#10949,.F.);
#10970 = ORIENTED_EDGE('',*,*,#5471,.F.);
#10971 = PLANE('',#10972);
#10972 = AXIS2_PLACEMENT_3D('',#10973,#10974,#10975);
#10973 = CARTESIAN_POINT('',(-4.47343803089,-3.38,0.282635182233));
#10974 = DIRECTION('',(0.985787519508,-1.127975288589E-17,
    -0.167996923731));
#10975 = DIRECTION('',(0.167996923731,-1.922284212135E-18,0.985787519508
    ));
#10976 = ADVANCED_FACE('',(#10977),#10988,.F.);
#10977 = FACE_BOUND('',#10978,.F.);
#10978 = EDGE_LOOP('',(#10979,#10985,#10986,#10987));
#10979 = ORIENTED_EDGE('',*,*,#10980,.T.);
#10980 = EDGE_CURVE('',#5455,#5564,#10981,.T.);
#10981 = LINE('',#10982,#10983);
#10982 = CARTESIAN_POINT('',(-4.571918806191,-3.38,0.2));
#10983 = VECTOR('',#10984,1.);
#10984 = DIRECTION('',(1.144237745222E-17,1.,0.));
#10985 = ORIENTED_EDGE('',*,*,#5571,.T.);
#10986 = ORIENTED_EDGE('',*,*,#10963,.F.);
#10987 = ORIENTED_EDGE('',*,*,#5462,.F.);
#10988 = CYLINDRICAL_SURFACE('',#10989,0.1);
#10989 = AXIS2_PLACEMENT_3D('',#10990,#10991,#10992);
#10990 = CARTESIAN_POINT('',(-4.571918806191,-3.38,0.3));
#10991 = DIRECTION('',(-1.144237745222E-17,-1.,0.));
#10992 = DIRECTION('',(-8.881784197001E-15,1.016287272312E-31,-1.));
#10993 = ADVANCED_FACE('',(#10994),#11005,.F.);
#10994 = FACE_BOUND('',#10995,.F.);
#10995 = EDGE_LOOP('',(#10996,#11002,#11003,#11004));
#10996 = ORIENTED_EDGE('',*,*,#10997,.T.);
#10997 = EDGE_CURVE('',#5447,#5556,#10998,.T.);
#10998 = LINE('',#10999,#11000);
#10999 = CARTESIAN_POINT('',(-5.15,-3.38,0.2));
#11000 = VECTOR('',#11001,1.);
#11001 = DIRECTION('',(1.144237745222E-17,1.,0.));
#11002 = ORIENTED_EDGE('',*,*,#5563,.T.);
#11003 = ORIENTED_EDGE('',*,*,#10980,.F.);
#11004 = ORIENTED_EDGE('',*,*,#5454,.F.);
#11005 = PLANE('',#11006);
#11006 = AXIS2_PLACEMENT_3D('',#11007,#11008,#11009);
#11007 = CARTESIAN_POINT('',(-5.15,-3.38,0.2));
#11008 = DIRECTION('',(0.,0.,-1.));
#11009 = DIRECTION('',(1.,-1.144237745222E-17,0.));
#11010 = ADVANCED_FACE('',(#11011),#11022,.F.);
#11011 = FACE_BOUND('',#11012,.F.);
#11012 = EDGE_LOOP('',(#11013,#11019,#11020,#11021));
#11013 = ORIENTED_EDGE('',*,*,#11014,.T.);
#11014 = EDGE_CURVE('',#5439,#5548,#11015,.T.);
#11015 = LINE('',#11016,#11017);
#11016 = CARTESIAN_POINT('',(-5.15,-3.38,-2.22044604925E-16));
#11017 = VECTOR('',#11018,1.);
#11018 = DIRECTION('',(1.144237745222E-17,1.,0.));
#11019 = ORIENTED_EDGE('',*,*,#5555,.T.);
#11020 = ORIENTED_EDGE('',*,*,#10997,.F.);
#11021 = ORIENTED_EDGE('',*,*,#5446,.F.);
#11022 = PLANE('',#11023);
#11023 = AXIS2_PLACEMENT_3D('',#11024,#11025,#11026);
#11024 = CARTESIAN_POINT('',(-5.15,-3.38,-2.22044604925E-16));
#11025 = DIRECTION('',(1.,-1.144237745222E-17,0.));
#11026 = DIRECTION('',(0.,0.,1.));
#11027 = ADVANCED_FACE('',(#11028),#11039,.F.);
#11028 = FACE_BOUND('',#11029,.F.);
#11029 = EDGE_LOOP('',(#11030,#11036,#11037,#11038));
#11030 = ORIENTED_EDGE('',*,*,#11031,.T.);
#11031 = EDGE_CURVE('',#5430,#5539,#11032,.T.);
#11032 = LINE('',#11033,#11034);
#11033 = CARTESIAN_POINT('',(-4.571918806191,-3.38,-2.22044604925E-16));
#11034 = VECTOR('',#11035,1.);
#11035 = DIRECTION('',(1.144237745222E-17,1.,0.));
#11036 = ORIENTED_EDGE('',*,*,#5547,.T.);
#11037 = ORIENTED_EDGE('',*,*,#11014,.F.);
#11038 = ORIENTED_EDGE('',*,*,#5438,.F.);
#11039 = PLANE('',#11040);
#11040 = AXIS2_PLACEMENT_3D('',#11041,#11042,#11043);
#11041 = CARTESIAN_POINT('',(-4.571918806191,-3.38,-2.22044604925E-16));
#11042 = DIRECTION('',(0.,0.,1.));
#11043 = DIRECTION('',(-1.,1.144237745222E-17,0.));
#11044 = ADVANCED_FACE('',(#11045),#11056,.T.);
#11045 = FACE_BOUND('',#11046,.T.);
#11046 = EDGE_LOOP('',(#11047,#11048,#11049,#11050));
#11047 = ORIENTED_EDGE('',*,*,#5429,.T.);
#11048 = ORIENTED_EDGE('',*,*,#11031,.T.);
#11049 = ORIENTED_EDGE('',*,*,#5538,.F.);
#11050 = ORIENTED_EDGE('',*,*,#11051,.F.);
#11051 = EDGE_CURVE('',#5422,#5531,#11052,.T.);
#11052 = LINE('',#11053,#11054);
#11053 = CARTESIAN_POINT('',(-4.276476480287,-3.38,0.2479055467));
#11054 = VECTOR('',#11055,1.);
#11055 = DIRECTION('',(1.144237745222E-17,1.,0.));
#11056 = CYLINDRICAL_SURFACE('',#11057,0.3);
#11057 = AXIS2_PLACEMENT_3D('',#11058,#11059,#11060);
#11058 = CARTESIAN_POINT('',(-4.571918806191,-3.38,0.3));
#11059 = DIRECTION('',(-1.144237745222E-17,-1.,0.));
#11060 = DIRECTION('',(0.984807753012,-1.126854202784E-17,
    -0.173648177667));
#11061 = ADVANCED_FACE('',(#11062),#11068,.F.);
#11062 = FACE_BOUND('',#11063,.F.);
#11063 = EDGE_LOOP('',(#11064,#11065,#11066,#11067));
#11064 = ORIENTED_EDGE('',*,*,#5512,.T.);
#11065 = ORIENTED_EDGE('',*,*,#5530,.T.);
#11066 = ORIENTED_EDGE('',*,*,#11051,.F.);
#11067 = ORIENTED_EDGE('',*,*,#5421,.F.);
#11068 = PLANE('',#11069);
#11069 = AXIS2_PLACEMENT_3D('',#11070,#11071,#11072);
#11070 = CARTESIAN_POINT('',(-4.098480775301,-3.38,1.292364817767));
#11071 = DIRECTION('',(-0.985787519508,1.127975288589E-17,0.167996923731
    ));
#11072 = DIRECTION('',(-0.167996923731,1.922284212135E-18,
    -0.985787519508));
#11073 = ADVANCED_FACE('',(#11074),#11085,.T.);
#11074 = FACE_BOUND('',#11075,.T.);
#11075 = EDGE_LOOP('',(#11076,#11077,#11078,#11079));
#11076 = ORIENTED_EDGE('',*,*,#5702,.T.);
#11077 = ORIENTED_EDGE('',*,*,#10105,.T.);
#11078 = ORIENTED_EDGE('',*,*,#5811,.F.);
#11079 = ORIENTED_EDGE('',*,*,#11080,.F.);
#11080 = EDGE_CURVE('',#5695,#5804,#11081,.T.);
#11081 = LINE('',#11082,#11083);
#11082 = CARTESIAN_POINT('',(-4.295442325904,-2.11,1.3270944533));
#11083 = VECTOR('',#11084,1.);
#11084 = DIRECTION('',(1.144237745222E-17,1.,0.));
#11085 = CYLINDRICAL_SURFACE('',#11086,0.3);
#11086 = AXIS2_PLACEMENT_3D('',#11087,#11088,#11089);
#11087 = CARTESIAN_POINT('',(-4.,-2.11,1.275));
#11088 = DIRECTION('',(-1.144237745222E-17,-1.,0.));
#11089 = DIRECTION('',(-0.984807753012,1.126854202784E-17,0.173648177667
    ));
#11090 = ADVANCED_FACE('',(#11091),#11102,.F.);
#11091 = FACE_BOUND('',#11092,.F.);
#11092 = EDGE_LOOP('',(#11093,#11099,#11100,#11101));
#11093 = ORIENTED_EDGE('',*,*,#11094,.T.);
#11094 = EDGE_CURVE('',#5686,#5795,#11095,.T.);
#11095 = LINE('',#11096,#11097);
#11096 = CARTESIAN_POINT('',(-4.47343803089,-2.11,0.282635182233));
#11097 = VECTOR('',#11098,1.);
#11098 = DIRECTION('',(1.144237745222E-17,1.,0.));
#11099 = ORIENTED_EDGE('',*,*,#5803,.T.);
#11100 = ORIENTED_EDGE('',*,*,#11080,.F.);
#11101 = ORIENTED_EDGE('',*,*,#5694,.F.);
#11102 = PLANE('',#11103);
#11103 = AXIS2_PLACEMENT_3D('',#11104,#11105,#11106);
#11104 = CARTESIAN_POINT('',(-4.47343803089,-2.11,0.282635182233));
#11105 = DIRECTION('',(0.985787519508,-1.127975288589E-17,
    -0.167996923731));
#11106 = DIRECTION('',(0.167996923731,-1.922284212135E-18,0.985787519508
    ));
#11107 = ADVANCED_FACE('',(#11108),#11119,.F.);
#11108 = FACE_BOUND('',#11109,.F.);
#11109 = EDGE_LOOP('',(#11110,#11116,#11117,#11118));
#11110 = ORIENTED_EDGE('',*,*,#11111,.T.);
#11111 = EDGE_CURVE('',#5678,#5787,#11112,.T.);
#11112 = LINE('',#11113,#11114);
#11113 = CARTESIAN_POINT('',(-4.571918806191,-2.11,0.2));
#11114 = VECTOR('',#11115,1.);
#11115 = DIRECTION('',(1.144237745222E-17,1.,0.));
#11116 = ORIENTED_EDGE('',*,*,#5794,.T.);
#11117 = ORIENTED_EDGE('',*,*,#11094,.F.);
#11118 = ORIENTED_EDGE('',*,*,#5685,.F.);
#11119 = CYLINDRICAL_SURFACE('',#11120,0.1);
#11120 = AXIS2_PLACEMENT_3D('',#11121,#11122,#11123);
#11121 = CARTESIAN_POINT('',(-4.571918806191,-2.11,0.3));
#11122 = DIRECTION('',(-1.144237745222E-17,-1.,0.));
#11123 = DIRECTION('',(-8.881784197001E-15,1.016287272312E-31,-1.));
#11124 = ADVANCED_FACE('',(#11125),#11136,.F.);
#11125 = FACE_BOUND('',#11126,.F.);
#11126 = EDGE_LOOP('',(#11127,#11133,#11134,#11135));
#11127 = ORIENTED_EDGE('',*,*,#11128,.T.);
#11128 = EDGE_CURVE('',#5670,#5779,#11129,.T.);
#11129 = LINE('',#11130,#11131);
#11130 = CARTESIAN_POINT('',(-5.15,-2.11,0.2));
#11131 = VECTOR('',#11132,1.);
#11132 = DIRECTION('',(1.144237745222E-17,1.,0.));
#11133 = ORIENTED_EDGE('',*,*,#5786,.T.);
#11134 = ORIENTED_EDGE('',*,*,#11111,.F.);
#11135 = ORIENTED_EDGE('',*,*,#5677,.F.);
#11136 = PLANE('',#11137);
#11137 = AXIS2_PLACEMENT_3D('',#11138,#11139,#11140);
#11138 = CARTESIAN_POINT('',(-5.15,-2.11,0.2));
#11139 = DIRECTION('',(0.,0.,-1.));
#11140 = DIRECTION('',(1.,-1.144237745222E-17,0.));
#11141 = ADVANCED_FACE('',(#11142),#11153,.F.);
#11142 = FACE_BOUND('',#11143,.F.);
#11143 = EDGE_LOOP('',(#11144,#11150,#11151,#11152));
#11144 = ORIENTED_EDGE('',*,*,#11145,.T.);
#11145 = EDGE_CURVE('',#5662,#5771,#11146,.T.);
#11146 = LINE('',#11147,#11148);
#11147 = CARTESIAN_POINT('',(-5.15,-2.11,-2.22044604925E-16));
#11148 = VECTOR('',#11149,1.);
#11149 = DIRECTION('',(1.144237745222E-17,1.,0.));
#11150 = ORIENTED_EDGE('',*,*,#5778,.T.);
#11151 = ORIENTED_EDGE('',*,*,#11128,.F.);
#11152 = ORIENTED_EDGE('',*,*,#5669,.F.);
#11153 = PLANE('',#11154);
#11154 = AXIS2_PLACEMENT_3D('',#11155,#11156,#11157);
#11155 = CARTESIAN_POINT('',(-5.15,-2.11,-2.22044604925E-16));
#11156 = DIRECTION('',(1.,-1.144237745222E-17,0.));
#11157 = DIRECTION('',(0.,0.,1.));
#11158 = ADVANCED_FACE('',(#11159),#11170,.F.);
#11159 = FACE_BOUND('',#11160,.F.);
#11160 = EDGE_LOOP('',(#11161,#11167,#11168,#11169));
#11161 = ORIENTED_EDGE('',*,*,#11162,.T.);
#11162 = EDGE_CURVE('',#5653,#5762,#11163,.T.);
#11163 = LINE('',#11164,#11165);
#11164 = CARTESIAN_POINT('',(-4.571918806191,-2.11,-2.22044604925E-16));
#11165 = VECTOR('',#11166,1.);
#11166 = DIRECTION('',(1.144237745222E-17,1.,0.));
#11167 = ORIENTED_EDGE('',*,*,#5770,.T.);
#11168 = ORIENTED_EDGE('',*,*,#11145,.F.);
#11169 = ORIENTED_EDGE('',*,*,#5661,.F.);
#11170 = PLANE('',#11171);
#11171 = AXIS2_PLACEMENT_3D('',#11172,#11173,#11174);
#11172 = CARTESIAN_POINT('',(-4.571918806191,-2.11,-2.22044604925E-16));
#11173 = DIRECTION('',(0.,0.,1.));
#11174 = DIRECTION('',(-1.,1.144237745222E-17,0.));
#11175 = ADVANCED_FACE('',(#11176),#11187,.T.);
#11176 = FACE_BOUND('',#11177,.T.);
#11177 = EDGE_LOOP('',(#11178,#11179,#11180,#11181));
#11178 = ORIENTED_EDGE('',*,*,#5652,.T.);
#11179 = ORIENTED_EDGE('',*,*,#11162,.T.);
#11180 = ORIENTED_EDGE('',*,*,#5761,.F.);
#11181 = ORIENTED_EDGE('',*,*,#11182,.F.);
#11182 = EDGE_CURVE('',#5645,#5754,#11183,.T.);
#11183 = LINE('',#11184,#11185);
#11184 = CARTESIAN_POINT('',(-4.276476480287,-2.11,0.2479055467));
#11185 = VECTOR('',#11186,1.);
#11186 = DIRECTION('',(1.144237745222E-17,1.,0.));
#11187 = CYLINDRICAL_SURFACE('',#11188,0.3);
#11188 = AXIS2_PLACEMENT_3D('',#11189,#11190,#11191);
#11189 = CARTESIAN_POINT('',(-4.571918806191,-2.11,0.3));
#11190 = DIRECTION('',(-1.144237745222E-17,-1.,0.));
#11191 = DIRECTION('',(0.984807753012,-1.126854202784E-17,
    -0.173648177667));
#11192 = ADVANCED_FACE('',(#11193),#11199,.F.);
#11193 = FACE_BOUND('',#11194,.F.);
#11194 = EDGE_LOOP('',(#11195,#11196,#11197,#11198));
#11195 = ORIENTED_EDGE('',*,*,#5735,.T.);
#11196 = ORIENTED_EDGE('',*,*,#5753,.T.);
#11197 = ORIENTED_EDGE('',*,*,#11182,.F.);
#11198 = ORIENTED_EDGE('',*,*,#5644,.F.);
#11199 = PLANE('',#11200);
#11200 = AXIS2_PLACEMENT_3D('',#11201,#11202,#11203);
#11201 = CARTESIAN_POINT('',(-4.098480775301,-2.11,1.292364817767));
#11202 = DIRECTION('',(-0.985787519508,1.127975288589E-17,0.167996923731
    ));
#11203 = DIRECTION('',(-0.167996923731,1.922284212135E-18,
    -0.985787519508));
#11204 = ADVANCED_FACE('',(#11205),#11216,.T.);
#11205 = FACE_BOUND('',#11206,.T.);
#11206 = EDGE_LOOP('',(#11207,#11208,#11209,#11210));
#11207 = ORIENTED_EDGE('',*,*,#5925,.T.);
#11208 = ORIENTED_EDGE('',*,*,#10124,.T.);
#11209 = ORIENTED_EDGE('',*,*,#6034,.F.);
#11210 = ORIENTED_EDGE('',*,*,#11211,.F.);
#11211 = EDGE_CURVE('',#5918,#6027,#11212,.T.);
#11212 = LINE('',#11213,#11214);
#11213 = CARTESIAN_POINT('',(-4.295442325904,-0.84,1.3270944533));
#11214 = VECTOR('',#11215,1.);
#11215 = DIRECTION('',(1.144237745222E-17,1.,0.));
#11216 = CYLINDRICAL_SURFACE('',#11217,0.3);
#11217 = AXIS2_PLACEMENT_3D('',#11218,#11219,#11220);
#11218 = CARTESIAN_POINT('',(-4.,-0.84,1.275));
#11219 = DIRECTION('',(-1.144237745222E-17,-1.,0.));
#11220 = DIRECTION('',(-0.984807753012,1.126854202784E-17,0.173648177667
    ));
#11221 = ADVANCED_FACE('',(#11222),#11233,.F.);
#11222 = FACE_BOUND('',#11223,.F.);
#11223 = EDGE_LOOP('',(#11224,#11230,#11231,#11232));
#11224 = ORIENTED_EDGE('',*,*,#11225,.T.);
#11225 = EDGE_CURVE('',#5909,#6018,#11226,.T.);
#11226 = LINE('',#11227,#11228);
#11227 = CARTESIAN_POINT('',(-4.47343803089,-0.84,0.282635182233));
#11228 = VECTOR('',#11229,1.);
#11229 = DIRECTION('',(1.144237745222E-17,1.,0.));
#11230 = ORIENTED_EDGE('',*,*,#6026,.T.);
#11231 = ORIENTED_EDGE('',*,*,#11211,.F.);
#11232 = ORIENTED_EDGE('',*,*,#5917,.F.);
#11233 = PLANE('',#11234);
#11234 = AXIS2_PLACEMENT_3D('',#11235,#11236,#11237);
#11235 = CARTESIAN_POINT('',(-4.47343803089,-0.84,0.282635182233));
#11236 = DIRECTION('',(0.985787519508,-1.127975288589E-17,
    -0.167996923731));
#11237 = DIRECTION('',(0.167996923731,-1.922284212135E-18,0.985787519508
    ));
#11238 = ADVANCED_FACE('',(#11239),#11250,.F.);
#11239 = FACE_BOUND('',#11240,.F.);
#11240 = EDGE_LOOP('',(#11241,#11247,#11248,#11249));
#11241 = ORIENTED_EDGE('',*,*,#11242,.T.);
#11242 = EDGE_CURVE('',#5901,#6010,#11243,.T.);
#11243 = LINE('',#11244,#11245);
#11244 = CARTESIAN_POINT('',(-4.571918806191,-0.84,0.2));
#11245 = VECTOR('',#11246,1.);
#11246 = DIRECTION('',(1.144237745222E-17,1.,0.));
#11247 = ORIENTED_EDGE('',*,*,#6017,.T.);
#11248 = ORIENTED_EDGE('',*,*,#11225,.F.);
#11249 = ORIENTED_EDGE('',*,*,#5908,.F.);
#11250 = CYLINDRICAL_SURFACE('',#11251,0.1);
#11251 = AXIS2_PLACEMENT_3D('',#11252,#11253,#11254);
#11252 = CARTESIAN_POINT('',(-4.571918806191,-0.84,0.3));
#11253 = DIRECTION('',(-1.144237745222E-17,-1.,0.));
#11254 = DIRECTION('',(-8.881784197001E-15,1.016287272312E-31,-1.));
#11255 = ADVANCED_FACE('',(#11256),#11267,.F.);
#11256 = FACE_BOUND('',#11257,.F.);
#11257 = EDGE_LOOP('',(#11258,#11264,#11265,#11266));
#11258 = ORIENTED_EDGE('',*,*,#11259,.T.);
#11259 = EDGE_CURVE('',#5893,#6002,#11260,.T.);
#11260 = LINE('',#11261,#11262);
#11261 = CARTESIAN_POINT('',(-5.15,-0.84,0.2));
#11262 = VECTOR('',#11263,1.);
#11263 = DIRECTION('',(1.144237745222E-17,1.,0.));
#11264 = ORIENTED_EDGE('',*,*,#6009,.T.);
#11265 = ORIENTED_EDGE('',*,*,#11242,.F.);
#11266 = ORIENTED_EDGE('',*,*,#5900,.F.);
#11267 = PLANE('',#11268);
#11268 = AXIS2_PLACEMENT_3D('',#11269,#11270,#11271);
#11269 = CARTESIAN_POINT('',(-5.15,-0.84,0.2));
#11270 = DIRECTION('',(0.,0.,-1.));
#11271 = DIRECTION('',(1.,-1.144237745222E-17,0.));
#11272 = ADVANCED_FACE('',(#11273),#11284,.F.);
#11273 = FACE_BOUND('',#11274,.F.);
#11274 = EDGE_LOOP('',(#11275,#11281,#11282,#11283));
#11275 = ORIENTED_EDGE('',*,*,#11276,.T.);
#11276 = EDGE_CURVE('',#5885,#5994,#11277,.T.);
#11277 = LINE('',#11278,#11279);
#11278 = CARTESIAN_POINT('',(-5.15,-0.84,-2.22044604925E-16));
#11279 = VECTOR('',#11280,1.);
#11280 = DIRECTION('',(1.144237745222E-17,1.,0.));
#11281 = ORIENTED_EDGE('',*,*,#6001,.T.);
#11282 = ORIENTED_EDGE('',*,*,#11259,.F.);
#11283 = ORIENTED_EDGE('',*,*,#5892,.F.);
#11284 = PLANE('',#11285);
#11285 = AXIS2_PLACEMENT_3D('',#11286,#11287,#11288);
#11286 = CARTESIAN_POINT('',(-5.15,-0.84,-2.22044604925E-16));
#11287 = DIRECTION('',(1.,-1.144237745222E-17,0.));
#11288 = DIRECTION('',(0.,0.,1.));
#11289 = ADVANCED_FACE('',(#11290),#11301,.F.);
#11290 = FACE_BOUND('',#11291,.F.);
#11291 = EDGE_LOOP('',(#11292,#11298,#11299,#11300));
#11292 = ORIENTED_EDGE('',*,*,#11293,.T.);
#11293 = EDGE_CURVE('',#5876,#5985,#11294,.T.);
#11294 = LINE('',#11295,#11296);
#11295 = CARTESIAN_POINT('',(-4.571918806191,-0.84,-2.22044604925E-16));
#11296 = VECTOR('',#11297,1.);
#11297 = DIRECTION('',(1.144237745222E-17,1.,0.));
#11298 = ORIENTED_EDGE('',*,*,#5993,.T.);
#11299 = ORIENTED_EDGE('',*,*,#11276,.F.);
#11300 = ORIENTED_EDGE('',*,*,#5884,.F.);
#11301 = PLANE('',#11302);
#11302 = AXIS2_PLACEMENT_3D('',#11303,#11304,#11305);
#11303 = CARTESIAN_POINT('',(-4.571918806191,-0.84,-2.22044604925E-16));
#11304 = DIRECTION('',(0.,0.,1.));
#11305 = DIRECTION('',(-1.,1.144237745222E-17,0.));
#11306 = ADVANCED_FACE('',(#11307),#11318,.T.);
#11307 = FACE_BOUND('',#11308,.T.);
#11308 = EDGE_LOOP('',(#11309,#11310,#11311,#11312));
#11309 = ORIENTED_EDGE('',*,*,#5875,.T.);
#11310 = ORIENTED_EDGE('',*,*,#11293,.T.);
#11311 = ORIENTED_EDGE('',*,*,#5984,.F.);
#11312 = ORIENTED_EDGE('',*,*,#11313,.F.);
#11313 = EDGE_CURVE('',#5868,#5977,#11314,.T.);
#11314 = LINE('',#11315,#11316);
#11315 = CARTESIAN_POINT('',(-4.276476480287,-0.84,0.2479055467));
#11316 = VECTOR('',#11317,1.);
#11317 = DIRECTION('',(1.144237745222E-17,1.,0.));
#11318 = CYLINDRICAL_SURFACE('',#11319,0.3);
#11319 = AXIS2_PLACEMENT_3D('',#11320,#11321,#11322);
#11320 = CARTESIAN_POINT('',(-4.571918806191,-0.84,0.3));
#11321 = DIRECTION('',(-1.144237745222E-17,-1.,0.));
#11322 = DIRECTION('',(0.984807753012,-1.126854202784E-17,
    -0.173648177667));
#11323 = ADVANCED_FACE('',(#11324),#11330,.F.);
#11324 = FACE_BOUND('',#11325,.F.);
#11325 = EDGE_LOOP('',(#11326,#11327,#11328,#11329));
#11326 = ORIENTED_EDGE('',*,*,#5958,.T.);
#11327 = ORIENTED_EDGE('',*,*,#5976,.T.);
#11328 = ORIENTED_EDGE('',*,*,#11313,.F.);
#11329 = ORIENTED_EDGE('',*,*,#5867,.F.);
#11330 = PLANE('',#11331);
#11331 = AXIS2_PLACEMENT_3D('',#11332,#11333,#11334);
#11332 = CARTESIAN_POINT('',(-4.098480775301,-0.84,1.292364817767));
#11333 = DIRECTION('',(-0.985787519508,1.127975288589E-17,0.167996923731
    ));
#11334 = DIRECTION('',(-0.167996923731,1.922284212135E-18,
    -0.985787519508));
#11335 = ADVANCED_FACE('',(#11336),#11347,.T.);
#11336 = FACE_BOUND('',#11337,.T.);
#11337 = EDGE_LOOP('',(#11338,#11339,#11340,#11341));
#11338 = ORIENTED_EDGE('',*,*,#6148,.T.);
#11339 = ORIENTED_EDGE('',*,*,#10143,.T.);
#11340 = ORIENTED_EDGE('',*,*,#6257,.F.);
#11341 = ORIENTED_EDGE('',*,*,#11342,.F.);
#11342 = EDGE_CURVE('',#6141,#6250,#11343,.T.);
#11343 = LINE('',#11344,#11345);
#11344 = CARTESIAN_POINT('',(-4.295442325904,0.43,1.3270944533));
#11345 = VECTOR('',#11346,1.);
#11346 = DIRECTION('',(1.144237745222E-17,1.,0.));
#11347 = CYLINDRICAL_SURFACE('',#11348,0.3);
#11348 = AXIS2_PLACEMENT_3D('',#11349,#11350,#11351);
#11349 = CARTESIAN_POINT('',(-4.,0.43,1.275));
#11350 = DIRECTION('',(-1.144237745222E-17,-1.,0.));
#11351 = DIRECTION('',(-0.984807753012,1.126854202784E-17,0.173648177667
    ));
#11352 = ADVANCED_FACE('',(#11353),#11364,.F.);
#11353 = FACE_BOUND('',#11354,.F.);
#11354 = EDGE_LOOP('',(#11355,#11361,#11362,#11363));
#11355 = ORIENTED_EDGE('',*,*,#11356,.T.);
#11356 = EDGE_CURVE('',#6132,#6241,#11357,.T.);
#11357 = LINE('',#11358,#11359);
#11358 = CARTESIAN_POINT('',(-4.47343803089,0.43,0.282635182233));
#11359 = VECTOR('',#11360,1.);
#11360 = DIRECTION('',(1.144237745222E-17,1.,0.));
#11361 = ORIENTED_EDGE('',*,*,#6249,.T.);
#11362 = ORIENTED_EDGE('',*,*,#11342,.F.);
#11363 = ORIENTED_EDGE('',*,*,#6140,.F.);
#11364 = PLANE('',#11365);
#11365 = AXIS2_PLACEMENT_3D('',#11366,#11367,#11368);
#11366 = CARTESIAN_POINT('',(-4.47343803089,0.43,0.282635182233));
#11367 = DIRECTION('',(0.985787519508,-1.127975288589E-17,
    -0.167996923731));
#11368 = DIRECTION('',(0.167996923731,-1.922284212135E-18,0.985787519508
    ));
#11369 = ADVANCED_FACE('',(#11370),#11381,.F.);
#11370 = FACE_BOUND('',#11371,.F.);
#11371 = EDGE_LOOP('',(#11372,#11378,#11379,#11380));
#11372 = ORIENTED_EDGE('',*,*,#11373,.T.);
#11373 = EDGE_CURVE('',#6124,#6233,#11374,.T.);
#11374 = LINE('',#11375,#11376);
#11375 = CARTESIAN_POINT('',(-4.571918806191,0.43,0.2));
#11376 = VECTOR('',#11377,1.);
#11377 = DIRECTION('',(1.144237745222E-17,1.,0.));
#11378 = ORIENTED_EDGE('',*,*,#6240,.T.);
#11379 = ORIENTED_EDGE('',*,*,#11356,.F.);
#11380 = ORIENTED_EDGE('',*,*,#6131,.F.);
#11381 = CYLINDRICAL_SURFACE('',#11382,0.1);
#11382 = AXIS2_PLACEMENT_3D('',#11383,#11384,#11385);
#11383 = CARTESIAN_POINT('',(-4.571918806191,0.43,0.3));
#11384 = DIRECTION('',(-1.144237745222E-17,-1.,0.));
#11385 = DIRECTION('',(-8.881784197001E-15,1.016287272312E-31,-1.));
#11386 = ADVANCED_FACE('',(#11387),#11398,.F.);
#11387 = FACE_BOUND('',#11388,.F.);
#11388 = EDGE_LOOP('',(#11389,#11395,#11396,#11397));
#11389 = ORIENTED_EDGE('',*,*,#11390,.T.);
#11390 = EDGE_CURVE('',#6116,#6225,#11391,.T.);
#11391 = LINE('',#11392,#11393);
#11392 = CARTESIAN_POINT('',(-5.15,0.43,0.2));
#11393 = VECTOR('',#11394,1.);
#11394 = DIRECTION('',(1.144237745222E-17,1.,0.));
#11395 = ORIENTED_EDGE('',*,*,#6232,.T.);
#11396 = ORIENTED_EDGE('',*,*,#11373,.F.);
#11397 = ORIENTED_EDGE('',*,*,#6123,.F.);
#11398 = PLANE('',#11399);
#11399 = AXIS2_PLACEMENT_3D('',#11400,#11401,#11402);
#11400 = CARTESIAN_POINT('',(-5.15,0.43,0.2));
#11401 = DIRECTION('',(0.,0.,-1.));
#11402 = DIRECTION('',(1.,-1.144237745222E-17,0.));
#11403 = ADVANCED_FACE('',(#11404),#11415,.F.);
#11404 = FACE_BOUND('',#11405,.F.);
#11405 = EDGE_LOOP('',(#11406,#11412,#11413,#11414));
#11406 = ORIENTED_EDGE('',*,*,#11407,.T.);
#11407 = EDGE_CURVE('',#6108,#6217,#11408,.T.);
#11408 = LINE('',#11409,#11410);
#11409 = CARTESIAN_POINT('',(-5.15,0.43,-2.22044604925E-16));
#11410 = VECTOR('',#11411,1.);
#11411 = DIRECTION('',(1.144237745222E-17,1.,0.));
#11412 = ORIENTED_EDGE('',*,*,#6224,.T.);
#11413 = ORIENTED_EDGE('',*,*,#11390,.F.);
#11414 = ORIENTED_EDGE('',*,*,#6115,.F.);
#11415 = PLANE('',#11416);
#11416 = AXIS2_PLACEMENT_3D('',#11417,#11418,#11419);
#11417 = CARTESIAN_POINT('',(-5.15,0.43,-2.22044604925E-16));
#11418 = DIRECTION('',(1.,-1.144237745222E-17,0.));
#11419 = DIRECTION('',(0.,0.,1.));
#11420 = ADVANCED_FACE('',(#11421),#11432,.F.);
#11421 = FACE_BOUND('',#11422,.F.);
#11422 = EDGE_LOOP('',(#11423,#11429,#11430,#11431));
#11423 = ORIENTED_EDGE('',*,*,#11424,.T.);
#11424 = EDGE_CURVE('',#6099,#6208,#11425,.T.);
#11425 = LINE('',#11426,#11427);
#11426 = CARTESIAN_POINT('',(-4.571918806191,0.43,-2.22044604925E-16));
#11427 = VECTOR('',#11428,1.);
#11428 = DIRECTION('',(1.144237745222E-17,1.,0.));
#11429 = ORIENTED_EDGE('',*,*,#6216,.T.);
#11430 = ORIENTED_EDGE('',*,*,#11407,.F.);
#11431 = ORIENTED_EDGE('',*,*,#6107,.F.);
#11432 = PLANE('',#11433);
#11433 = AXIS2_PLACEMENT_3D('',#11434,#11435,#11436);
#11434 = CARTESIAN_POINT('',(-4.571918806191,0.43,-2.22044604925E-16));
#11435 = DIRECTION('',(0.,0.,1.));
#11436 = DIRECTION('',(-1.,1.144237745222E-17,0.));
#11437 = ADVANCED_FACE('',(#11438),#11449,.T.);
#11438 = FACE_BOUND('',#11439,.T.);
#11439 = EDGE_LOOP('',(#11440,#11441,#11442,#11443));
#11440 = ORIENTED_EDGE('',*,*,#6098,.T.);
#11441 = ORIENTED_EDGE('',*,*,#11424,.T.);
#11442 = ORIENTED_EDGE('',*,*,#6207,.F.);
#11443 = ORIENTED_EDGE('',*,*,#11444,.F.);
#11444 = EDGE_CURVE('',#6091,#6200,#11445,.T.);
#11445 = LINE('',#11446,#11447);
#11446 = CARTESIAN_POINT('',(-4.276476480287,0.43,0.2479055467));
#11447 = VECTOR('',#11448,1.);
#11448 = DIRECTION('',(1.144237745222E-17,1.,0.));
#11449 = CYLINDRICAL_SURFACE('',#11450,0.3);
#11450 = AXIS2_PLACEMENT_3D('',#11451,#11452,#11453);
#11451 = CARTESIAN_POINT('',(-4.571918806191,0.43,0.3));
#11452 = DIRECTION('',(-1.144237745222E-17,-1.,0.));
#11453 = DIRECTION('',(0.984807753012,-1.126854202784E-17,
    -0.173648177667));
#11454 = ADVANCED_FACE('',(#11455),#11461,.F.);
#11455 = FACE_BOUND('',#11456,.F.);
#11456 = EDGE_LOOP('',(#11457,#11458,#11459,#11460));
#11457 = ORIENTED_EDGE('',*,*,#6181,.T.);
#11458 = ORIENTED_EDGE('',*,*,#6199,.T.);
#11459 = ORIENTED_EDGE('',*,*,#11444,.F.);
#11460 = ORIENTED_EDGE('',*,*,#6090,.F.);
#11461 = PLANE('',#11462);
#11462 = AXIS2_PLACEMENT_3D('',#11463,#11464,#11465);
#11463 = CARTESIAN_POINT('',(-4.098480775301,0.43,1.292364817767));
#11464 = DIRECTION('',(-0.985787519508,1.127975288589E-17,0.167996923731
    ));
#11465 = DIRECTION('',(-0.167996923731,1.922284212135E-18,
    -0.985787519508));
#11466 = ADVANCED_FACE('',(#11467),#11478,.T.);
#11467 = FACE_BOUND('',#11468,.T.);
#11468 = EDGE_LOOP('',(#11469,#11470,#11471,#11472));
#11469 = ORIENTED_EDGE('',*,*,#6371,.T.);
#11470 = ORIENTED_EDGE('',*,*,#10162,.T.);
#11471 = ORIENTED_EDGE('',*,*,#6480,.F.);
#11472 = ORIENTED_EDGE('',*,*,#11473,.F.);
#11473 = EDGE_CURVE('',#6364,#6473,#11474,.T.);
#11474 = LINE('',#11475,#11476);
#11475 = CARTESIAN_POINT('',(-4.295442325904,1.7,1.3270944533));
#11476 = VECTOR('',#11477,1.);
#11477 = DIRECTION('',(1.144237745222E-17,1.,0.));
#11478 = CYLINDRICAL_SURFACE('',#11479,0.3);
#11479 = AXIS2_PLACEMENT_3D('',#11480,#11481,#11482);
#11480 = CARTESIAN_POINT('',(-4.,1.7,1.275));
#11481 = DIRECTION('',(-1.144237745222E-17,-1.,0.));
#11482 = DIRECTION('',(-0.984807753012,1.126854202784E-17,0.173648177667
    ));
#11483 = ADVANCED_FACE('',(#11484),#11495,.F.);
#11484 = FACE_BOUND('',#11485,.F.);
#11485 = EDGE_LOOP('',(#11486,#11492,#11493,#11494));
#11486 = ORIENTED_EDGE('',*,*,#11487,.T.);
#11487 = EDGE_CURVE('',#6355,#6464,#11488,.T.);
#11488 = LINE('',#11489,#11490);
#11489 = CARTESIAN_POINT('',(-4.47343803089,1.7,0.282635182233));
#11490 = VECTOR('',#11491,1.);
#11491 = DIRECTION('',(1.144237745222E-17,1.,0.));
#11492 = ORIENTED_EDGE('',*,*,#6472,.T.);
#11493 = ORIENTED_EDGE('',*,*,#11473,.F.);
#11494 = ORIENTED_EDGE('',*,*,#6363,.F.);
#11495 = PLANE('',#11496);
#11496 = AXIS2_PLACEMENT_3D('',#11497,#11498,#11499);
#11497 = CARTESIAN_POINT('',(-4.47343803089,1.7,0.282635182233));
#11498 = DIRECTION('',(0.985787519508,-1.127975288589E-17,
    -0.167996923731));
#11499 = DIRECTION('',(0.167996923731,-1.922284212135E-18,0.985787519508
    ));
#11500 = ADVANCED_FACE('',(#11501),#11512,.F.);
#11501 = FACE_BOUND('',#11502,.F.);
#11502 = EDGE_LOOP('',(#11503,#11509,#11510,#11511));
#11503 = ORIENTED_EDGE('',*,*,#11504,.T.);
#11504 = EDGE_CURVE('',#6347,#6456,#11505,.T.);
#11505 = LINE('',#11506,#11507);
#11506 = CARTESIAN_POINT('',(-4.571918806191,1.7,0.2));
#11507 = VECTOR('',#11508,1.);
#11508 = DIRECTION('',(1.144237745222E-17,1.,0.));
#11509 = ORIENTED_EDGE('',*,*,#6463,.T.);
#11510 = ORIENTED_EDGE('',*,*,#11487,.F.);
#11511 = ORIENTED_EDGE('',*,*,#6354,.F.);
#11512 = CYLINDRICAL_SURFACE('',#11513,0.1);
#11513 = AXIS2_PLACEMENT_3D('',#11514,#11515,#11516);
#11514 = CARTESIAN_POINT('',(-4.571918806191,1.7,0.3));
#11515 = DIRECTION('',(-1.144237745222E-17,-1.,0.));
#11516 = DIRECTION('',(-8.881784197001E-15,1.016287272312E-31,-1.));
#11517 = ADVANCED_FACE('',(#11518),#11529,.F.);
#11518 = FACE_BOUND('',#11519,.F.);
#11519 = EDGE_LOOP('',(#11520,#11526,#11527,#11528));
#11520 = ORIENTED_EDGE('',*,*,#11521,.T.);
#11521 = EDGE_CURVE('',#6339,#6448,#11522,.T.);
#11522 = LINE('',#11523,#11524);
#11523 = CARTESIAN_POINT('',(-5.15,1.7,0.2));
#11524 = VECTOR('',#11525,1.);
#11525 = DIRECTION('',(1.144237745222E-17,1.,0.));
#11526 = ORIENTED_EDGE('',*,*,#6455,.T.);
#11527 = ORIENTED_EDGE('',*,*,#11504,.F.);
#11528 = ORIENTED_EDGE('',*,*,#6346,.F.);
#11529 = PLANE('',#11530);
#11530 = AXIS2_PLACEMENT_3D('',#11531,#11532,#11533);
#11531 = CARTESIAN_POINT('',(-5.15,1.7,0.2));
#11532 = DIRECTION('',(0.,0.,-1.));
#11533 = DIRECTION('',(1.,-1.144237745222E-17,0.));
#11534 = ADVANCED_FACE('',(#11535),#11546,.F.);
#11535 = FACE_BOUND('',#11536,.F.);
#11536 = EDGE_LOOP('',(#11537,#11543,#11544,#11545));
#11537 = ORIENTED_EDGE('',*,*,#11538,.T.);
#11538 = EDGE_CURVE('',#6331,#6440,#11539,.T.);
#11539 = LINE('',#11540,#11541);
#11540 = CARTESIAN_POINT('',(-5.15,1.7,-2.22044604925E-16));
#11541 = VECTOR('',#11542,1.);
#11542 = DIRECTION('',(1.144237745222E-17,1.,0.));
#11543 = ORIENTED_EDGE('',*,*,#6447,.T.);
#11544 = ORIENTED_EDGE('',*,*,#11521,.F.);
#11545 = ORIENTED_EDGE('',*,*,#6338,.F.);
#11546 = PLANE('',#11547);
#11547 = AXIS2_PLACEMENT_3D('',#11548,#11549,#11550);
#11548 = CARTESIAN_POINT('',(-5.15,1.7,-2.22044604925E-16));
#11549 = DIRECTION('',(1.,-1.144237745222E-17,0.));
#11550 = DIRECTION('',(0.,0.,1.));
#11551 = ADVANCED_FACE('',(#11552),#11563,.F.);
#11552 = FACE_BOUND('',#11553,.F.);
#11553 = EDGE_LOOP('',(#11554,#11560,#11561,#11562));
#11554 = ORIENTED_EDGE('',*,*,#11555,.T.);
#11555 = EDGE_CURVE('',#6322,#6431,#11556,.T.);
#11556 = LINE('',#11557,#11558);
#11557 = CARTESIAN_POINT('',(-4.571918806191,1.7,-2.22044604925E-16));
#11558 = VECTOR('',#11559,1.);
#11559 = DIRECTION('',(1.144237745222E-17,1.,0.));
#11560 = ORIENTED_EDGE('',*,*,#6439,.T.);
#11561 = ORIENTED_EDGE('',*,*,#11538,.F.);
#11562 = ORIENTED_EDGE('',*,*,#6330,.F.);
#11563 = PLANE('',#11564);
#11564 = AXIS2_PLACEMENT_3D('',#11565,#11566,#11567);
#11565 = CARTESIAN_POINT('',(-4.571918806191,1.7,-2.22044604925E-16));
#11566 = DIRECTION('',(0.,0.,1.));
#11567 = DIRECTION('',(-1.,1.144237745222E-17,0.));
#11568 = ADVANCED_FACE('',(#11569),#11580,.T.);
#11569 = FACE_BOUND('',#11570,.T.);
#11570 = EDGE_LOOP('',(#11571,#11572,#11573,#11574));
#11571 = ORIENTED_EDGE('',*,*,#6321,.T.);
#11572 = ORIENTED_EDGE('',*,*,#11555,.T.);
#11573 = ORIENTED_EDGE('',*,*,#6430,.F.);
#11574 = ORIENTED_EDGE('',*,*,#11575,.F.);
#11575 = EDGE_CURVE('',#6314,#6423,#11576,.T.);
#11576 = LINE('',#11577,#11578);
#11577 = CARTESIAN_POINT('',(-4.276476480287,1.7,0.2479055467));
#11578 = VECTOR('',#11579,1.);
#11579 = DIRECTION('',(1.144237745222E-17,1.,0.));
#11580 = CYLINDRICAL_SURFACE('',#11581,0.3);
#11581 = AXIS2_PLACEMENT_3D('',#11582,#11583,#11584);
#11582 = CARTESIAN_POINT('',(-4.571918806191,1.7,0.3));
#11583 = DIRECTION('',(-1.144237745222E-17,-1.,0.));
#11584 = DIRECTION('',(0.984807753012,-1.126854202784E-17,
    -0.173648177667));
#11585 = ADVANCED_FACE('',(#11586),#11592,.F.);
#11586 = FACE_BOUND('',#11587,.F.);
#11587 = EDGE_LOOP('',(#11588,#11589,#11590,#11591));
#11588 = ORIENTED_EDGE('',*,*,#6404,.T.);
#11589 = ORIENTED_EDGE('',*,*,#6422,.T.);
#11590 = ORIENTED_EDGE('',*,*,#11575,.F.);
#11591 = ORIENTED_EDGE('',*,*,#6313,.F.);
#11592 = PLANE('',#11593);
#11593 = AXIS2_PLACEMENT_3D('',#11594,#11595,#11596);
#11594 = CARTESIAN_POINT('',(-4.098480775301,1.7,1.292364817767));
#11595 = DIRECTION('',(-0.985787519508,1.127975288589E-17,0.167996923731
    ));
#11596 = DIRECTION('',(-0.167996923731,1.922284212135E-18,
    -0.985787519508));
#11597 = ADVANCED_FACE('',(#11598),#11609,.T.);
#11598 = FACE_BOUND('',#11599,.T.);
#11599 = EDGE_LOOP('',(#11600,#11601,#11602,#11603));
#11600 = ORIENTED_EDGE('',*,*,#6594,.T.);
#11601 = ORIENTED_EDGE('',*,*,#10181,.T.);
#11602 = ORIENTED_EDGE('',*,*,#6703,.F.);
#11603 = ORIENTED_EDGE('',*,*,#11604,.F.);
#11604 = EDGE_CURVE('',#6587,#6696,#11605,.T.);
#11605 = LINE('',#11606,#11607);
#11606 = CARTESIAN_POINT('',(-4.295442325904,2.97,1.3270944533));
#11607 = VECTOR('',#11608,1.);
#11608 = DIRECTION('',(1.144237745222E-17,1.,0.));
#11609 = CYLINDRICAL_SURFACE('',#11610,0.3);
#11610 = AXIS2_PLACEMENT_3D('',#11611,#11612,#11613);
#11611 = CARTESIAN_POINT('',(-4.,2.97,1.275));
#11612 = DIRECTION('',(-1.144237745222E-17,-1.,0.));
#11613 = DIRECTION('',(-0.984807753012,1.126854202784E-17,0.173648177667
    ));
#11614 = ADVANCED_FACE('',(#11615),#11626,.F.);
#11615 = FACE_BOUND('',#11616,.F.);
#11616 = EDGE_LOOP('',(#11617,#11623,#11624,#11625));
#11617 = ORIENTED_EDGE('',*,*,#11618,.T.);
#11618 = EDGE_CURVE('',#6578,#6687,#11619,.T.);
#11619 = LINE('',#11620,#11621);
#11620 = CARTESIAN_POINT('',(-4.47343803089,2.97,0.282635182233));
#11621 = VECTOR('',#11622,1.);
#11622 = DIRECTION('',(1.144237745222E-17,1.,0.));
#11623 = ORIENTED_EDGE('',*,*,#6695,.T.);
#11624 = ORIENTED_EDGE('',*,*,#11604,.F.);
#11625 = ORIENTED_EDGE('',*,*,#6586,.F.);
#11626 = PLANE('',#11627);
#11627 = AXIS2_PLACEMENT_3D('',#11628,#11629,#11630);
#11628 = CARTESIAN_POINT('',(-4.47343803089,2.97,0.282635182233));
#11629 = DIRECTION('',(0.985787519508,-1.127975288589E-17,
    -0.167996923731));
#11630 = DIRECTION('',(0.167996923731,-1.922284212135E-18,0.985787519508
    ));
#11631 = ADVANCED_FACE('',(#11632),#11643,.F.);
#11632 = FACE_BOUND('',#11633,.F.);
#11633 = EDGE_LOOP('',(#11634,#11640,#11641,#11642));
#11634 = ORIENTED_EDGE('',*,*,#11635,.T.);
#11635 = EDGE_CURVE('',#6570,#6679,#11636,.T.);
#11636 = LINE('',#11637,#11638);
#11637 = CARTESIAN_POINT('',(-4.571918806191,2.97,0.2));
#11638 = VECTOR('',#11639,1.);
#11639 = DIRECTION('',(1.144237745222E-17,1.,0.));
#11640 = ORIENTED_EDGE('',*,*,#6686,.T.);
#11641 = ORIENTED_EDGE('',*,*,#11618,.F.);
#11642 = ORIENTED_EDGE('',*,*,#6577,.F.);
#11643 = CYLINDRICAL_SURFACE('',#11644,0.1);
#11644 = AXIS2_PLACEMENT_3D('',#11645,#11646,#11647);
#11645 = CARTESIAN_POINT('',(-4.571918806191,2.97,0.3));
#11646 = DIRECTION('',(-1.144237745222E-17,-1.,0.));
#11647 = DIRECTION('',(-8.881784197001E-15,1.016287272312E-31,-1.));
#11648 = ADVANCED_FACE('',(#11649),#11660,.F.);
#11649 = FACE_BOUND('',#11650,.F.);
#11650 = EDGE_LOOP('',(#11651,#11657,#11658,#11659));
#11651 = ORIENTED_EDGE('',*,*,#11652,.T.);
#11652 = EDGE_CURVE('',#6562,#6671,#11653,.T.);
#11653 = LINE('',#11654,#11655);
#11654 = CARTESIAN_POINT('',(-5.15,2.97,0.2));
#11655 = VECTOR('',#11656,1.);
#11656 = DIRECTION('',(1.144237745222E-17,1.,0.));
#11657 = ORIENTED_EDGE('',*,*,#6678,.T.);
#11658 = ORIENTED_EDGE('',*,*,#11635,.F.);
#11659 = ORIENTED_EDGE('',*,*,#6569,.F.);
#11660 = PLANE('',#11661);
#11661 = AXIS2_PLACEMENT_3D('',#11662,#11663,#11664);
#11662 = CARTESIAN_POINT('',(-5.15,2.97,0.2));
#11663 = DIRECTION('',(0.,0.,-1.));
#11664 = DIRECTION('',(1.,-1.144237745222E-17,0.));
#11665 = ADVANCED_FACE('',(#11666),#11677,.F.);
#11666 = FACE_BOUND('',#11667,.F.);
#11667 = EDGE_LOOP('',(#11668,#11674,#11675,#11676));
#11668 = ORIENTED_EDGE('',*,*,#11669,.T.);
#11669 = EDGE_CURVE('',#6554,#6663,#11670,.T.);
#11670 = LINE('',#11671,#11672);
#11671 = CARTESIAN_POINT('',(-5.15,2.97,-2.22044604925E-16));
#11672 = VECTOR('',#11673,1.);
#11673 = DIRECTION('',(1.144237745222E-17,1.,0.));
#11674 = ORIENTED_EDGE('',*,*,#6670,.T.);
#11675 = ORIENTED_EDGE('',*,*,#11652,.F.);
#11676 = ORIENTED_EDGE('',*,*,#6561,.F.);
#11677 = PLANE('',#11678);
#11678 = AXIS2_PLACEMENT_3D('',#11679,#11680,#11681);
#11679 = CARTESIAN_POINT('',(-5.15,2.97,-2.22044604925E-16));
#11680 = DIRECTION('',(1.,-1.144237745222E-17,0.));
#11681 = DIRECTION('',(0.,0.,1.));
#11682 = ADVANCED_FACE('',(#11683),#11694,.F.);
#11683 = FACE_BOUND('',#11684,.F.);
#11684 = EDGE_LOOP('',(#11685,#11691,#11692,#11693));
#11685 = ORIENTED_EDGE('',*,*,#11686,.T.);
#11686 = EDGE_CURVE('',#6545,#6654,#11687,.T.);
#11687 = LINE('',#11688,#11689);
#11688 = CARTESIAN_POINT('',(-4.571918806191,2.97,-2.22044604925E-16));
#11689 = VECTOR('',#11690,1.);
#11690 = DIRECTION('',(1.144237745222E-17,1.,0.));
#11691 = ORIENTED_EDGE('',*,*,#6662,.T.);
#11692 = ORIENTED_EDGE('',*,*,#11669,.F.);
#11693 = ORIENTED_EDGE('',*,*,#6553,.F.);
#11694 = PLANE('',#11695);
#11695 = AXIS2_PLACEMENT_3D('',#11696,#11697,#11698);
#11696 = CARTESIAN_POINT('',(-4.571918806191,2.97,-2.22044604925E-16));
#11697 = DIRECTION('',(0.,0.,1.));
#11698 = DIRECTION('',(-1.,1.144237745222E-17,0.));
#11699 = ADVANCED_FACE('',(#11700),#11711,.T.);
#11700 = FACE_BOUND('',#11701,.T.);
#11701 = EDGE_LOOP('',(#11702,#11703,#11704,#11705));
#11702 = ORIENTED_EDGE('',*,*,#6544,.T.);
#11703 = ORIENTED_EDGE('',*,*,#11686,.T.);
#11704 = ORIENTED_EDGE('',*,*,#6653,.F.);
#11705 = ORIENTED_EDGE('',*,*,#11706,.F.);
#11706 = EDGE_CURVE('',#6537,#6646,#11707,.T.);
#11707 = LINE('',#11708,#11709);
#11708 = CARTESIAN_POINT('',(-4.276476480287,2.97,0.2479055467));
#11709 = VECTOR('',#11710,1.);
#11710 = DIRECTION('',(1.144237745222E-17,1.,0.));
#11711 = CYLINDRICAL_SURFACE('',#11712,0.3);
#11712 = AXIS2_PLACEMENT_3D('',#11713,#11714,#11715);
#11713 = CARTESIAN_POINT('',(-4.571918806191,2.97,0.3));
#11714 = DIRECTION('',(-1.144237745222E-17,-1.,0.));
#11715 = DIRECTION('',(0.984807753012,-1.126854202784E-17,
    -0.173648177667));
#11716 = ADVANCED_FACE('',(#11717),#11723,.F.);
#11717 = FACE_BOUND('',#11718,.F.);
#11718 = EDGE_LOOP('',(#11719,#11720,#11721,#11722));
#11719 = ORIENTED_EDGE('',*,*,#6627,.T.);
#11720 = ORIENTED_EDGE('',*,*,#6645,.T.);
#11721 = ORIENTED_EDGE('',*,*,#11706,.F.);
#11722 = ORIENTED_EDGE('',*,*,#6536,.F.);
#11723 = PLANE('',#11724);
#11724 = AXIS2_PLACEMENT_3D('',#11725,#11726,#11727);
#11725 = CARTESIAN_POINT('',(-4.098480775301,2.97,1.292364817767));
#11726 = DIRECTION('',(-0.985787519508,1.127975288589E-17,0.167996923731
    ));
#11727 = DIRECTION('',(-0.167996923731,1.922284212135E-18,
    -0.985787519508));
#11728 = ADVANCED_FACE('',(#11729),#11740,.T.);
#11729 = FACE_BOUND('',#11730,.T.);
#11730 = EDGE_LOOP('',(#11731,#11732,#11733,#11734));
#11731 = ORIENTED_EDGE('',*,*,#6817,.T.);
#11732 = ORIENTED_EDGE('',*,*,#10200,.T.);
#11733 = ORIENTED_EDGE('',*,*,#6926,.F.);
#11734 = ORIENTED_EDGE('',*,*,#11735,.F.);
#11735 = EDGE_CURVE('',#6810,#6919,#11736,.T.);
#11736 = LINE('',#11737,#11738);
#11737 = CARTESIAN_POINT('',(-4.295442325904,4.24,1.3270944533));
#11738 = VECTOR('',#11739,1.);
#11739 = DIRECTION('',(1.144237745222E-17,1.,0.));
#11740 = CYLINDRICAL_SURFACE('',#11741,0.3);
#11741 = AXIS2_PLACEMENT_3D('',#11742,#11743,#11744);
#11742 = CARTESIAN_POINT('',(-4.,4.24,1.275));
#11743 = DIRECTION('',(-1.144237745222E-17,-1.,0.));
#11744 = DIRECTION('',(-0.984807753012,1.126854202784E-17,0.173648177667
    ));
#11745 = ADVANCED_FACE('',(#11746),#11757,.F.);
#11746 = FACE_BOUND('',#11747,.F.);
#11747 = EDGE_LOOP('',(#11748,#11754,#11755,#11756));
#11748 = ORIENTED_EDGE('',*,*,#11749,.T.);
#11749 = EDGE_CURVE('',#6801,#6910,#11750,.T.);
#11750 = LINE('',#11751,#11752);
#11751 = CARTESIAN_POINT('',(-4.47343803089,4.24,0.282635182233));
#11752 = VECTOR('',#11753,1.);
#11753 = DIRECTION('',(1.144237745222E-17,1.,0.));
#11754 = ORIENTED_EDGE('',*,*,#6918,.T.);
#11755 = ORIENTED_EDGE('',*,*,#11735,.F.);
#11756 = ORIENTED_EDGE('',*,*,#6809,.F.);
#11757 = PLANE('',#11758);
#11758 = AXIS2_PLACEMENT_3D('',#11759,#11760,#11761);
#11759 = CARTESIAN_POINT('',(-4.47343803089,4.24,0.282635182233));
#11760 = DIRECTION('',(0.985787519508,-1.127975288589E-17,
    -0.167996923731));
#11761 = DIRECTION('',(0.167996923731,-1.922284212135E-18,0.985787519508
    ));
#11762 = ADVANCED_FACE('',(#11763),#11774,.F.);
#11763 = FACE_BOUND('',#11764,.F.);
#11764 = EDGE_LOOP('',(#11765,#11771,#11772,#11773));
#11765 = ORIENTED_EDGE('',*,*,#11766,.T.);
#11766 = EDGE_CURVE('',#6793,#6902,#11767,.T.);
#11767 = LINE('',#11768,#11769);
#11768 = CARTESIAN_POINT('',(-4.571918806191,4.24,0.2));
#11769 = VECTOR('',#11770,1.);
#11770 = DIRECTION('',(1.144237745222E-17,1.,0.));
#11771 = ORIENTED_EDGE('',*,*,#6909,.T.);
#11772 = ORIENTED_EDGE('',*,*,#11749,.F.);
#11773 = ORIENTED_EDGE('',*,*,#6800,.F.);
#11774 = CYLINDRICAL_SURFACE('',#11775,0.1);
#11775 = AXIS2_PLACEMENT_3D('',#11776,#11777,#11778);
#11776 = CARTESIAN_POINT('',(-4.571918806191,4.24,0.3));
#11777 = DIRECTION('',(-1.144237745222E-17,-1.,0.));
#11778 = DIRECTION('',(-8.881784197001E-15,1.016287272312E-31,-1.));
#11779 = ADVANCED_FACE('',(#11780),#11791,.F.);
#11780 = FACE_BOUND('',#11781,.F.);
#11781 = EDGE_LOOP('',(#11782,#11788,#11789,#11790));
#11782 = ORIENTED_EDGE('',*,*,#11783,.T.);
#11783 = EDGE_CURVE('',#6785,#6894,#11784,.T.);
#11784 = LINE('',#11785,#11786);
#11785 = CARTESIAN_POINT('',(-5.15,4.24,0.2));
#11786 = VECTOR('',#11787,1.);
#11787 = DIRECTION('',(1.144237745222E-17,1.,0.));
#11788 = ORIENTED_EDGE('',*,*,#6901,.T.);
#11789 = ORIENTED_EDGE('',*,*,#11766,.F.);
#11790 = ORIENTED_EDGE('',*,*,#6792,.F.);
#11791 = PLANE('',#11792);
#11792 = AXIS2_PLACEMENT_3D('',#11793,#11794,#11795);
#11793 = CARTESIAN_POINT('',(-5.15,4.24,0.2));
#11794 = DIRECTION('',(0.,0.,-1.));
#11795 = DIRECTION('',(1.,-1.144237745222E-17,0.));
#11796 = ADVANCED_FACE('',(#11797),#11808,.F.);
#11797 = FACE_BOUND('',#11798,.F.);
#11798 = EDGE_LOOP('',(#11799,#11805,#11806,#11807));
#11799 = ORIENTED_EDGE('',*,*,#11800,.T.);
#11800 = EDGE_CURVE('',#6777,#6886,#11801,.T.);
#11801 = LINE('',#11802,#11803);
#11802 = CARTESIAN_POINT('',(-5.15,4.24,-2.22044604925E-16));
#11803 = VECTOR('',#11804,1.);
#11804 = DIRECTION('',(1.144237745222E-17,1.,0.));
#11805 = ORIENTED_EDGE('',*,*,#6893,.T.);
#11806 = ORIENTED_EDGE('',*,*,#11783,.F.);
#11807 = ORIENTED_EDGE('',*,*,#6784,.F.);
#11808 = PLANE('',#11809);
#11809 = AXIS2_PLACEMENT_3D('',#11810,#11811,#11812);
#11810 = CARTESIAN_POINT('',(-5.15,4.24,-2.22044604925E-16));
#11811 = DIRECTION('',(1.,-1.144237745222E-17,0.));
#11812 = DIRECTION('',(0.,0.,1.));
#11813 = ADVANCED_FACE('',(#11814),#11825,.F.);
#11814 = FACE_BOUND('',#11815,.F.);
#11815 = EDGE_LOOP('',(#11816,#11822,#11823,#11824));
#11816 = ORIENTED_EDGE('',*,*,#11817,.T.);
#11817 = EDGE_CURVE('',#6768,#6877,#11818,.T.);
#11818 = LINE('',#11819,#11820);
#11819 = CARTESIAN_POINT('',(-4.571918806191,4.24,-2.22044604925E-16));
#11820 = VECTOR('',#11821,1.);
#11821 = DIRECTION('',(1.144237745222E-17,1.,0.));
#11822 = ORIENTED_EDGE('',*,*,#6885,.T.);
#11823 = ORIENTED_EDGE('',*,*,#11800,.F.);
#11824 = ORIENTED_EDGE('',*,*,#6776,.F.);
#11825 = PLANE('',#11826);
#11826 = AXIS2_PLACEMENT_3D('',#11827,#11828,#11829);
#11827 = CARTESIAN_POINT('',(-4.571918806191,4.24,-2.22044604925E-16));
#11828 = DIRECTION('',(0.,0.,1.));
#11829 = DIRECTION('',(-1.,1.144237745222E-17,0.));
#11830 = ADVANCED_FACE('',(#11831),#11842,.T.);
#11831 = FACE_BOUND('',#11832,.T.);
#11832 = EDGE_LOOP('',(#11833,#11834,#11835,#11836));
#11833 = ORIENTED_EDGE('',*,*,#6767,.T.);
#11834 = ORIENTED_EDGE('',*,*,#11817,.T.);
#11835 = ORIENTED_EDGE('',*,*,#6876,.F.);
#11836 = ORIENTED_EDGE('',*,*,#11837,.F.);
#11837 = EDGE_CURVE('',#6760,#6869,#11838,.T.);
#11838 = LINE('',#11839,#11840);
#11839 = CARTESIAN_POINT('',(-4.276476480287,4.24,0.2479055467));
#11840 = VECTOR('',#11841,1.);
#11841 = DIRECTION('',(1.144237745222E-17,1.,0.));
#11842 = CYLINDRICAL_SURFACE('',#11843,0.3);
#11843 = AXIS2_PLACEMENT_3D('',#11844,#11845,#11846);
#11844 = CARTESIAN_POINT('',(-4.571918806191,4.24,0.3));
#11845 = DIRECTION('',(-1.144237745222E-17,-1.,0.));
#11846 = DIRECTION('',(0.984807753012,-1.126854202784E-17,
    -0.173648177667));
#11847 = ADVANCED_FACE('',(#11848),#11854,.F.);
#11848 = FACE_BOUND('',#11849,.F.);
#11849 = EDGE_LOOP('',(#11850,#11851,#11852,#11853));
#11850 = ORIENTED_EDGE('',*,*,#6850,.T.);
#11851 = ORIENTED_EDGE('',*,*,#6868,.T.);
#11852 = ORIENTED_EDGE('',*,*,#11837,.F.);
#11853 = ORIENTED_EDGE('',*,*,#6759,.F.);
#11854 = PLANE('',#11855);
#11855 = AXIS2_PLACEMENT_3D('',#11856,#11857,#11858);
#11856 = CARTESIAN_POINT('',(-4.098480775301,4.24,1.292364817767));
#11857 = DIRECTION('',(-0.985787519508,1.127975288589E-17,0.167996923731
    ));
#11858 = DIRECTION('',(-0.167996923731,1.922284212135E-18,
    -0.985787519508));
#11859 = ADVANCED_FACE('',(#11860),#11871,.T.);
#11860 = FACE_BOUND('',#11861,.T.);
#11861 = EDGE_LOOP('',(#11862,#11863,#11864,#11865));
#11862 = ORIENTED_EDGE('',*,*,#7040,.T.);
#11863 = ORIENTED_EDGE('',*,*,#10219,.T.);
#11864 = ORIENTED_EDGE('',*,*,#7149,.F.);
#11865 = ORIENTED_EDGE('',*,*,#11866,.F.);
#11866 = EDGE_CURVE('',#7033,#7142,#11867,.T.);
#11867 = LINE('',#11868,#11869);
#11868 = CARTESIAN_POINT('',(-4.295442325904,5.51,1.3270944533));
#11869 = VECTOR('',#11870,1.);
#11870 = DIRECTION('',(1.144237745222E-17,1.,0.));
#11871 = CYLINDRICAL_SURFACE('',#11872,0.3);
#11872 = AXIS2_PLACEMENT_3D('',#11873,#11874,#11875);
#11873 = CARTESIAN_POINT('',(-4.,5.51,1.275));
#11874 = DIRECTION('',(-1.144237745222E-17,-1.,0.));
#11875 = DIRECTION('',(-0.984807753012,1.126854202784E-17,0.173648177667
    ));
#11876 = ADVANCED_FACE('',(#11877),#11888,.F.);
#11877 = FACE_BOUND('',#11878,.F.);
#11878 = EDGE_LOOP('',(#11879,#11885,#11886,#11887));
#11879 = ORIENTED_EDGE('',*,*,#11880,.T.);
#11880 = EDGE_CURVE('',#7024,#7133,#11881,.T.);
#11881 = LINE('',#11882,#11883);
#11882 = CARTESIAN_POINT('',(-4.47343803089,5.51,0.282635182233));
#11883 = VECTOR('',#11884,1.);
#11884 = DIRECTION('',(1.144237745222E-17,1.,0.));
#11885 = ORIENTED_EDGE('',*,*,#7141,.T.);
#11886 = ORIENTED_EDGE('',*,*,#11866,.F.);
#11887 = ORIENTED_EDGE('',*,*,#7032,.F.);
#11888 = PLANE('',#11889);
#11889 = AXIS2_PLACEMENT_3D('',#11890,#11891,#11892);
#11890 = CARTESIAN_POINT('',(-4.47343803089,5.51,0.282635182233));
#11891 = DIRECTION('',(0.985787519508,-1.127975288589E-17,
    -0.167996923731));
#11892 = DIRECTION('',(0.167996923731,-1.922284212135E-18,0.985787519508
    ));
#11893 = ADVANCED_FACE('',(#11894),#11905,.F.);
#11894 = FACE_BOUND('',#11895,.F.);
#11895 = EDGE_LOOP('',(#11896,#11902,#11903,#11904));
#11896 = ORIENTED_EDGE('',*,*,#11897,.T.);
#11897 = EDGE_CURVE('',#7016,#7125,#11898,.T.);
#11898 = LINE('',#11899,#11900);
#11899 = CARTESIAN_POINT('',(-4.571918806191,5.51,0.2));
#11900 = VECTOR('',#11901,1.);
#11901 = DIRECTION('',(1.144237745222E-17,1.,0.));
#11902 = ORIENTED_EDGE('',*,*,#7132,.T.);
#11903 = ORIENTED_EDGE('',*,*,#11880,.F.);
#11904 = ORIENTED_EDGE('',*,*,#7023,.F.);
#11905 = CYLINDRICAL_SURFACE('',#11906,0.1);
#11906 = AXIS2_PLACEMENT_3D('',#11907,#11908,#11909);
#11907 = CARTESIAN_POINT('',(-4.571918806191,5.51,0.3));
#11908 = DIRECTION('',(-1.144237745222E-17,-1.,0.));
#11909 = DIRECTION('',(-8.881784197001E-15,1.016287272312E-31,-1.));
#11910 = ADVANCED_FACE('',(#11911),#11922,.F.);
#11911 = FACE_BOUND('',#11912,.F.);
#11912 = EDGE_LOOP('',(#11913,#11919,#11920,#11921));
#11913 = ORIENTED_EDGE('',*,*,#11914,.T.);
#11914 = EDGE_CURVE('',#7008,#7117,#11915,.T.);
#11915 = LINE('',#11916,#11917);
#11916 = CARTESIAN_POINT('',(-5.15,5.51,0.2));
#11917 = VECTOR('',#11918,1.);
#11918 = DIRECTION('',(1.144237745222E-17,1.,0.));
#11919 = ORIENTED_EDGE('',*,*,#7124,.T.);
#11920 = ORIENTED_EDGE('',*,*,#11897,.F.);
#11921 = ORIENTED_EDGE('',*,*,#7015,.F.);
#11922 = PLANE('',#11923);
#11923 = AXIS2_PLACEMENT_3D('',#11924,#11925,#11926);
#11924 = CARTESIAN_POINT('',(-5.15,5.51,0.2));
#11925 = DIRECTION('',(0.,0.,-1.));
#11926 = DIRECTION('',(1.,-1.144237745222E-17,0.));
#11927 = ADVANCED_FACE('',(#11928),#11939,.F.);
#11928 = FACE_BOUND('',#11929,.F.);
#11929 = EDGE_LOOP('',(#11930,#11936,#11937,#11938));
#11930 = ORIENTED_EDGE('',*,*,#11931,.T.);
#11931 = EDGE_CURVE('',#7000,#7109,#11932,.T.);
#11932 = LINE('',#11933,#11934);
#11933 = CARTESIAN_POINT('',(-5.15,5.51,-2.22044604925E-16));
#11934 = VECTOR('',#11935,1.);
#11935 = DIRECTION('',(1.144237745222E-17,1.,0.));
#11936 = ORIENTED_EDGE('',*,*,#7116,.T.);
#11937 = ORIENTED_EDGE('',*,*,#11914,.F.);
#11938 = ORIENTED_EDGE('',*,*,#7007,.F.);
#11939 = PLANE('',#11940);
#11940 = AXIS2_PLACEMENT_3D('',#11941,#11942,#11943);
#11941 = CARTESIAN_POINT('',(-5.15,5.51,-2.22044604925E-16));
#11942 = DIRECTION('',(1.,-1.144237745222E-17,0.));
#11943 = DIRECTION('',(0.,0.,1.));
#11944 = ADVANCED_FACE('',(#11945),#11956,.F.);
#11945 = FACE_BOUND('',#11946,.F.);
#11946 = EDGE_LOOP('',(#11947,#11953,#11954,#11955));
#11947 = ORIENTED_EDGE('',*,*,#11948,.T.);
#11948 = EDGE_CURVE('',#6991,#7100,#11949,.T.);
#11949 = LINE('',#11950,#11951);
#11950 = CARTESIAN_POINT('',(-4.571918806191,5.51,-2.22044604925E-16));
#11951 = VECTOR('',#11952,1.);
#11952 = DIRECTION('',(1.144237745222E-17,1.,0.));
#11953 = ORIENTED_EDGE('',*,*,#7108,.T.);
#11954 = ORIENTED_EDGE('',*,*,#11931,.F.);
#11955 = ORIENTED_EDGE('',*,*,#6999,.F.);
#11956 = PLANE('',#11957);
#11957 = AXIS2_PLACEMENT_3D('',#11958,#11959,#11960);
#11958 = CARTESIAN_POINT('',(-4.571918806191,5.51,-2.22044604925E-16));
#11959 = DIRECTION('',(0.,0.,1.));
#11960 = DIRECTION('',(-1.,1.144237745222E-17,0.));
#11961 = ADVANCED_FACE('',(#11962),#11973,.T.);
#11962 = FACE_BOUND('',#11963,.T.);
#11963 = EDGE_LOOP('',(#11964,#11965,#11966,#11967));
#11964 = ORIENTED_EDGE('',*,*,#6990,.T.);
#11965 = ORIENTED_EDGE('',*,*,#11948,.T.);
#11966 = ORIENTED_EDGE('',*,*,#7099,.F.);
#11967 = ORIENTED_EDGE('',*,*,#11968,.F.);
#11968 = EDGE_CURVE('',#6983,#7092,#11969,.T.);
#11969 = LINE('',#11970,#11971);
#11970 = CARTESIAN_POINT('',(-4.276476480287,5.51,0.2479055467));
#11971 = VECTOR('',#11972,1.);
#11972 = DIRECTION('',(1.144237745222E-17,1.,0.));
#11973 = CYLINDRICAL_SURFACE('',#11974,0.3);
#11974 = AXIS2_PLACEMENT_3D('',#11975,#11976,#11977);
#11975 = CARTESIAN_POINT('',(-4.571918806191,5.51,0.3));
#11976 = DIRECTION('',(-1.144237745222E-17,-1.,0.));
#11977 = DIRECTION('',(0.984807753012,-1.126854202784E-17,
    -0.173648177667));
#11978 = ADVANCED_FACE('',(#11979),#11985,.F.);
#11979 = FACE_BOUND('',#11980,.F.);
#11980 = EDGE_LOOP('',(#11981,#11982,#11983,#11984));
#11981 = ORIENTED_EDGE('',*,*,#7073,.T.);
#11982 = ORIENTED_EDGE('',*,*,#7091,.T.);
#11983 = ORIENTED_EDGE('',*,*,#11968,.F.);
#11984 = ORIENTED_EDGE('',*,*,#6982,.F.);
#11985 = PLANE('',#11986);
#11986 = AXIS2_PLACEMENT_3D('',#11987,#11988,#11989);
#11987 = CARTESIAN_POINT('',(-4.098480775301,5.51,1.292364817767));
#11988 = DIRECTION('',(-0.985787519508,1.127975288589E-17,0.167996923731
    ));
#11989 = DIRECTION('',(-0.167996923731,1.922284212135E-18,
    -0.985787519508));
#11990 = ADVANCED_FACE('',(#11991),#12002,.F.);
#11991 = FACE_BOUND('',#11992,.F.);
#11992 = EDGE_LOOP('',(#11993,#11999,#12000,#12001));
#11993 = ORIENTED_EDGE('',*,*,#11994,.T.);
#11994 = EDGE_CURVE('',#7242,#7344,#11995,.T.);
#11995 = LINE('',#11996,#11997);
#11996 = CARTESIAN_POINT('',(-4.47343803089,6.78,0.282635182233));
#11997 = VECTOR('',#11998,1.);
#11998 = DIRECTION('',(1.144237745222E-17,1.,0.));
#11999 = ORIENTED_EDGE('',*,*,#7352,.T.);
#12000 = ORIENTED_EDGE('',*,*,#10014,.F.);
#12001 = ORIENTED_EDGE('',*,*,#7250,.F.);
#12002 = PLANE('',#12003);
#12003 = AXIS2_PLACEMENT_3D('',#12004,#12005,#12006);
#12004 = CARTESIAN_POINT('',(-4.47343803089,6.78,0.282635182233));
#12005 = DIRECTION('',(0.985787519508,-1.127975288589E-17,
    -0.167996923731));
#12006 = DIRECTION('',(0.167996923731,-1.922284212135E-18,0.985787519508
    ));
#12007 = ADVANCED_FACE('',(#12008),#12019,.F.);
#12008 = FACE_BOUND('',#12009,.F.);
#12009 = EDGE_LOOP('',(#12010,#12016,#12017,#12018));
#12010 = ORIENTED_EDGE('',*,*,#12011,.T.);
#12011 = EDGE_CURVE('',#7234,#7336,#12012,.T.);
#12012 = LINE('',#12013,#12014);
#12013 = CARTESIAN_POINT('',(-4.571918806191,6.78,0.2));
#12014 = VECTOR('',#12015,1.);
#12015 = DIRECTION('',(1.144237745222E-17,1.,0.));
#12016 = ORIENTED_EDGE('',*,*,#7343,.T.);
#12017 = ORIENTED_EDGE('',*,*,#11994,.F.);
#12018 = ORIENTED_EDGE('',*,*,#7241,.F.);
#12019 = CYLINDRICAL_SURFACE('',#12020,0.1);
#12020 = AXIS2_PLACEMENT_3D('',#12021,#12022,#12023);
#12021 = CARTESIAN_POINT('',(-4.571918806191,6.78,0.3));
#12022 = DIRECTION('',(-1.144237745222E-17,-1.,0.));
#12023 = DIRECTION('',(-8.881784197001E-15,1.016287272312E-31,-1.));
#12024 = ADVANCED_FACE('',(#12025),#12036,.F.);
#12025 = FACE_BOUND('',#12026,.F.);
#12026 = EDGE_LOOP('',(#12027,#12033,#12034,#12035));
#12027 = ORIENTED_EDGE('',*,*,#12028,.T.);
#12028 = EDGE_CURVE('',#7226,#7328,#12029,.T.);
#12029 = LINE('',#12030,#12031);
#12030 = CARTESIAN_POINT('',(-5.15,6.78,0.2));
#12031 = VECTOR('',#12032,1.);
#12032 = DIRECTION('',(1.144237745222E-17,1.,0.));
#12033 = ORIENTED_EDGE('',*,*,#7335,.T.);
#12034 = ORIENTED_EDGE('',*,*,#12011,.F.);
#12035 = ORIENTED_EDGE('',*,*,#7233,.F.);
#12036 = PLANE('',#12037);
#12037 = AXIS2_PLACEMENT_3D('',#12038,#12039,#12040);
#12038 = CARTESIAN_POINT('',(-5.15,6.78,0.2));
#12039 = DIRECTION('',(0.,0.,-1.));
#12040 = DIRECTION('',(1.,-1.144237745222E-17,0.));
#12041 = ADVANCED_FACE('',(#12042),#12053,.F.);
#12042 = FACE_BOUND('',#12043,.F.);
#12043 = EDGE_LOOP('',(#12044,#12050,#12051,#12052));
#12044 = ORIENTED_EDGE('',*,*,#12045,.T.);
#12045 = EDGE_CURVE('',#7218,#7320,#12046,.T.);
#12046 = LINE('',#12047,#12048);
#12047 = CARTESIAN_POINT('',(-5.15,6.78,-2.22044604925E-16));
#12048 = VECTOR('',#12049,1.);
#12049 = DIRECTION('',(1.144237745222E-17,1.,0.));
#12050 = ORIENTED_EDGE('',*,*,#7327,.T.);
#12051 = ORIENTED_EDGE('',*,*,#12028,.F.);
#12052 = ORIENTED_EDGE('',*,*,#7225,.F.);
#12053 = PLANE('',#12054);
#12054 = AXIS2_PLACEMENT_3D('',#12055,#12056,#12057);
#12055 = CARTESIAN_POINT('',(-5.15,6.78,-2.22044604925E-16));
#12056 = DIRECTION('',(1.,-1.144237745222E-17,0.));
#12057 = DIRECTION('',(0.,0.,1.));
#12058 = ADVANCED_FACE('',(#12059),#12070,.F.);
#12059 = FACE_BOUND('',#12060,.F.);
#12060 = EDGE_LOOP('',(#12061,#12067,#12068,#12069));
#12061 = ORIENTED_EDGE('',*,*,#12062,.T.);
#12062 = EDGE_CURVE('',#7209,#7311,#12063,.T.);
#12063 = LINE('',#12064,#12065);
#12064 = CARTESIAN_POINT('',(-4.571918806191,6.78,-2.22044604925E-16));
#12065 = VECTOR('',#12066,1.);
#12066 = DIRECTION('',(1.144237745222E-17,1.,0.));
#12067 = ORIENTED_EDGE('',*,*,#7319,.T.);
#12068 = ORIENTED_EDGE('',*,*,#12045,.F.);
#12069 = ORIENTED_EDGE('',*,*,#7217,.F.);
#12070 = PLANE('',#12071);
#12071 = AXIS2_PLACEMENT_3D('',#12072,#12073,#12074);
#12072 = CARTESIAN_POINT('',(-4.571918806191,6.78,-2.22044604925E-16));
#12073 = DIRECTION('',(0.,0.,1.));
#12074 = DIRECTION('',(-1.,1.144237745222E-17,0.));
#12075 = ADVANCED_FACE('',(#12076),#12087,.T.);
#12076 = FACE_BOUND('',#12077,.T.);
#12077 = EDGE_LOOP('',(#12078,#12079,#12080,#12081));
#12078 = ORIENTED_EDGE('',*,*,#7208,.T.);
#12079 = ORIENTED_EDGE('',*,*,#12062,.T.);
#12080 = ORIENTED_EDGE('',*,*,#7310,.F.);
#12081 = ORIENTED_EDGE('',*,*,#12082,.F.);
#12082 = EDGE_CURVE('',#7201,#7303,#12083,.T.);
#12083 = LINE('',#12084,#12085);
#12084 = CARTESIAN_POINT('',(-4.276476480287,6.78,0.2479055467));
#12085 = VECTOR('',#12086,1.);
#12086 = DIRECTION('',(1.144237745222E-17,1.,0.));
#12087 = CYLINDRICAL_SURFACE('',#12088,0.3);
#12088 = AXIS2_PLACEMENT_3D('',#12089,#12090,#12091);
#12089 = CARTESIAN_POINT('',(-4.571918806191,6.78,0.3));
#12090 = DIRECTION('',(-1.144237745222E-17,-1.,0.));
#12091 = DIRECTION('',(0.984807753012,-1.126854202784E-17,
    -0.173648177667));
#12092 = ADVANCED_FACE('',(#12093),#12099,.F.);
#12093 = FACE_BOUND('',#12094,.F.);
#12094 = EDGE_LOOP('',(#12095,#12096,#12097,#12098));
#12095 = ORIENTED_EDGE('',*,*,#7284,.T.);
#12096 = ORIENTED_EDGE('',*,*,#7302,.T.);
#12097 = ORIENTED_EDGE('',*,*,#12082,.F.);
#12098 = ORIENTED_EDGE('',*,*,#7200,.F.);
#12099 = PLANE('',#12100);
#12100 = AXIS2_PLACEMENT_3D('',#12101,#12102,#12103);
#12101 = CARTESIAN_POINT('',(-4.098480775301,6.78,1.292364817767));
#12102 = DIRECTION('',(-0.985787519508,1.127975288589E-17,0.167996923731
    ));
#12103 = DIRECTION('',(-0.167996923731,1.922284212135E-18,
    -0.985787519508));
#12104 = ADVANCED_FACE('',(#12105),#12116,.F.);
#12105 = FACE_BOUND('',#12106,.F.);
#12106 = EDGE_LOOP('',(#12107,#12113,#12114,#12115));
#12107 = ORIENTED_EDGE('',*,*,#12108,.T.);
#12108 = EDGE_CURVE('',#7429,#7531,#12109,.T.);
#12109 = LINE('',#12110,#12111);
#12110 = CARTESIAN_POINT('',(4.47343803089,7.19,0.282635182233));
#12111 = VECTOR('',#12112,1.);
#12112 = DIRECTION('',(1.110223024625E-16,-1.,0.));
#12113 = ORIENTED_EDGE('',*,*,#7539,.T.);
#12114 = ORIENTED_EDGE('',*,*,#10527,.F.);
#12115 = ORIENTED_EDGE('',*,*,#7437,.F.);
#12116 = PLANE('',#12117);
#12117 = AXIS2_PLACEMENT_3D('',#12118,#12119,#12120);
#12118 = CARTESIAN_POINT('',(4.47343803089,7.19,0.282635182233));
#12119 = DIRECTION('',(-0.985787519508,-1.094444001546E-16,
    -0.167996923731));
#12120 = DIRECTION('',(-0.167996923731,-1.865140527917E-17,
    0.985787519508));
#12121 = ADVANCED_FACE('',(#12122),#12133,.F.);
#12122 = FACE_BOUND('',#12123,.F.);
#12123 = EDGE_LOOP('',(#12124,#12130,#12131,#12132));
#12124 = ORIENTED_EDGE('',*,*,#12125,.T.);
#12125 = EDGE_CURVE('',#7421,#7523,#12126,.T.);
#12126 = LINE('',#12127,#12128);
#12127 = CARTESIAN_POINT('',(4.571918806191,7.19,0.2));
#12128 = VECTOR('',#12129,1.);
#12129 = DIRECTION('',(1.110223024625E-16,-1.,0.));
#12130 = ORIENTED_EDGE('',*,*,#7530,.T.);
#12131 = ORIENTED_EDGE('',*,*,#12108,.F.);
#12132 = ORIENTED_EDGE('',*,*,#7428,.F.);
#12133 = CYLINDRICAL_SURFACE('',#12134,0.1);
#12134 = AXIS2_PLACEMENT_3D('',#12135,#12136,#12137);
#12135 = CARTESIAN_POINT('',(4.571918806191,7.19,0.3));
#12136 = DIRECTION('',(-1.110223024625E-16,1.,0.));
#12137 = DIRECTION('',(8.881784197001E-15,9.860761315261E-31,-1.));
#12138 = ADVANCED_FACE('',(#12139),#12150,.F.);
#12139 = FACE_BOUND('',#12140,.F.);
#12140 = EDGE_LOOP('',(#12141,#12147,#12148,#12149));
#12141 = ORIENTED_EDGE('',*,*,#12142,.T.);
#12142 = EDGE_CURVE('',#7413,#7515,#12143,.T.);
#12143 = LINE('',#12144,#12145);
#12144 = CARTESIAN_POINT('',(5.15,7.19,0.2));
#12145 = VECTOR('',#12146,1.);
#12146 = DIRECTION('',(1.110223024625E-16,-1.,0.));
#12147 = ORIENTED_EDGE('',*,*,#7522,.T.);
#12148 = ORIENTED_EDGE('',*,*,#12125,.F.);
#12149 = ORIENTED_EDGE('',*,*,#7420,.F.);
#12150 = PLANE('',#12151);
#12151 = AXIS2_PLACEMENT_3D('',#12152,#12153,#12154);
#12152 = CARTESIAN_POINT('',(5.15,7.19,0.2));
#12153 = DIRECTION('',(0.,0.,-1.));
#12154 = DIRECTION('',(-1.,-1.110223024625E-16,-0.));
#12155 = ADVANCED_FACE('',(#12156),#12167,.F.);
#12156 = FACE_BOUND('',#12157,.F.);
#12157 = EDGE_LOOP('',(#12158,#12164,#12165,#12166));
#12158 = ORIENTED_EDGE('',*,*,#12159,.T.);
#12159 = EDGE_CURVE('',#7405,#7507,#12160,.T.);
#12160 = LINE('',#12161,#12162);
#12161 = CARTESIAN_POINT('',(5.15,7.19,-2.22044604925E-16));
#12162 = VECTOR('',#12163,1.);
#12163 = DIRECTION('',(1.110223024625E-16,-1.,0.));
#12164 = ORIENTED_EDGE('',*,*,#7514,.T.);
#12165 = ORIENTED_EDGE('',*,*,#12142,.F.);
#12166 = ORIENTED_EDGE('',*,*,#7412,.F.);
#12167 = PLANE('',#12168);
#12168 = AXIS2_PLACEMENT_3D('',#12169,#12170,#12171);
#12169 = CARTESIAN_POINT('',(5.15,7.19,-2.22044604925E-16));
#12170 = DIRECTION('',(-1.,-1.110223024625E-16,0.));
#12171 = DIRECTION('',(0.,0.,1.));
#12172 = ADVANCED_FACE('',(#12173),#12184,.F.);
#12173 = FACE_BOUND('',#12174,.F.);
#12174 = EDGE_LOOP('',(#12175,#12181,#12182,#12183));
#12175 = ORIENTED_EDGE('',*,*,#12176,.T.);
#12176 = EDGE_CURVE('',#7396,#7498,#12177,.T.);
#12177 = LINE('',#12178,#12179);
#12178 = CARTESIAN_POINT('',(4.571918806191,7.19,-2.22044604925E-16));
#12179 = VECTOR('',#12180,1.);
#12180 = DIRECTION('',(1.110223024625E-16,-1.,0.));
#12181 = ORIENTED_EDGE('',*,*,#7506,.T.);
#12182 = ORIENTED_EDGE('',*,*,#12159,.F.);
#12183 = ORIENTED_EDGE('',*,*,#7404,.F.);
#12184 = PLANE('',#12185);
#12185 = AXIS2_PLACEMENT_3D('',#12186,#12187,#12188);
#12186 = CARTESIAN_POINT('',(4.571918806191,7.19,-2.22044604925E-16));
#12187 = DIRECTION('',(0.,0.,1.));
#12188 = DIRECTION('',(1.,1.110223024625E-16,-0.));
#12189 = ADVANCED_FACE('',(#12190),#12201,.T.);
#12190 = FACE_BOUND('',#12191,.T.);
#12191 = EDGE_LOOP('',(#12192,#12193,#12194,#12195));
#12192 = ORIENTED_EDGE('',*,*,#7395,.T.);
#12193 = ORIENTED_EDGE('',*,*,#12176,.T.);
#12194 = ORIENTED_EDGE('',*,*,#7497,.F.);
#12195 = ORIENTED_EDGE('',*,*,#12196,.F.);
#12196 = EDGE_CURVE('',#7388,#7490,#12197,.T.);
#12197 = LINE('',#12198,#12199);
#12198 = CARTESIAN_POINT('',(4.276476480287,7.19,0.2479055467));
#12199 = VECTOR('',#12200,1.);
#12200 = DIRECTION('',(1.110223024625E-16,-1.,0.));
#12201 = CYLINDRICAL_SURFACE('',#12202,0.3);
#12202 = AXIS2_PLACEMENT_3D('',#12203,#12204,#12205);
#12203 = CARTESIAN_POINT('',(4.571918806191,7.19,0.3));
#12204 = DIRECTION('',(-1.110223024625E-16,1.,0.));
#12205 = DIRECTION('',(-0.984807753012,-1.093356242223E-16,
    -0.173648177667));
#12206 = ADVANCED_FACE('',(#12207),#12213,.F.);
#12207 = FACE_BOUND('',#12208,.F.);
#12208 = EDGE_LOOP('',(#12209,#12210,#12211,#12212));
#12209 = ORIENTED_EDGE('',*,*,#7471,.T.);
#12210 = ORIENTED_EDGE('',*,*,#7489,.T.);
#12211 = ORIENTED_EDGE('',*,*,#12196,.F.);
#12212 = ORIENTED_EDGE('',*,*,#7387,.F.);
#12213 = PLANE('',#12214);
#12214 = AXIS2_PLACEMENT_3D('',#12215,#12216,#12217);
#12215 = CARTESIAN_POINT('',(4.098480775301,7.19,1.292364817767));
#12216 = DIRECTION('',(0.985787519508,1.094444001546E-16,0.167996923731)
  );
#12217 = DIRECTION('',(0.167996923731,1.865140527917E-17,-0.985787519508
    ));
#12218 = ADVANCED_FACE('',(#12219),#12230,.T.);
#12219 = FACE_BOUND('',#12220,.T.);
#12220 = EDGE_LOOP('',(#12221,#12222,#12223,#12224));
#12221 = ORIENTED_EDGE('',*,*,#7649,.T.);
#12222 = ORIENTED_EDGE('',*,*,#10300,.T.);
#12223 = ORIENTED_EDGE('',*,*,#7758,.F.);
#12224 = ORIENTED_EDGE('',*,*,#12225,.F.);
#12225 = EDGE_CURVE('',#7642,#7751,#12226,.T.);
#12226 = LINE('',#12227,#12228);
#12227 = CARTESIAN_POINT('',(4.295442325904,5.92,1.3270944533));
#12228 = VECTOR('',#12229,1.);
#12229 = DIRECTION('',(1.110223024625E-16,-1.,0.));
#12230 = CYLINDRICAL_SURFACE('',#12231,0.3);
#12231 = AXIS2_PLACEMENT_3D('',#12232,#12233,#12234);
#12232 = CARTESIAN_POINT('',(4.,5.92,1.275));
#12233 = DIRECTION('',(-1.110223024625E-16,1.,0.));
#12234 = DIRECTION('',(0.984807753012,1.093356242223E-16,0.173648177667)
  );
#12235 = ADVANCED_FACE('',(#12236),#12247,.F.);
#12236 = FACE_BOUND('',#12237,.F.);
#12237 = EDGE_LOOP('',(#12238,#12244,#12245,#12246));
#12238 = ORIENTED_EDGE('',*,*,#12239,.T.);
#12239 = EDGE_CURVE('',#7633,#7742,#12240,.T.);
#12240 = LINE('',#12241,#12242);
#12241 = CARTESIAN_POINT('',(4.47343803089,5.92,0.282635182233));
#12242 = VECTOR('',#12243,1.);
#12243 = DIRECTION('',(1.110223024625E-16,-1.,0.));
#12244 = ORIENTED_EDGE('',*,*,#7750,.T.);
#12245 = ORIENTED_EDGE('',*,*,#12225,.F.);
#12246 = ORIENTED_EDGE('',*,*,#7641,.F.);
#12247 = PLANE('',#12248);
#12248 = AXIS2_PLACEMENT_3D('',#12249,#12250,#12251);
#12249 = CARTESIAN_POINT('',(4.47343803089,5.92,0.282635182233));
#12250 = DIRECTION('',(-0.985787519508,-1.094444001546E-16,
    -0.167996923731));
#12251 = DIRECTION('',(-0.167996923731,-1.865140527917E-17,
    0.985787519508));
#12252 = ADVANCED_FACE('',(#12253),#12264,.F.);
#12253 = FACE_BOUND('',#12254,.F.);
#12254 = EDGE_LOOP('',(#12255,#12261,#12262,#12263));
#12255 = ORIENTED_EDGE('',*,*,#12256,.T.);
#12256 = EDGE_CURVE('',#7625,#7734,#12257,.T.);
#12257 = LINE('',#12258,#12259);
#12258 = CARTESIAN_POINT('',(4.571918806191,5.92,0.2));
#12259 = VECTOR('',#12260,1.);
#12260 = DIRECTION('',(1.110223024625E-16,-1.,0.));
#12261 = ORIENTED_EDGE('',*,*,#7741,.T.);
#12262 = ORIENTED_EDGE('',*,*,#12239,.F.);
#12263 = ORIENTED_EDGE('',*,*,#7632,.F.);
#12264 = CYLINDRICAL_SURFACE('',#12265,0.1);
#12265 = AXIS2_PLACEMENT_3D('',#12266,#12267,#12268);
#12266 = CARTESIAN_POINT('',(4.571918806191,5.92,0.3));
#12267 = DIRECTION('',(-1.110223024625E-16,1.,0.));
#12268 = DIRECTION('',(8.881784197001E-15,9.860761315261E-31,-1.));
#12269 = ADVANCED_FACE('',(#12270),#12281,.F.);
#12270 = FACE_BOUND('',#12271,.F.);
#12271 = EDGE_LOOP('',(#12272,#12278,#12279,#12280));
#12272 = ORIENTED_EDGE('',*,*,#12273,.T.);
#12273 = EDGE_CURVE('',#7617,#7726,#12274,.T.);
#12274 = LINE('',#12275,#12276);
#12275 = CARTESIAN_POINT('',(5.15,5.92,0.2));
#12276 = VECTOR('',#12277,1.);
#12277 = DIRECTION('',(1.110223024625E-16,-1.,0.));
#12278 = ORIENTED_EDGE('',*,*,#7733,.T.);
#12279 = ORIENTED_EDGE('',*,*,#12256,.F.);
#12280 = ORIENTED_EDGE('',*,*,#7624,.F.);
#12281 = PLANE('',#12282);
#12282 = AXIS2_PLACEMENT_3D('',#12283,#12284,#12285);
#12283 = CARTESIAN_POINT('',(5.15,5.92,0.2));
#12284 = DIRECTION('',(0.,0.,-1.));
#12285 = DIRECTION('',(-1.,-1.110223024625E-16,-0.));
#12286 = ADVANCED_FACE('',(#12287),#12298,.F.);
#12287 = FACE_BOUND('',#12288,.F.);
#12288 = EDGE_LOOP('',(#12289,#12295,#12296,#12297));
#12289 = ORIENTED_EDGE('',*,*,#12290,.T.);
#12290 = EDGE_CURVE('',#7609,#7718,#12291,.T.);
#12291 = LINE('',#12292,#12293);
#12292 = CARTESIAN_POINT('',(5.15,5.92,-2.22044604925E-16));
#12293 = VECTOR('',#12294,1.);
#12294 = DIRECTION('',(1.110223024625E-16,-1.,0.));
#12295 = ORIENTED_EDGE('',*,*,#7725,.T.);
#12296 = ORIENTED_EDGE('',*,*,#12273,.F.);
#12297 = ORIENTED_EDGE('',*,*,#7616,.F.);
#12298 = PLANE('',#12299);
#12299 = AXIS2_PLACEMENT_3D('',#12300,#12301,#12302);
#12300 = CARTESIAN_POINT('',(5.15,5.92,-2.22044604925E-16));
#12301 = DIRECTION('',(-1.,-1.110223024625E-16,0.));
#12302 = DIRECTION('',(0.,0.,1.));
#12303 = ADVANCED_FACE('',(#12304),#12315,.F.);
#12304 = FACE_BOUND('',#12305,.F.);
#12305 = EDGE_LOOP('',(#12306,#12312,#12313,#12314));
#12306 = ORIENTED_EDGE('',*,*,#12307,.T.);
#12307 = EDGE_CURVE('',#7600,#7709,#12308,.T.);
#12308 = LINE('',#12309,#12310);
#12309 = CARTESIAN_POINT('',(4.571918806191,5.92,-2.22044604925E-16));
#12310 = VECTOR('',#12311,1.);
#12311 = DIRECTION('',(1.110223024625E-16,-1.,0.));
#12312 = ORIENTED_EDGE('',*,*,#7717,.T.);
#12313 = ORIENTED_EDGE('',*,*,#12290,.F.);
#12314 = ORIENTED_EDGE('',*,*,#7608,.F.);
#12315 = PLANE('',#12316);
#12316 = AXIS2_PLACEMENT_3D('',#12317,#12318,#12319);
#12317 = CARTESIAN_POINT('',(4.571918806191,5.92,-2.22044604925E-16));
#12318 = DIRECTION('',(0.,0.,1.));
#12319 = DIRECTION('',(1.,1.110223024625E-16,-0.));
#12320 = ADVANCED_FACE('',(#12321),#12332,.T.);
#12321 = FACE_BOUND('',#12322,.T.);
#12322 = EDGE_LOOP('',(#12323,#12324,#12325,#12326));
#12323 = ORIENTED_EDGE('',*,*,#7599,.T.);
#12324 = ORIENTED_EDGE('',*,*,#12307,.T.);
#12325 = ORIENTED_EDGE('',*,*,#7708,.F.);
#12326 = ORIENTED_EDGE('',*,*,#12327,.F.);
#12327 = EDGE_CURVE('',#7592,#7701,#12328,.T.);
#12328 = LINE('',#12329,#12330);
#12329 = CARTESIAN_POINT('',(4.276476480287,5.92,0.2479055467));
#12330 = VECTOR('',#12331,1.);
#12331 = DIRECTION('',(1.110223024625E-16,-1.,0.));
#12332 = CYLINDRICAL_SURFACE('',#12333,0.3);
#12333 = AXIS2_PLACEMENT_3D('',#12334,#12335,#12336);
#12334 = CARTESIAN_POINT('',(4.571918806191,5.92,0.3));
#12335 = DIRECTION('',(-1.110223024625E-16,1.,0.));
#12336 = DIRECTION('',(-0.984807753012,-1.093356242223E-16,
    -0.173648177667));
#12337 = ADVANCED_FACE('',(#12338),#12344,.F.);
#12338 = FACE_BOUND('',#12339,.F.);
#12339 = EDGE_LOOP('',(#12340,#12341,#12342,#12343));
#12340 = ORIENTED_EDGE('',*,*,#7682,.T.);
#12341 = ORIENTED_EDGE('',*,*,#7700,.T.);
#12342 = ORIENTED_EDGE('',*,*,#12327,.F.);
#12343 = ORIENTED_EDGE('',*,*,#7591,.F.);
#12344 = PLANE('',#12345);
#12345 = AXIS2_PLACEMENT_3D('',#12346,#12347,#12348);
#12346 = CARTESIAN_POINT('',(4.098480775301,5.92,1.292364817767));
#12347 = DIRECTION('',(0.985787519508,1.094444001546E-16,0.167996923731)
  );
#12348 = DIRECTION('',(0.167996923731,1.865140527917E-17,-0.985787519508
    ));
#12349 = ADVANCED_FACE('',(#12350),#12361,.T.);
#12350 = FACE_BOUND('',#12351,.T.);
#12351 = EDGE_LOOP('',(#12352,#12353,#12354,#12355));
#12352 = ORIENTED_EDGE('',*,*,#7872,.T.);
#12353 = ORIENTED_EDGE('',*,*,#10319,.T.);
#12354 = ORIENTED_EDGE('',*,*,#7981,.F.);
#12355 = ORIENTED_EDGE('',*,*,#12356,.F.);
#12356 = EDGE_CURVE('',#7865,#7974,#12357,.T.);
#12357 = LINE('',#12358,#12359);
#12358 = CARTESIAN_POINT('',(4.295442325904,4.65,1.3270944533));
#12359 = VECTOR('',#12360,1.);
#12360 = DIRECTION('',(1.110223024625E-16,-1.,0.));
#12361 = CYLINDRICAL_SURFACE('',#12362,0.3);
#12362 = AXIS2_PLACEMENT_3D('',#12363,#12364,#12365);
#12363 = CARTESIAN_POINT('',(4.,4.65,1.275));
#12364 = DIRECTION('',(-1.110223024625E-16,1.,0.));
#12365 = DIRECTION('',(0.984807753012,1.093356242223E-16,0.173648177667)
  );
#12366 = ADVANCED_FACE('',(#12367),#12378,.F.);
#12367 = FACE_BOUND('',#12368,.F.);
#12368 = EDGE_LOOP('',(#12369,#12375,#12376,#12377));
#12369 = ORIENTED_EDGE('',*,*,#12370,.T.);
#12370 = EDGE_CURVE('',#7856,#7965,#12371,.T.);
#12371 = LINE('',#12372,#12373);
#12372 = CARTESIAN_POINT('',(4.47343803089,4.65,0.282635182233));
#12373 = VECTOR('',#12374,1.);
#12374 = DIRECTION('',(1.110223024625E-16,-1.,0.));
#12375 = ORIENTED_EDGE('',*,*,#7973,.T.);
#12376 = ORIENTED_EDGE('',*,*,#12356,.F.);
#12377 = ORIENTED_EDGE('',*,*,#7864,.F.);
#12378 = PLANE('',#12379);
#12379 = AXIS2_PLACEMENT_3D('',#12380,#12381,#12382);
#12380 = CARTESIAN_POINT('',(4.47343803089,4.65,0.282635182233));
#12381 = DIRECTION('',(-0.985787519508,-1.094444001546E-16,
    -0.167996923731));
#12382 = DIRECTION('',(-0.167996923731,-1.865140527917E-17,
    0.985787519508));
#12383 = ADVANCED_FACE('',(#12384),#12395,.F.);
#12384 = FACE_BOUND('',#12385,.F.);
#12385 = EDGE_LOOP('',(#12386,#12392,#12393,#12394));
#12386 = ORIENTED_EDGE('',*,*,#12387,.T.);
#12387 = EDGE_CURVE('',#7848,#7957,#12388,.T.);
#12388 = LINE('',#12389,#12390);
#12389 = CARTESIAN_POINT('',(4.571918806191,4.65,0.2));
#12390 = VECTOR('',#12391,1.);
#12391 = DIRECTION('',(1.110223024625E-16,-1.,0.));
#12392 = ORIENTED_EDGE('',*,*,#7964,.T.);
#12393 = ORIENTED_EDGE('',*,*,#12370,.F.);
#12394 = ORIENTED_EDGE('',*,*,#7855,.F.);
#12395 = CYLINDRICAL_SURFACE('',#12396,0.1);
#12396 = AXIS2_PLACEMENT_3D('',#12397,#12398,#12399);
#12397 = CARTESIAN_POINT('',(4.571918806191,4.65,0.3));
#12398 = DIRECTION('',(-1.110223024625E-16,1.,0.));
#12399 = DIRECTION('',(8.881784197001E-15,9.860761315261E-31,-1.));
#12400 = ADVANCED_FACE('',(#12401),#12412,.F.);
#12401 = FACE_BOUND('',#12402,.F.);
#12402 = EDGE_LOOP('',(#12403,#12409,#12410,#12411));
#12403 = ORIENTED_EDGE('',*,*,#12404,.T.);
#12404 = EDGE_CURVE('',#7840,#7949,#12405,.T.);
#12405 = LINE('',#12406,#12407);
#12406 = CARTESIAN_POINT('',(5.15,4.65,0.2));
#12407 = VECTOR('',#12408,1.);
#12408 = DIRECTION('',(1.110223024625E-16,-1.,0.));
#12409 = ORIENTED_EDGE('',*,*,#7956,.T.);
#12410 = ORIENTED_EDGE('',*,*,#12387,.F.);
#12411 = ORIENTED_EDGE('',*,*,#7847,.F.);
#12412 = PLANE('',#12413);
#12413 = AXIS2_PLACEMENT_3D('',#12414,#12415,#12416);
#12414 = CARTESIAN_POINT('',(5.15,4.65,0.2));
#12415 = DIRECTION('',(0.,0.,-1.));
#12416 = DIRECTION('',(-1.,-1.110223024625E-16,-0.));
#12417 = ADVANCED_FACE('',(#12418),#12429,.F.);
#12418 = FACE_BOUND('',#12419,.F.);
#12419 = EDGE_LOOP('',(#12420,#12426,#12427,#12428));
#12420 = ORIENTED_EDGE('',*,*,#12421,.T.);
#12421 = EDGE_CURVE('',#7832,#7941,#12422,.T.);
#12422 = LINE('',#12423,#12424);
#12423 = CARTESIAN_POINT('',(5.15,4.65,-2.22044604925E-16));
#12424 = VECTOR('',#12425,1.);
#12425 = DIRECTION('',(1.110223024625E-16,-1.,0.));
#12426 = ORIENTED_EDGE('',*,*,#7948,.T.);
#12427 = ORIENTED_EDGE('',*,*,#12404,.F.);
#12428 = ORIENTED_EDGE('',*,*,#7839,.F.);
#12429 = PLANE('',#12430);
#12430 = AXIS2_PLACEMENT_3D('',#12431,#12432,#12433);
#12431 = CARTESIAN_POINT('',(5.15,4.65,-2.22044604925E-16));
#12432 = DIRECTION('',(-1.,-1.110223024625E-16,0.));
#12433 = DIRECTION('',(0.,0.,1.));
#12434 = ADVANCED_FACE('',(#12435),#12446,.F.);
#12435 = FACE_BOUND('',#12436,.F.);
#12436 = EDGE_LOOP('',(#12437,#12443,#12444,#12445));
#12437 = ORIENTED_EDGE('',*,*,#12438,.T.);
#12438 = EDGE_CURVE('',#7823,#7932,#12439,.T.);
#12439 = LINE('',#12440,#12441);
#12440 = CARTESIAN_POINT('',(4.571918806191,4.65,-2.22044604925E-16));
#12441 = VECTOR('',#12442,1.);
#12442 = DIRECTION('',(1.110223024625E-16,-1.,0.));
#12443 = ORIENTED_EDGE('',*,*,#7940,.T.);
#12444 = ORIENTED_EDGE('',*,*,#12421,.F.);
#12445 = ORIENTED_EDGE('',*,*,#7831,.F.);
#12446 = PLANE('',#12447);
#12447 = AXIS2_PLACEMENT_3D('',#12448,#12449,#12450);
#12448 = CARTESIAN_POINT('',(4.571918806191,4.65,-2.22044604925E-16));
#12449 = DIRECTION('',(0.,0.,1.));
#12450 = DIRECTION('',(1.,1.110223024625E-16,-0.));
#12451 = ADVANCED_FACE('',(#12452),#12463,.T.);
#12452 = FACE_BOUND('',#12453,.T.);
#12453 = EDGE_LOOP('',(#12454,#12455,#12456,#12457));
#12454 = ORIENTED_EDGE('',*,*,#7822,.T.);
#12455 = ORIENTED_EDGE('',*,*,#12438,.T.);
#12456 = ORIENTED_EDGE('',*,*,#7931,.F.);
#12457 = ORIENTED_EDGE('',*,*,#12458,.F.);
#12458 = EDGE_CURVE('',#7815,#7924,#12459,.T.);
#12459 = LINE('',#12460,#12461);
#12460 = CARTESIAN_POINT('',(4.276476480287,4.65,0.2479055467));
#12461 = VECTOR('',#12462,1.);
#12462 = DIRECTION('',(1.110223024625E-16,-1.,0.));
#12463 = CYLINDRICAL_SURFACE('',#12464,0.3);
#12464 = AXIS2_PLACEMENT_3D('',#12465,#12466,#12467);
#12465 = CARTESIAN_POINT('',(4.571918806191,4.65,0.3));
#12466 = DIRECTION('',(-1.110223024625E-16,1.,0.));
#12467 = DIRECTION('',(-0.984807753012,-1.093356242223E-16,
    -0.173648177667));
#12468 = ADVANCED_FACE('',(#12469),#12475,.F.);
#12469 = FACE_BOUND('',#12470,.F.);
#12470 = EDGE_LOOP('',(#12471,#12472,#12473,#12474));
#12471 = ORIENTED_EDGE('',*,*,#7905,.T.);
#12472 = ORIENTED_EDGE('',*,*,#7923,.T.);
#12473 = ORIENTED_EDGE('',*,*,#12458,.F.);
#12474 = ORIENTED_EDGE('',*,*,#7814,.F.);
#12475 = PLANE('',#12476);
#12476 = AXIS2_PLACEMENT_3D('',#12477,#12478,#12479);
#12477 = CARTESIAN_POINT('',(4.098480775301,4.65,1.292364817767));
#12478 = DIRECTION('',(0.985787519508,1.094444001546E-16,0.167996923731)
  );
#12479 = DIRECTION('',(0.167996923731,1.865140527917E-17,-0.985787519508
    ));
#12480 = ADVANCED_FACE('',(#12481),#12492,.T.);
#12481 = FACE_BOUND('',#12482,.T.);
#12482 = EDGE_LOOP('',(#12483,#12484,#12485,#12486));
#12483 = ORIENTED_EDGE('',*,*,#8095,.T.);
#12484 = ORIENTED_EDGE('',*,*,#10338,.T.);
#12485 = ORIENTED_EDGE('',*,*,#8204,.F.);
#12486 = ORIENTED_EDGE('',*,*,#12487,.F.);
#12487 = EDGE_CURVE('',#8088,#8197,#12488,.T.);
#12488 = LINE('',#12489,#12490);
#12489 = CARTESIAN_POINT('',(4.295442325904,3.38,1.3270944533));
#12490 = VECTOR('',#12491,1.);
#12491 = DIRECTION('',(1.110223024625E-16,-1.,0.));
#12492 = CYLINDRICAL_SURFACE('',#12493,0.3);
#12493 = AXIS2_PLACEMENT_3D('',#12494,#12495,#12496);
#12494 = CARTESIAN_POINT('',(4.,3.38,1.275));
#12495 = DIRECTION('',(-1.110223024625E-16,1.,0.));
#12496 = DIRECTION('',(0.984807753012,1.093356242223E-16,0.173648177667)
  );
#12497 = ADVANCED_FACE('',(#12498),#12509,.F.);
#12498 = FACE_BOUND('',#12499,.F.);
#12499 = EDGE_LOOP('',(#12500,#12506,#12507,#12508));
#12500 = ORIENTED_EDGE('',*,*,#12501,.T.);
#12501 = EDGE_CURVE('',#8079,#8188,#12502,.T.);
#12502 = LINE('',#12503,#12504);
#12503 = CARTESIAN_POINT('',(4.47343803089,3.38,0.282635182233));
#12504 = VECTOR('',#12505,1.);
#12505 = DIRECTION('',(1.110223024625E-16,-1.,0.));
#12506 = ORIENTED_EDGE('',*,*,#8196,.T.);
#12507 = ORIENTED_EDGE('',*,*,#12487,.F.);
#12508 = ORIENTED_EDGE('',*,*,#8087,.F.);
#12509 = PLANE('',#12510);
#12510 = AXIS2_PLACEMENT_3D('',#12511,#12512,#12513);
#12511 = CARTESIAN_POINT('',(4.47343803089,3.38,0.282635182233));
#12512 = DIRECTION('',(-0.985787519508,-1.094444001546E-16,
    -0.167996923731));
#12513 = DIRECTION('',(-0.167996923731,-1.865140527917E-17,
    0.985787519508));
#12514 = ADVANCED_FACE('',(#12515),#12526,.F.);
#12515 = FACE_BOUND('',#12516,.F.);
#12516 = EDGE_LOOP('',(#12517,#12523,#12524,#12525));
#12517 = ORIENTED_EDGE('',*,*,#12518,.T.);
#12518 = EDGE_CURVE('',#8071,#8180,#12519,.T.);
#12519 = LINE('',#12520,#12521);
#12520 = CARTESIAN_POINT('',(4.571918806191,3.38,0.2));
#12521 = VECTOR('',#12522,1.);
#12522 = DIRECTION('',(1.110223024625E-16,-1.,0.));
#12523 = ORIENTED_EDGE('',*,*,#8187,.T.);
#12524 = ORIENTED_EDGE('',*,*,#12501,.F.);
#12525 = ORIENTED_EDGE('',*,*,#8078,.F.);
#12526 = CYLINDRICAL_SURFACE('',#12527,0.1);
#12527 = AXIS2_PLACEMENT_3D('',#12528,#12529,#12530);
#12528 = CARTESIAN_POINT('',(4.571918806191,3.38,0.3));
#12529 = DIRECTION('',(-1.110223024625E-16,1.,0.));
#12530 = DIRECTION('',(8.881784197001E-15,9.860761315261E-31,-1.));
#12531 = ADVANCED_FACE('',(#12532),#12543,.F.);
#12532 = FACE_BOUND('',#12533,.F.);
#12533 = EDGE_LOOP('',(#12534,#12540,#12541,#12542));
#12534 = ORIENTED_EDGE('',*,*,#12535,.T.);
#12535 = EDGE_CURVE('',#8063,#8172,#12536,.T.);
#12536 = LINE('',#12537,#12538);
#12537 = CARTESIAN_POINT('',(5.15,3.38,0.2));
#12538 = VECTOR('',#12539,1.);
#12539 = DIRECTION('',(1.110223024625E-16,-1.,0.));
#12540 = ORIENTED_EDGE('',*,*,#8179,.T.);
#12541 = ORIENTED_EDGE('',*,*,#12518,.F.);
#12542 = ORIENTED_EDGE('',*,*,#8070,.F.);
#12543 = PLANE('',#12544);
#12544 = AXIS2_PLACEMENT_3D('',#12545,#12546,#12547);
#12545 = CARTESIAN_POINT('',(5.15,3.38,0.2));
#12546 = DIRECTION('',(0.,0.,-1.));
#12547 = DIRECTION('',(-1.,-1.110223024625E-16,-0.));
#12548 = ADVANCED_FACE('',(#12549),#12560,.F.);
#12549 = FACE_BOUND('',#12550,.F.);
#12550 = EDGE_LOOP('',(#12551,#12557,#12558,#12559));
#12551 = ORIENTED_EDGE('',*,*,#12552,.T.);
#12552 = EDGE_CURVE('',#8055,#8164,#12553,.T.);
#12553 = LINE('',#12554,#12555);
#12554 = CARTESIAN_POINT('',(5.15,3.38,-2.22044604925E-16));
#12555 = VECTOR('',#12556,1.);
#12556 = DIRECTION('',(1.110223024625E-16,-1.,0.));
#12557 = ORIENTED_EDGE('',*,*,#8171,.T.);
#12558 = ORIENTED_EDGE('',*,*,#12535,.F.);
#12559 = ORIENTED_EDGE('',*,*,#8062,.F.);
#12560 = PLANE('',#12561);
#12561 = AXIS2_PLACEMENT_3D('',#12562,#12563,#12564);
#12562 = CARTESIAN_POINT('',(5.15,3.38,-2.22044604925E-16));
#12563 = DIRECTION('',(-1.,-1.110223024625E-16,0.));
#12564 = DIRECTION('',(0.,0.,1.));
#12565 = ADVANCED_FACE('',(#12566),#12577,.F.);
#12566 = FACE_BOUND('',#12567,.F.);
#12567 = EDGE_LOOP('',(#12568,#12574,#12575,#12576));
#12568 = ORIENTED_EDGE('',*,*,#12569,.T.);
#12569 = EDGE_CURVE('',#8046,#8155,#12570,.T.);
#12570 = LINE('',#12571,#12572);
#12571 = CARTESIAN_POINT('',(4.571918806191,3.38,-2.22044604925E-16));
#12572 = VECTOR('',#12573,1.);
#12573 = DIRECTION('',(1.110223024625E-16,-1.,0.));
#12574 = ORIENTED_EDGE('',*,*,#8163,.T.);
#12575 = ORIENTED_EDGE('',*,*,#12552,.F.);
#12576 = ORIENTED_EDGE('',*,*,#8054,.F.);
#12577 = PLANE('',#12578);
#12578 = AXIS2_PLACEMENT_3D('',#12579,#12580,#12581);
#12579 = CARTESIAN_POINT('',(4.571918806191,3.38,-2.22044604925E-16));
#12580 = DIRECTION('',(0.,0.,1.));
#12581 = DIRECTION('',(1.,1.110223024625E-16,-0.));
#12582 = ADVANCED_FACE('',(#12583),#12594,.T.);
#12583 = FACE_BOUND('',#12584,.T.);
#12584 = EDGE_LOOP('',(#12585,#12586,#12587,#12588));
#12585 = ORIENTED_EDGE('',*,*,#8045,.T.);
#12586 = ORIENTED_EDGE('',*,*,#12569,.T.);
#12587 = ORIENTED_EDGE('',*,*,#8154,.F.);
#12588 = ORIENTED_EDGE('',*,*,#12589,.F.);
#12589 = EDGE_CURVE('',#8038,#8147,#12590,.T.);
#12590 = LINE('',#12591,#12592);
#12591 = CARTESIAN_POINT('',(4.276476480287,3.38,0.2479055467));
#12592 = VECTOR('',#12593,1.);
#12593 = DIRECTION('',(1.110223024625E-16,-1.,0.));
#12594 = CYLINDRICAL_SURFACE('',#12595,0.3);
#12595 = AXIS2_PLACEMENT_3D('',#12596,#12597,#12598);
#12596 = CARTESIAN_POINT('',(4.571918806191,3.38,0.3));
#12597 = DIRECTION('',(-1.110223024625E-16,1.,0.));
#12598 = DIRECTION('',(-0.984807753012,-1.093356242223E-16,
    -0.173648177667));
#12599 = ADVANCED_FACE('',(#12600),#12606,.F.);
#12600 = FACE_BOUND('',#12601,.F.);
#12601 = EDGE_LOOP('',(#12602,#12603,#12604,#12605));
#12602 = ORIENTED_EDGE('',*,*,#8128,.T.);
#12603 = ORIENTED_EDGE('',*,*,#8146,.T.);
#12604 = ORIENTED_EDGE('',*,*,#12589,.F.);
#12605 = ORIENTED_EDGE('',*,*,#8037,.F.);
#12606 = PLANE('',#12607);
#12607 = AXIS2_PLACEMENT_3D('',#12608,#12609,#12610);
#12608 = CARTESIAN_POINT('',(4.098480775301,3.38,1.292364817767));
#12609 = DIRECTION('',(0.985787519508,1.094444001546E-16,0.167996923731)
  );
#12610 = DIRECTION('',(0.167996923731,1.865140527917E-17,-0.985787519508
    ));
#12611 = ADVANCED_FACE('',(#12612),#12623,.T.);
#12612 = FACE_BOUND('',#12613,.T.);
#12613 = EDGE_LOOP('',(#12614,#12615,#12616,#12617));
#12614 = ORIENTED_EDGE('',*,*,#8318,.T.);
#12615 = ORIENTED_EDGE('',*,*,#10357,.T.);
#12616 = ORIENTED_EDGE('',*,*,#8427,.F.);
#12617 = ORIENTED_EDGE('',*,*,#12618,.F.);
#12618 = EDGE_CURVE('',#8311,#8420,#12619,.T.);
#12619 = LINE('',#12620,#12621);
#12620 = CARTESIAN_POINT('',(4.295442325904,2.11,1.3270944533));
#12621 = VECTOR('',#12622,1.);
#12622 = DIRECTION('',(1.110223024625E-16,-1.,0.));
#12623 = CYLINDRICAL_SURFACE('',#12624,0.3);
#12624 = AXIS2_PLACEMENT_3D('',#12625,#12626,#12627);
#12625 = CARTESIAN_POINT('',(4.,2.11,1.275));
#12626 = DIRECTION('',(-1.110223024625E-16,1.,0.));
#12627 = DIRECTION('',(0.984807753012,1.093356242223E-16,0.173648177667)
  );
#12628 = ADVANCED_FACE('',(#12629),#12640,.F.);
#12629 = FACE_BOUND('',#12630,.F.);
#12630 = EDGE_LOOP('',(#12631,#12637,#12638,#12639));
#12631 = ORIENTED_EDGE('',*,*,#12632,.T.);
#12632 = EDGE_CURVE('',#8302,#8411,#12633,.T.);
#12633 = LINE('',#12634,#12635);
#12634 = CARTESIAN_POINT('',(4.47343803089,2.11,0.282635182233));
#12635 = VECTOR('',#12636,1.);
#12636 = DIRECTION('',(1.110223024625E-16,-1.,0.));
#12637 = ORIENTED_EDGE('',*,*,#8419,.T.);
#12638 = ORIENTED_EDGE('',*,*,#12618,.F.);
#12639 = ORIENTED_EDGE('',*,*,#8310,.F.);
#12640 = PLANE('',#12641);
#12641 = AXIS2_PLACEMENT_3D('',#12642,#12643,#12644);
#12642 = CARTESIAN_POINT('',(4.47343803089,2.11,0.282635182233));
#12643 = DIRECTION('',(-0.985787519508,-1.094444001546E-16,
    -0.167996923731));
#12644 = DIRECTION('',(-0.167996923731,-1.865140527917E-17,
    0.985787519508));
#12645 = ADVANCED_FACE('',(#12646),#12657,.F.);
#12646 = FACE_BOUND('',#12647,.F.);
#12647 = EDGE_LOOP('',(#12648,#12654,#12655,#12656));
#12648 = ORIENTED_EDGE('',*,*,#12649,.T.);
#12649 = EDGE_CURVE('',#8294,#8403,#12650,.T.);
#12650 = LINE('',#12651,#12652);
#12651 = CARTESIAN_POINT('',(4.571918806191,2.11,0.2));
#12652 = VECTOR('',#12653,1.);
#12653 = DIRECTION('',(1.110223024625E-16,-1.,0.));
#12654 = ORIENTED_EDGE('',*,*,#8410,.T.);
#12655 = ORIENTED_EDGE('',*,*,#12632,.F.);
#12656 = ORIENTED_EDGE('',*,*,#8301,.F.);
#12657 = CYLINDRICAL_SURFACE('',#12658,0.1);
#12658 = AXIS2_PLACEMENT_3D('',#12659,#12660,#12661);
#12659 = CARTESIAN_POINT('',(4.571918806191,2.11,0.3));
#12660 = DIRECTION('',(-1.110223024625E-16,1.,0.));
#12661 = DIRECTION('',(8.881784197001E-15,9.860761315261E-31,-1.));
#12662 = ADVANCED_FACE('',(#12663),#12674,.F.);
#12663 = FACE_BOUND('',#12664,.F.);
#12664 = EDGE_LOOP('',(#12665,#12671,#12672,#12673));
#12665 = ORIENTED_EDGE('',*,*,#12666,.T.);
#12666 = EDGE_CURVE('',#8286,#8395,#12667,.T.);
#12667 = LINE('',#12668,#12669);
#12668 = CARTESIAN_POINT('',(5.15,2.11,0.2));
#12669 = VECTOR('',#12670,1.);
#12670 = DIRECTION('',(1.110223024625E-16,-1.,0.));
#12671 = ORIENTED_EDGE('',*,*,#8402,.T.);
#12672 = ORIENTED_EDGE('',*,*,#12649,.F.);
#12673 = ORIENTED_EDGE('',*,*,#8293,.F.);
#12674 = PLANE('',#12675);
#12675 = AXIS2_PLACEMENT_3D('',#12676,#12677,#12678);
#12676 = CARTESIAN_POINT('',(5.15,2.11,0.2));
#12677 = DIRECTION('',(0.,0.,-1.));
#12678 = DIRECTION('',(-1.,-1.110223024625E-16,-0.));
#12679 = ADVANCED_FACE('',(#12680),#12691,.F.);
#12680 = FACE_BOUND('',#12681,.F.);
#12681 = EDGE_LOOP('',(#12682,#12688,#12689,#12690));
#12682 = ORIENTED_EDGE('',*,*,#12683,.T.);
#12683 = EDGE_CURVE('',#8278,#8387,#12684,.T.);
#12684 = LINE('',#12685,#12686);
#12685 = CARTESIAN_POINT('',(5.15,2.11,-2.22044604925E-16));
#12686 = VECTOR('',#12687,1.);
#12687 = DIRECTION('',(1.110223024625E-16,-1.,0.));
#12688 = ORIENTED_EDGE('',*,*,#8394,.T.);
#12689 = ORIENTED_EDGE('',*,*,#12666,.F.);
#12690 = ORIENTED_EDGE('',*,*,#8285,.F.);
#12691 = PLANE('',#12692);
#12692 = AXIS2_PLACEMENT_3D('',#12693,#12694,#12695);
#12693 = CARTESIAN_POINT('',(5.15,2.11,-2.22044604925E-16));
#12694 = DIRECTION('',(-1.,-1.110223024625E-16,0.));
#12695 = DIRECTION('',(0.,0.,1.));
#12696 = ADVANCED_FACE('',(#12697),#12708,.F.);
#12697 = FACE_BOUND('',#12698,.F.);
#12698 = EDGE_LOOP('',(#12699,#12705,#12706,#12707));
#12699 = ORIENTED_EDGE('',*,*,#12700,.T.);
#12700 = EDGE_CURVE('',#8269,#8378,#12701,.T.);
#12701 = LINE('',#12702,#12703);
#12702 = CARTESIAN_POINT('',(4.571918806191,2.11,-2.22044604925E-16));
#12703 = VECTOR('',#12704,1.);
#12704 = DIRECTION('',(1.110223024625E-16,-1.,0.));
#12705 = ORIENTED_EDGE('',*,*,#8386,.T.);
#12706 = ORIENTED_EDGE('',*,*,#12683,.F.);
#12707 = ORIENTED_EDGE('',*,*,#8277,.F.);
#12708 = PLANE('',#12709);
#12709 = AXIS2_PLACEMENT_3D('',#12710,#12711,#12712);
#12710 = CARTESIAN_POINT('',(4.571918806191,2.11,-2.22044604925E-16));
#12711 = DIRECTION('',(0.,0.,1.));
#12712 = DIRECTION('',(1.,1.110223024625E-16,-0.));
#12713 = ADVANCED_FACE('',(#12714),#12725,.T.);
#12714 = FACE_BOUND('',#12715,.T.);
#12715 = EDGE_LOOP('',(#12716,#12717,#12718,#12719));
#12716 = ORIENTED_EDGE('',*,*,#8268,.T.);
#12717 = ORIENTED_EDGE('',*,*,#12700,.T.);
#12718 = ORIENTED_EDGE('',*,*,#8377,.F.);
#12719 = ORIENTED_EDGE('',*,*,#12720,.F.);
#12720 = EDGE_CURVE('',#8261,#8370,#12721,.T.);
#12721 = LINE('',#12722,#12723);
#12722 = CARTESIAN_POINT('',(4.276476480287,2.11,0.2479055467));
#12723 = VECTOR('',#12724,1.);
#12724 = DIRECTION('',(1.110223024625E-16,-1.,0.));
#12725 = CYLINDRICAL_SURFACE('',#12726,0.3);
#12726 = AXIS2_PLACEMENT_3D('',#12727,#12728,#12729);
#12727 = CARTESIAN_POINT('',(4.571918806191,2.11,0.3));
#12728 = DIRECTION('',(-1.110223024625E-16,1.,0.));
#12729 = DIRECTION('',(-0.984807753012,-1.093356242223E-16,
    -0.173648177667));
#12730 = ADVANCED_FACE('',(#12731),#12737,.F.);
#12731 = FACE_BOUND('',#12732,.F.);
#12732 = EDGE_LOOP('',(#12733,#12734,#12735,#12736));
#12733 = ORIENTED_EDGE('',*,*,#8351,.T.);
#12734 = ORIENTED_EDGE('',*,*,#8369,.T.);
#12735 = ORIENTED_EDGE('',*,*,#12720,.F.);
#12736 = ORIENTED_EDGE('',*,*,#8260,.F.);
#12737 = PLANE('',#12738);
#12738 = AXIS2_PLACEMENT_3D('',#12739,#12740,#12741);
#12739 = CARTESIAN_POINT('',(4.098480775301,2.11,1.292364817767));
#12740 = DIRECTION('',(0.985787519508,1.094444001546E-16,0.167996923731)
  );
#12741 = DIRECTION('',(0.167996923731,1.865140527917E-17,-0.985787519508
    ));
#12742 = ADVANCED_FACE('',(#12743),#12754,.T.);
#12743 = FACE_BOUND('',#12744,.T.);
#12744 = EDGE_LOOP('',(#12745,#12746,#12747,#12748));
#12745 = ORIENTED_EDGE('',*,*,#8541,.T.);
#12746 = ORIENTED_EDGE('',*,*,#10376,.T.);
#12747 = ORIENTED_EDGE('',*,*,#8650,.F.);
#12748 = ORIENTED_EDGE('',*,*,#12749,.F.);
#12749 = EDGE_CURVE('',#8534,#8643,#12750,.T.);
#12750 = LINE('',#12751,#12752);
#12751 = CARTESIAN_POINT('',(4.295442325904,0.84,1.3270944533));
#12752 = VECTOR('',#12753,1.);
#12753 = DIRECTION('',(1.110223024625E-16,-1.,0.));
#12754 = CYLINDRICAL_SURFACE('',#12755,0.3);
#12755 = AXIS2_PLACEMENT_3D('',#12756,#12757,#12758);
#12756 = CARTESIAN_POINT('',(4.,0.84,1.275));
#12757 = DIRECTION('',(-1.110223024625E-16,1.,0.));
#12758 = DIRECTION('',(0.984807753012,1.093356242223E-16,0.173648177667)
  );
#12759 = ADVANCED_FACE('',(#12760),#12771,.F.);
#12760 = FACE_BOUND('',#12761,.F.);
#12761 = EDGE_LOOP('',(#12762,#12768,#12769,#12770));
#12762 = ORIENTED_EDGE('',*,*,#12763,.T.);
#12763 = EDGE_CURVE('',#8525,#8634,#12764,.T.);
#12764 = LINE('',#12765,#12766);
#12765 = CARTESIAN_POINT('',(4.47343803089,0.84,0.282635182233));
#12766 = VECTOR('',#12767,1.);
#12767 = DIRECTION('',(1.110223024625E-16,-1.,0.));
#12768 = ORIENTED_EDGE('',*,*,#8642,.T.);
#12769 = ORIENTED_EDGE('',*,*,#12749,.F.);
#12770 = ORIENTED_EDGE('',*,*,#8533,.F.);
#12771 = PLANE('',#12772);
#12772 = AXIS2_PLACEMENT_3D('',#12773,#12774,#12775);
#12773 = CARTESIAN_POINT('',(4.47343803089,0.84,0.282635182233));
#12774 = DIRECTION('',(-0.985787519508,-1.094444001546E-16,
    -0.167996923731));
#12775 = DIRECTION('',(-0.167996923731,-1.865140527917E-17,
    0.985787519508));
#12776 = ADVANCED_FACE('',(#12777),#12788,.F.);
#12777 = FACE_BOUND('',#12778,.F.);
#12778 = EDGE_LOOP('',(#12779,#12785,#12786,#12787));
#12779 = ORIENTED_EDGE('',*,*,#12780,.T.);
#12780 = EDGE_CURVE('',#8517,#8626,#12781,.T.);
#12781 = LINE('',#12782,#12783);
#12782 = CARTESIAN_POINT('',(4.571918806191,0.84,0.2));
#12783 = VECTOR('',#12784,1.);
#12784 = DIRECTION('',(1.110223024625E-16,-1.,0.));
#12785 = ORIENTED_EDGE('',*,*,#8633,.T.);
#12786 = ORIENTED_EDGE('',*,*,#12763,.F.);
#12787 = ORIENTED_EDGE('',*,*,#8524,.F.);
#12788 = CYLINDRICAL_SURFACE('',#12789,0.1);
#12789 = AXIS2_PLACEMENT_3D('',#12790,#12791,#12792);
#12790 = CARTESIAN_POINT('',(4.571918806191,0.84,0.3));
#12791 = DIRECTION('',(-1.110223024625E-16,1.,0.));
#12792 = DIRECTION('',(8.881784197001E-15,9.860761315261E-31,-1.));
#12793 = ADVANCED_FACE('',(#12794),#12805,.F.);
#12794 = FACE_BOUND('',#12795,.F.);
#12795 = EDGE_LOOP('',(#12796,#12802,#12803,#12804));
#12796 = ORIENTED_EDGE('',*,*,#12797,.T.);
#12797 = EDGE_CURVE('',#8509,#8618,#12798,.T.);
#12798 = LINE('',#12799,#12800);
#12799 = CARTESIAN_POINT('',(5.15,0.84,0.2));
#12800 = VECTOR('',#12801,1.);
#12801 = DIRECTION('',(1.110223024625E-16,-1.,0.));
#12802 = ORIENTED_EDGE('',*,*,#8625,.T.);
#12803 = ORIENTED_EDGE('',*,*,#12780,.F.);
#12804 = ORIENTED_EDGE('',*,*,#8516,.F.);
#12805 = PLANE('',#12806);
#12806 = AXIS2_PLACEMENT_3D('',#12807,#12808,#12809);
#12807 = CARTESIAN_POINT('',(5.15,0.84,0.2));
#12808 = DIRECTION('',(0.,0.,-1.));
#12809 = DIRECTION('',(-1.,-1.110223024625E-16,-0.));
#12810 = ADVANCED_FACE('',(#12811),#12822,.F.);
#12811 = FACE_BOUND('',#12812,.F.);
#12812 = EDGE_LOOP('',(#12813,#12819,#12820,#12821));
#12813 = ORIENTED_EDGE('',*,*,#12814,.T.);
#12814 = EDGE_CURVE('',#8501,#8610,#12815,.T.);
#12815 = LINE('',#12816,#12817);
#12816 = CARTESIAN_POINT('',(5.15,0.84,-2.22044604925E-16));
#12817 = VECTOR('',#12818,1.);
#12818 = DIRECTION('',(1.110223024625E-16,-1.,0.));
#12819 = ORIENTED_EDGE('',*,*,#8617,.T.);
#12820 = ORIENTED_EDGE('',*,*,#12797,.F.);
#12821 = ORIENTED_EDGE('',*,*,#8508,.F.);
#12822 = PLANE('',#12823);
#12823 = AXIS2_PLACEMENT_3D('',#12824,#12825,#12826);
#12824 = CARTESIAN_POINT('',(5.15,0.84,-2.22044604925E-16));
#12825 = DIRECTION('',(-1.,-1.110223024625E-16,0.));
#12826 = DIRECTION('',(0.,0.,1.));
#12827 = ADVANCED_FACE('',(#12828),#12839,.F.);
#12828 = FACE_BOUND('',#12829,.F.);
#12829 = EDGE_LOOP('',(#12830,#12836,#12837,#12838));
#12830 = ORIENTED_EDGE('',*,*,#12831,.T.);
#12831 = EDGE_CURVE('',#8492,#8601,#12832,.T.);
#12832 = LINE('',#12833,#12834);
#12833 = CARTESIAN_POINT('',(4.571918806191,0.84,-2.22044604925E-16));
#12834 = VECTOR('',#12835,1.);
#12835 = DIRECTION('',(1.110223024625E-16,-1.,0.));
#12836 = ORIENTED_EDGE('',*,*,#8609,.T.);
#12837 = ORIENTED_EDGE('',*,*,#12814,.F.);
#12838 = ORIENTED_EDGE('',*,*,#8500,.F.);
#12839 = PLANE('',#12840);
#12840 = AXIS2_PLACEMENT_3D('',#12841,#12842,#12843);
#12841 = CARTESIAN_POINT('',(4.571918806191,0.84,-2.22044604925E-16));
#12842 = DIRECTION('',(0.,0.,1.));
#12843 = DIRECTION('',(1.,1.110223024625E-16,-0.));
#12844 = ADVANCED_FACE('',(#12845),#12856,.T.);
#12845 = FACE_BOUND('',#12846,.T.);
#12846 = EDGE_LOOP('',(#12847,#12848,#12849,#12850));
#12847 = ORIENTED_EDGE('',*,*,#8491,.T.);
#12848 = ORIENTED_EDGE('',*,*,#12831,.T.);
#12849 = ORIENTED_EDGE('',*,*,#8600,.F.);
#12850 = ORIENTED_EDGE('',*,*,#12851,.F.);
#12851 = EDGE_CURVE('',#8484,#8593,#12852,.T.);
#12852 = LINE('',#12853,#12854);
#12853 = CARTESIAN_POINT('',(4.276476480287,0.84,0.2479055467));
#12854 = VECTOR('',#12855,1.);
#12855 = DIRECTION('',(1.110223024625E-16,-1.,0.));
#12856 = CYLINDRICAL_SURFACE('',#12857,0.3);
#12857 = AXIS2_PLACEMENT_3D('',#12858,#12859,#12860);
#12858 = CARTESIAN_POINT('',(4.571918806191,0.84,0.3));
#12859 = DIRECTION('',(-1.110223024625E-16,1.,0.));
#12860 = DIRECTION('',(-0.984807753012,-1.093356242223E-16,
    -0.173648177667));
#12861 = ADVANCED_FACE('',(#12862),#12868,.F.);
#12862 = FACE_BOUND('',#12863,.F.);
#12863 = EDGE_LOOP('',(#12864,#12865,#12866,#12867));
#12864 = ORIENTED_EDGE('',*,*,#8574,.T.);
#12865 = ORIENTED_EDGE('',*,*,#8592,.T.);
#12866 = ORIENTED_EDGE('',*,*,#12851,.F.);
#12867 = ORIENTED_EDGE('',*,*,#8483,.F.);
#12868 = PLANE('',#12869);
#12869 = AXIS2_PLACEMENT_3D('',#12870,#12871,#12872);
#12870 = CARTESIAN_POINT('',(4.098480775301,0.84,1.292364817767));
#12871 = DIRECTION('',(0.985787519508,1.094444001546E-16,0.167996923731)
  );
#12872 = DIRECTION('',(0.167996923731,1.865140527917E-17,-0.985787519508
    ));
#12873 = ADVANCED_FACE('',(#12874),#12885,.T.);
#12874 = FACE_BOUND('',#12875,.T.);
#12875 = EDGE_LOOP('',(#12876,#12877,#12878,#12879));
#12876 = ORIENTED_EDGE('',*,*,#8764,.T.);
#12877 = ORIENTED_EDGE('',*,*,#10395,.T.);
#12878 = ORIENTED_EDGE('',*,*,#8873,.F.);
#12879 = ORIENTED_EDGE('',*,*,#12880,.F.);
#12880 = EDGE_CURVE('',#8757,#8866,#12881,.T.);
#12881 = LINE('',#12882,#12883);
#12882 = CARTESIAN_POINT('',(4.295442325904,-0.43,1.3270944533));
#12883 = VECTOR('',#12884,1.);
#12884 = DIRECTION('',(1.110223024625E-16,-1.,0.));
#12885 = CYLINDRICAL_SURFACE('',#12886,0.3);
#12886 = AXIS2_PLACEMENT_3D('',#12887,#12888,#12889);
#12887 = CARTESIAN_POINT('',(4.,-0.43,1.275));
#12888 = DIRECTION('',(-1.110223024625E-16,1.,0.));
#12889 = DIRECTION('',(0.984807753012,1.093356242223E-16,0.173648177667)
  );
#12890 = ADVANCED_FACE('',(#12891),#12902,.F.);
#12891 = FACE_BOUND('',#12892,.F.);
#12892 = EDGE_LOOP('',(#12893,#12899,#12900,#12901));
#12893 = ORIENTED_EDGE('',*,*,#12894,.T.);
#12894 = EDGE_CURVE('',#8748,#8857,#12895,.T.);
#12895 = LINE('',#12896,#12897);
#12896 = CARTESIAN_POINT('',(4.47343803089,-0.43,0.282635182233));
#12897 = VECTOR('',#12898,1.);
#12898 = DIRECTION('',(1.110223024625E-16,-1.,0.));
#12899 = ORIENTED_EDGE('',*,*,#8865,.T.);
#12900 = ORIENTED_EDGE('',*,*,#12880,.F.);
#12901 = ORIENTED_EDGE('',*,*,#8756,.F.);
#12902 = PLANE('',#12903);
#12903 = AXIS2_PLACEMENT_3D('',#12904,#12905,#12906);
#12904 = CARTESIAN_POINT('',(4.47343803089,-0.43,0.282635182233));
#12905 = DIRECTION('',(-0.985787519508,-1.094444001546E-16,
    -0.167996923731));
#12906 = DIRECTION('',(-0.167996923731,-1.865140527917E-17,
    0.985787519508));
#12907 = ADVANCED_FACE('',(#12908),#12919,.F.);
#12908 = FACE_BOUND('',#12909,.F.);
#12909 = EDGE_LOOP('',(#12910,#12916,#12917,#12918));
#12910 = ORIENTED_EDGE('',*,*,#12911,.T.);
#12911 = EDGE_CURVE('',#8740,#8849,#12912,.T.);
#12912 = LINE('',#12913,#12914);
#12913 = CARTESIAN_POINT('',(4.571918806191,-0.43,0.2));
#12914 = VECTOR('',#12915,1.);
#12915 = DIRECTION('',(1.110223024625E-16,-1.,0.));
#12916 = ORIENTED_EDGE('',*,*,#8856,.T.);
#12917 = ORIENTED_EDGE('',*,*,#12894,.F.);
#12918 = ORIENTED_EDGE('',*,*,#8747,.F.);
#12919 = CYLINDRICAL_SURFACE('',#12920,0.1);
#12920 = AXIS2_PLACEMENT_3D('',#12921,#12922,#12923);
#12921 = CARTESIAN_POINT('',(4.571918806191,-0.43,0.3));
#12922 = DIRECTION('',(-1.110223024625E-16,1.,0.));
#12923 = DIRECTION('',(8.881784197001E-15,9.860761315261E-31,-1.));
#12924 = ADVANCED_FACE('',(#12925),#12936,.F.);
#12925 = FACE_BOUND('',#12926,.F.);
#12926 = EDGE_LOOP('',(#12927,#12933,#12934,#12935));
#12927 = ORIENTED_EDGE('',*,*,#12928,.T.);
#12928 = EDGE_CURVE('',#8732,#8841,#12929,.T.);
#12929 = LINE('',#12930,#12931);
#12930 = CARTESIAN_POINT('',(5.15,-0.43,0.2));
#12931 = VECTOR('',#12932,1.);
#12932 = DIRECTION('',(1.110223024625E-16,-1.,0.));
#12933 = ORIENTED_EDGE('',*,*,#8848,.T.);
#12934 = ORIENTED_EDGE('',*,*,#12911,.F.);
#12935 = ORIENTED_EDGE('',*,*,#8739,.F.);
#12936 = PLANE('',#12937);
#12937 = AXIS2_PLACEMENT_3D('',#12938,#12939,#12940);
#12938 = CARTESIAN_POINT('',(5.15,-0.43,0.2));
#12939 = DIRECTION('',(0.,0.,-1.));
#12940 = DIRECTION('',(-1.,-1.110223024625E-16,-0.));
#12941 = ADVANCED_FACE('',(#12942),#12953,.F.);
#12942 = FACE_BOUND('',#12943,.F.);
#12943 = EDGE_LOOP('',(#12944,#12950,#12951,#12952));
#12944 = ORIENTED_EDGE('',*,*,#12945,.T.);
#12945 = EDGE_CURVE('',#8724,#8833,#12946,.T.);
#12946 = LINE('',#12947,#12948);
#12947 = CARTESIAN_POINT('',(5.15,-0.43,-2.22044604925E-16));
#12948 = VECTOR('',#12949,1.);
#12949 = DIRECTION('',(1.110223024625E-16,-1.,0.));
#12950 = ORIENTED_EDGE('',*,*,#8840,.T.);
#12951 = ORIENTED_EDGE('',*,*,#12928,.F.);
#12952 = ORIENTED_EDGE('',*,*,#8731,.F.);
#12953 = PLANE('',#12954);
#12954 = AXIS2_PLACEMENT_3D('',#12955,#12956,#12957);
#12955 = CARTESIAN_POINT('',(5.15,-0.43,-2.22044604925E-16));
#12956 = DIRECTION('',(-1.,-1.110223024625E-16,0.));
#12957 = DIRECTION('',(0.,0.,1.));
#12958 = ADVANCED_FACE('',(#12959),#12970,.F.);
#12959 = FACE_BOUND('',#12960,.F.);
#12960 = EDGE_LOOP('',(#12961,#12967,#12968,#12969));
#12961 = ORIENTED_EDGE('',*,*,#12962,.T.);
#12962 = EDGE_CURVE('',#8715,#8824,#12963,.T.);
#12963 = LINE('',#12964,#12965);
#12964 = CARTESIAN_POINT('',(4.571918806191,-0.43,-2.22044604925E-16));
#12965 = VECTOR('',#12966,1.);
#12966 = DIRECTION('',(1.110223024625E-16,-1.,0.));
#12967 = ORIENTED_EDGE('',*,*,#8832,.T.);
#12968 = ORIENTED_EDGE('',*,*,#12945,.F.);
#12969 = ORIENTED_EDGE('',*,*,#8723,.F.);
#12970 = PLANE('',#12971);
#12971 = AXIS2_PLACEMENT_3D('',#12972,#12973,#12974);
#12972 = CARTESIAN_POINT('',(4.571918806191,-0.43,-2.22044604925E-16));
#12973 = DIRECTION('',(0.,0.,1.));
#12974 = DIRECTION('',(1.,1.110223024625E-16,-0.));
#12975 = ADVANCED_FACE('',(#12976),#12987,.T.);
#12976 = FACE_BOUND('',#12977,.T.);
#12977 = EDGE_LOOP('',(#12978,#12979,#12980,#12981));
#12978 = ORIENTED_EDGE('',*,*,#8714,.T.);
#12979 = ORIENTED_EDGE('',*,*,#12962,.T.);
#12980 = ORIENTED_EDGE('',*,*,#8823,.F.);
#12981 = ORIENTED_EDGE('',*,*,#12982,.F.);
#12982 = EDGE_CURVE('',#8707,#8816,#12983,.T.);
#12983 = LINE('',#12984,#12985);
#12984 = CARTESIAN_POINT('',(4.276476480287,-0.43,0.2479055467));
#12985 = VECTOR('',#12986,1.);
#12986 = DIRECTION('',(1.110223024625E-16,-1.,0.));
#12987 = CYLINDRICAL_SURFACE('',#12988,0.3);
#12988 = AXIS2_PLACEMENT_3D('',#12989,#12990,#12991);
#12989 = CARTESIAN_POINT('',(4.571918806191,-0.43,0.3));
#12990 = DIRECTION('',(-1.110223024625E-16,1.,0.));
#12991 = DIRECTION('',(-0.984807753012,-1.093356242223E-16,
    -0.173648177667));
#12992 = ADVANCED_FACE('',(#12993),#12999,.F.);
#12993 = FACE_BOUND('',#12994,.F.);
#12994 = EDGE_LOOP('',(#12995,#12996,#12997,#12998));
#12995 = ORIENTED_EDGE('',*,*,#8797,.T.);
#12996 = ORIENTED_EDGE('',*,*,#8815,.T.);
#12997 = ORIENTED_EDGE('',*,*,#12982,.F.);
#12998 = ORIENTED_EDGE('',*,*,#8706,.F.);
#12999 = PLANE('',#13000);
#13000 = AXIS2_PLACEMENT_3D('',#13001,#13002,#13003);
#13001 = CARTESIAN_POINT('',(4.098480775301,-0.43,1.292364817767));
#13002 = DIRECTION('',(0.985787519508,1.094444001546E-16,0.167996923731)
  );
#13003 = DIRECTION('',(0.167996923731,1.865140527917E-17,-0.985787519508
    ));
#13004 = ADVANCED_FACE('',(#13005),#13016,.T.);
#13005 = FACE_BOUND('',#13006,.T.);
#13006 = EDGE_LOOP('',(#13007,#13008,#13009,#13010));
#13007 = ORIENTED_EDGE('',*,*,#8987,.T.);
#13008 = ORIENTED_EDGE('',*,*,#10414,.T.);
#13009 = ORIENTED_EDGE('',*,*,#9096,.F.);
#13010 = ORIENTED_EDGE('',*,*,#13011,.F.);
#13011 = EDGE_CURVE('',#8980,#9089,#13012,.T.);
#13012 = LINE('',#13013,#13014);
#13013 = CARTESIAN_POINT('',(4.295442325904,-1.7,1.3270944533));
#13014 = VECTOR('',#13015,1.);
#13015 = DIRECTION('',(1.110223024625E-16,-1.,0.));
#13016 = CYLINDRICAL_SURFACE('',#13017,0.3);
#13017 = AXIS2_PLACEMENT_3D('',#13018,#13019,#13020);
#13018 = CARTESIAN_POINT('',(4.,-1.7,1.275));
#13019 = DIRECTION('',(-1.110223024625E-16,1.,0.));
#13020 = DIRECTION('',(0.984807753012,1.093356242223E-16,0.173648177667)
  );
#13021 = ADVANCED_FACE('',(#13022),#13033,.F.);
#13022 = FACE_BOUND('',#13023,.F.);
#13023 = EDGE_LOOP('',(#13024,#13030,#13031,#13032));
#13024 = ORIENTED_EDGE('',*,*,#13025,.T.);
#13025 = EDGE_CURVE('',#8971,#9080,#13026,.T.);
#13026 = LINE('',#13027,#13028);
#13027 = CARTESIAN_POINT('',(4.47343803089,-1.7,0.282635182233));
#13028 = VECTOR('',#13029,1.);
#13029 = DIRECTION('',(1.110223024625E-16,-1.,0.));
#13030 = ORIENTED_EDGE('',*,*,#9088,.T.);
#13031 = ORIENTED_EDGE('',*,*,#13011,.F.);
#13032 = ORIENTED_EDGE('',*,*,#8979,.F.);
#13033 = PLANE('',#13034);
#13034 = AXIS2_PLACEMENT_3D('',#13035,#13036,#13037);
#13035 = CARTESIAN_POINT('',(4.47343803089,-1.7,0.282635182233));
#13036 = DIRECTION('',(-0.985787519508,-1.094444001546E-16,
    -0.167996923731));
#13037 = DIRECTION('',(-0.167996923731,-1.865140527917E-17,
    0.985787519508));
#13038 = ADVANCED_FACE('',(#13039),#13050,.F.);
#13039 = FACE_BOUND('',#13040,.F.);
#13040 = EDGE_LOOP('',(#13041,#13047,#13048,#13049));
#13041 = ORIENTED_EDGE('',*,*,#13042,.T.);
#13042 = EDGE_CURVE('',#8963,#9072,#13043,.T.);
#13043 = LINE('',#13044,#13045);
#13044 = CARTESIAN_POINT('',(4.571918806191,-1.7,0.2));
#13045 = VECTOR('',#13046,1.);
#13046 = DIRECTION('',(1.110223024625E-16,-1.,0.));
#13047 = ORIENTED_EDGE('',*,*,#9079,.T.);
#13048 = ORIENTED_EDGE('',*,*,#13025,.F.);
#13049 = ORIENTED_EDGE('',*,*,#8970,.F.);
#13050 = CYLINDRICAL_SURFACE('',#13051,0.1);
#13051 = AXIS2_PLACEMENT_3D('',#13052,#13053,#13054);
#13052 = CARTESIAN_POINT('',(4.571918806191,-1.7,0.3));
#13053 = DIRECTION('',(-1.110223024625E-16,1.,0.));
#13054 = DIRECTION('',(8.881784197001E-15,9.860761315261E-31,-1.));
#13055 = ADVANCED_FACE('',(#13056),#13067,.F.);
#13056 = FACE_BOUND('',#13057,.F.);
#13057 = EDGE_LOOP('',(#13058,#13064,#13065,#13066));
#13058 = ORIENTED_EDGE('',*,*,#13059,.T.);
#13059 = EDGE_CURVE('',#8955,#9064,#13060,.T.);
#13060 = LINE('',#13061,#13062);
#13061 = CARTESIAN_POINT('',(5.15,-1.7,0.2));
#13062 = VECTOR('',#13063,1.);
#13063 = DIRECTION('',(1.110223024625E-16,-1.,0.));
#13064 = ORIENTED_EDGE('',*,*,#9071,.T.);
#13065 = ORIENTED_EDGE('',*,*,#13042,.F.);
#13066 = ORIENTED_EDGE('',*,*,#8962,.F.);
#13067 = PLANE('',#13068);
#13068 = AXIS2_PLACEMENT_3D('',#13069,#13070,#13071);
#13069 = CARTESIAN_POINT('',(5.15,-1.7,0.2));
#13070 = DIRECTION('',(0.,0.,-1.));
#13071 = DIRECTION('',(-1.,-1.110223024625E-16,-0.));
#13072 = ADVANCED_FACE('',(#13073),#13084,.F.);
#13073 = FACE_BOUND('',#13074,.F.);
#13074 = EDGE_LOOP('',(#13075,#13081,#13082,#13083));
#13075 = ORIENTED_EDGE('',*,*,#13076,.T.);
#13076 = EDGE_CURVE('',#8947,#9056,#13077,.T.);
#13077 = LINE('',#13078,#13079);
#13078 = CARTESIAN_POINT('',(5.15,-1.7,-2.22044604925E-16));
#13079 = VECTOR('',#13080,1.);
#13080 = DIRECTION('',(1.110223024625E-16,-1.,0.));
#13081 = ORIENTED_EDGE('',*,*,#9063,.T.);
#13082 = ORIENTED_EDGE('',*,*,#13059,.F.);
#13083 = ORIENTED_EDGE('',*,*,#8954,.F.);
#13084 = PLANE('',#13085);
#13085 = AXIS2_PLACEMENT_3D('',#13086,#13087,#13088);
#13086 = CARTESIAN_POINT('',(5.15,-1.7,-2.22044604925E-16));
#13087 = DIRECTION('',(-1.,-1.110223024625E-16,0.));
#13088 = DIRECTION('',(0.,0.,1.));
#13089 = ADVANCED_FACE('',(#13090),#13101,.F.);
#13090 = FACE_BOUND('',#13091,.F.);
#13091 = EDGE_LOOP('',(#13092,#13098,#13099,#13100));
#13092 = ORIENTED_EDGE('',*,*,#13093,.T.);
#13093 = EDGE_CURVE('',#8938,#9047,#13094,.T.);
#13094 = LINE('',#13095,#13096);
#13095 = CARTESIAN_POINT('',(4.571918806191,-1.7,-2.22044604925E-16));
#13096 = VECTOR('',#13097,1.);
#13097 = DIRECTION('',(1.110223024625E-16,-1.,0.));
#13098 = ORIENTED_EDGE('',*,*,#9055,.T.);
#13099 = ORIENTED_EDGE('',*,*,#13076,.F.);
#13100 = ORIENTED_EDGE('',*,*,#8946,.F.);
#13101 = PLANE('',#13102);
#13102 = AXIS2_PLACEMENT_3D('',#13103,#13104,#13105);
#13103 = CARTESIAN_POINT('',(4.571918806191,-1.7,-2.22044604925E-16));
#13104 = DIRECTION('',(0.,0.,1.));
#13105 = DIRECTION('',(1.,1.110223024625E-16,-0.));
#13106 = ADVANCED_FACE('',(#13107),#13118,.T.);
#13107 = FACE_BOUND('',#13108,.T.);
#13108 = EDGE_LOOP('',(#13109,#13110,#13111,#13112));
#13109 = ORIENTED_EDGE('',*,*,#8937,.T.);
#13110 = ORIENTED_EDGE('',*,*,#13093,.T.);
#13111 = ORIENTED_EDGE('',*,*,#9046,.F.);
#13112 = ORIENTED_EDGE('',*,*,#13113,.F.);
#13113 = EDGE_CURVE('',#8930,#9039,#13114,.T.);
#13114 = LINE('',#13115,#13116);
#13115 = CARTESIAN_POINT('',(4.276476480287,-1.7,0.2479055467));
#13116 = VECTOR('',#13117,1.);
#13117 = DIRECTION('',(1.110223024625E-16,-1.,0.));
#13118 = CYLINDRICAL_SURFACE('',#13119,0.3);
#13119 = AXIS2_PLACEMENT_3D('',#13120,#13121,#13122);
#13120 = CARTESIAN_POINT('',(4.571918806191,-1.7,0.3));
#13121 = DIRECTION('',(-1.110223024625E-16,1.,0.));
#13122 = DIRECTION('',(-0.984807753012,-1.093356242223E-16,
    -0.173648177667));
#13123 = ADVANCED_FACE('',(#13124),#13130,.F.);
#13124 = FACE_BOUND('',#13125,.F.);
#13125 = EDGE_LOOP('',(#13126,#13127,#13128,#13129));
#13126 = ORIENTED_EDGE('',*,*,#9020,.T.);
#13127 = ORIENTED_EDGE('',*,*,#9038,.T.);
#13128 = ORIENTED_EDGE('',*,*,#13113,.F.);
#13129 = ORIENTED_EDGE('',*,*,#8929,.F.);
#13130 = PLANE('',#13131);
#13131 = AXIS2_PLACEMENT_3D('',#13132,#13133,#13134);
#13132 = CARTESIAN_POINT('',(4.098480775301,-1.7,1.292364817767));
#13133 = DIRECTION('',(0.985787519508,1.094444001546E-16,0.167996923731)
  );
#13134 = DIRECTION('',(0.167996923731,1.865140527917E-17,-0.985787519508
    ));
#13135 = ADVANCED_FACE('',(#13136),#13147,.T.);
#13136 = FACE_BOUND('',#13137,.T.);
#13137 = EDGE_LOOP('',(#13138,#13139,#13140,#13141));
#13138 = ORIENTED_EDGE('',*,*,#9210,.T.);
#13139 = ORIENTED_EDGE('',*,*,#10433,.T.);
#13140 = ORIENTED_EDGE('',*,*,#9319,.F.);
#13141 = ORIENTED_EDGE('',*,*,#13142,.F.);
#13142 = EDGE_CURVE('',#9203,#9312,#13143,.T.);
#13143 = LINE('',#13144,#13145);
#13144 = CARTESIAN_POINT('',(4.295442325904,-2.97,1.3270944533));
#13145 = VECTOR('',#13146,1.);
#13146 = DIRECTION('',(1.110223024625E-16,-1.,0.));
#13147 = CYLINDRICAL_SURFACE('',#13148,0.3);
#13148 = AXIS2_PLACEMENT_3D('',#13149,#13150,#13151);
#13149 = CARTESIAN_POINT('',(4.,-2.97,1.275));
#13150 = DIRECTION('',(-1.110223024625E-16,1.,0.));
#13151 = DIRECTION('',(0.984807753012,1.093356242223E-16,0.173648177667)
  );
#13152 = ADVANCED_FACE('',(#13153),#13164,.F.);
#13153 = FACE_BOUND('',#13154,.F.);
#13154 = EDGE_LOOP('',(#13155,#13161,#13162,#13163));
#13155 = ORIENTED_EDGE('',*,*,#13156,.T.);
#13156 = EDGE_CURVE('',#9194,#9303,#13157,.T.);
#13157 = LINE('',#13158,#13159);
#13158 = CARTESIAN_POINT('',(4.47343803089,-2.97,0.282635182233));
#13159 = VECTOR('',#13160,1.);
#13160 = DIRECTION('',(1.110223024625E-16,-1.,0.));
#13161 = ORIENTED_EDGE('',*,*,#9311,.T.);
#13162 = ORIENTED_EDGE('',*,*,#13142,.F.);
#13163 = ORIENTED_EDGE('',*,*,#9202,.F.);
#13164 = PLANE('',#13165);
#13165 = AXIS2_PLACEMENT_3D('',#13166,#13167,#13168);
#13166 = CARTESIAN_POINT('',(4.47343803089,-2.97,0.282635182233));
#13167 = DIRECTION('',(-0.985787519508,-1.094444001546E-16,
    -0.167996923731));
#13168 = DIRECTION('',(-0.167996923731,-1.865140527917E-17,
    0.985787519508));
#13169 = ADVANCED_FACE('',(#13170),#13181,.F.);
#13170 = FACE_BOUND('',#13171,.F.);
#13171 = EDGE_LOOP('',(#13172,#13178,#13179,#13180));
#13172 = ORIENTED_EDGE('',*,*,#13173,.T.);
#13173 = EDGE_CURVE('',#9186,#9295,#13174,.T.);
#13174 = LINE('',#13175,#13176);
#13175 = CARTESIAN_POINT('',(4.571918806191,-2.97,0.2));
#13176 = VECTOR('',#13177,1.);
#13177 = DIRECTION('',(1.110223024625E-16,-1.,0.));
#13178 = ORIENTED_EDGE('',*,*,#9302,.T.);
#13179 = ORIENTED_EDGE('',*,*,#13156,.F.);
#13180 = ORIENTED_EDGE('',*,*,#9193,.F.);
#13181 = CYLINDRICAL_SURFACE('',#13182,0.1);
#13182 = AXIS2_PLACEMENT_3D('',#13183,#13184,#13185);
#13183 = CARTESIAN_POINT('',(4.571918806191,-2.97,0.3));
#13184 = DIRECTION('',(-1.110223024625E-16,1.,0.));
#13185 = DIRECTION('',(8.881784197001E-15,9.860761315261E-31,-1.));
#13186 = ADVANCED_FACE('',(#13187),#13198,.F.);
#13187 = FACE_BOUND('',#13188,.F.);
#13188 = EDGE_LOOP('',(#13189,#13195,#13196,#13197));
#13189 = ORIENTED_EDGE('',*,*,#13190,.T.);
#13190 = EDGE_CURVE('',#9178,#9287,#13191,.T.);
#13191 = LINE('',#13192,#13193);
#13192 = CARTESIAN_POINT('',(5.15,-2.97,0.2));
#13193 = VECTOR('',#13194,1.);
#13194 = DIRECTION('',(1.110223024625E-16,-1.,0.));
#13195 = ORIENTED_EDGE('',*,*,#9294,.T.);
#13196 = ORIENTED_EDGE('',*,*,#13173,.F.);
#13197 = ORIENTED_EDGE('',*,*,#9185,.F.);
#13198 = PLANE('',#13199);
#13199 = AXIS2_PLACEMENT_3D('',#13200,#13201,#13202);
#13200 = CARTESIAN_POINT('',(5.15,-2.97,0.2));
#13201 = DIRECTION('',(0.,0.,-1.));
#13202 = DIRECTION('',(-1.,-1.110223024625E-16,-0.));
#13203 = ADVANCED_FACE('',(#13204),#13215,.F.);
#13204 = FACE_BOUND('',#13205,.F.);
#13205 = EDGE_LOOP('',(#13206,#13212,#13213,#13214));
#13206 = ORIENTED_EDGE('',*,*,#13207,.T.);
#13207 = EDGE_CURVE('',#9170,#9279,#13208,.T.);
#13208 = LINE('',#13209,#13210);
#13209 = CARTESIAN_POINT('',(5.15,-2.97,-2.22044604925E-16));
#13210 = VECTOR('',#13211,1.);
#13211 = DIRECTION('',(1.110223024625E-16,-1.,0.));
#13212 = ORIENTED_EDGE('',*,*,#9286,.T.);
#13213 = ORIENTED_EDGE('',*,*,#13190,.F.);
#13214 = ORIENTED_EDGE('',*,*,#9177,.F.);
#13215 = PLANE('',#13216);
#13216 = AXIS2_PLACEMENT_3D('',#13217,#13218,#13219);
#13217 = CARTESIAN_POINT('',(5.15,-2.97,-2.22044604925E-16));
#13218 = DIRECTION('',(-1.,-1.110223024625E-16,0.));
#13219 = DIRECTION('',(0.,0.,1.));
#13220 = ADVANCED_FACE('',(#13221),#13232,.F.);
#13221 = FACE_BOUND('',#13222,.F.);
#13222 = EDGE_LOOP('',(#13223,#13229,#13230,#13231));
#13223 = ORIENTED_EDGE('',*,*,#13224,.T.);
#13224 = EDGE_CURVE('',#9161,#9270,#13225,.T.);
#13225 = LINE('',#13226,#13227);
#13226 = CARTESIAN_POINT('',(4.571918806191,-2.97,-2.22044604925E-16));
#13227 = VECTOR('',#13228,1.);
#13228 = DIRECTION('',(1.110223024625E-16,-1.,0.));
#13229 = ORIENTED_EDGE('',*,*,#9278,.T.);
#13230 = ORIENTED_EDGE('',*,*,#13207,.F.);
#13231 = ORIENTED_EDGE('',*,*,#9169,.F.);
#13232 = PLANE('',#13233);
#13233 = AXIS2_PLACEMENT_3D('',#13234,#13235,#13236);
#13234 = CARTESIAN_POINT('',(4.571918806191,-2.97,-2.22044604925E-16));
#13235 = DIRECTION('',(0.,0.,1.));
#13236 = DIRECTION('',(1.,1.110223024625E-16,-0.));
#13237 = ADVANCED_FACE('',(#13238),#13249,.T.);
#13238 = FACE_BOUND('',#13239,.T.);
#13239 = EDGE_LOOP('',(#13240,#13241,#13242,#13243));
#13240 = ORIENTED_EDGE('',*,*,#9160,.T.);
#13241 = ORIENTED_EDGE('',*,*,#13224,.T.);
#13242 = ORIENTED_EDGE('',*,*,#9269,.F.);
#13243 = ORIENTED_EDGE('',*,*,#13244,.F.);
#13244 = EDGE_CURVE('',#9153,#9262,#13245,.T.);
#13245 = LINE('',#13246,#13247);
#13246 = CARTESIAN_POINT('',(4.276476480287,-2.97,0.2479055467));
#13247 = VECTOR('',#13248,1.);
#13248 = DIRECTION('',(1.110223024625E-16,-1.,0.));
#13249 = CYLINDRICAL_SURFACE('',#13250,0.3);
#13250 = AXIS2_PLACEMENT_3D('',#13251,#13252,#13253);
#13251 = CARTESIAN_POINT('',(4.571918806191,-2.97,0.3));
#13252 = DIRECTION('',(-1.110223024625E-16,1.,0.));
#13253 = DIRECTION('',(-0.984807753012,-1.093356242223E-16,
    -0.173648177667));
#13254 = ADVANCED_FACE('',(#13255),#13261,.F.);
#13255 = FACE_BOUND('',#13256,.F.);
#13256 = EDGE_LOOP('',(#13257,#13258,#13259,#13260));
#13257 = ORIENTED_EDGE('',*,*,#9243,.T.);
#13258 = ORIENTED_EDGE('',*,*,#9261,.T.);
#13259 = ORIENTED_EDGE('',*,*,#13244,.F.);
#13260 = ORIENTED_EDGE('',*,*,#9152,.F.);
#13261 = PLANE('',#13262);
#13262 = AXIS2_PLACEMENT_3D('',#13263,#13264,#13265);
#13263 = CARTESIAN_POINT('',(4.098480775301,-2.97,1.292364817767));
#13264 = DIRECTION('',(0.985787519508,1.094444001546E-16,0.167996923731)
  );
#13265 = DIRECTION('',(0.167996923731,1.865140527917E-17,-0.985787519508
    ));
#13266 = ADVANCED_FACE('',(#13267),#13278,.T.);
#13267 = FACE_BOUND('',#13268,.T.);
#13268 = EDGE_LOOP('',(#13269,#13270,#13271,#13272));
#13269 = ORIENTED_EDGE('',*,*,#9433,.T.);
#13270 = ORIENTED_EDGE('',*,*,#10452,.T.);
#13271 = ORIENTED_EDGE('',*,*,#9542,.F.);
#13272 = ORIENTED_EDGE('',*,*,#13273,.F.);
#13273 = EDGE_CURVE('',#9426,#9535,#13274,.T.);
#13274 = LINE('',#13275,#13276);
#13275 = CARTESIAN_POINT('',(4.295442325904,-4.24,1.3270944533));
#13276 = VECTOR('',#13277,1.);
#13277 = DIRECTION('',(1.110223024625E-16,-1.,0.));
#13278 = CYLINDRICAL_SURFACE('',#13279,0.3);
#13279 = AXIS2_PLACEMENT_3D('',#13280,#13281,#13282);
#13280 = CARTESIAN_POINT('',(4.,-4.24,1.275));
#13281 = DIRECTION('',(-1.110223024625E-16,1.,0.));
#13282 = DIRECTION('',(0.984807753012,1.093356242223E-16,0.173648177667)
  );
#13283 = ADVANCED_FACE('',(#13284),#13295,.F.);
#13284 = FACE_BOUND('',#13285,.F.);
#13285 = EDGE_LOOP('',(#13286,#13292,#13293,#13294));
#13286 = ORIENTED_EDGE('',*,*,#13287,.T.);
#13287 = EDGE_CURVE('',#9417,#9526,#13288,.T.);
#13288 = LINE('',#13289,#13290);
#13289 = CARTESIAN_POINT('',(4.47343803089,-4.24,0.282635182233));
#13290 = VECTOR('',#13291,1.);
#13291 = DIRECTION('',(1.110223024625E-16,-1.,0.));
#13292 = ORIENTED_EDGE('',*,*,#9534,.T.);
#13293 = ORIENTED_EDGE('',*,*,#13273,.F.);
#13294 = ORIENTED_EDGE('',*,*,#9425,.F.);
#13295 = PLANE('',#13296);
#13296 = AXIS2_PLACEMENT_3D('',#13297,#13298,#13299);
#13297 = CARTESIAN_POINT('',(4.47343803089,-4.24,0.282635182233));
#13298 = DIRECTION('',(-0.985787519508,-1.094444001546E-16,
    -0.167996923731));
#13299 = DIRECTION('',(-0.167996923731,-1.865140527917E-17,
    0.985787519508));
#13300 = ADVANCED_FACE('',(#13301),#13312,.F.);
#13301 = FACE_BOUND('',#13302,.F.);
#13302 = EDGE_LOOP('',(#13303,#13309,#13310,#13311));
#13303 = ORIENTED_EDGE('',*,*,#13304,.T.);
#13304 = EDGE_CURVE('',#9409,#9518,#13305,.T.);
#13305 = LINE('',#13306,#13307);
#13306 = CARTESIAN_POINT('',(4.571918806191,-4.24,0.2));
#13307 = VECTOR('',#13308,1.);
#13308 = DIRECTION('',(1.110223024625E-16,-1.,0.));
#13309 = ORIENTED_EDGE('',*,*,#9525,.T.);
#13310 = ORIENTED_EDGE('',*,*,#13287,.F.);
#13311 = ORIENTED_EDGE('',*,*,#9416,.F.);
#13312 = CYLINDRICAL_SURFACE('',#13313,0.1);
#13313 = AXIS2_PLACEMENT_3D('',#13314,#13315,#13316);
#13314 = CARTESIAN_POINT('',(4.571918806191,-4.24,0.3));
#13315 = DIRECTION('',(-1.110223024625E-16,1.,0.));
#13316 = DIRECTION('',(8.881784197001E-15,9.860761315261E-31,-1.));
#13317 = ADVANCED_FACE('',(#13318),#13329,.F.);
#13318 = FACE_BOUND('',#13319,.F.);
#13319 = EDGE_LOOP('',(#13320,#13326,#13327,#13328));
#13320 = ORIENTED_EDGE('',*,*,#13321,.T.);
#13321 = EDGE_CURVE('',#9401,#9510,#13322,.T.);
#13322 = LINE('',#13323,#13324);
#13323 = CARTESIAN_POINT('',(5.15,-4.24,0.2));
#13324 = VECTOR('',#13325,1.);
#13325 = DIRECTION('',(1.110223024625E-16,-1.,0.));
#13326 = ORIENTED_EDGE('',*,*,#9517,.T.);
#13327 = ORIENTED_EDGE('',*,*,#13304,.F.);
#13328 = ORIENTED_EDGE('',*,*,#9408,.F.);
#13329 = PLANE('',#13330);
#13330 = AXIS2_PLACEMENT_3D('',#13331,#13332,#13333);
#13331 = CARTESIAN_POINT('',(5.15,-4.24,0.2));
#13332 = DIRECTION('',(0.,0.,-1.));
#13333 = DIRECTION('',(-1.,-1.110223024625E-16,-0.));
#13334 = ADVANCED_FACE('',(#13335),#13346,.F.);
#13335 = FACE_BOUND('',#13336,.F.);
#13336 = EDGE_LOOP('',(#13337,#13343,#13344,#13345));
#13337 = ORIENTED_EDGE('',*,*,#13338,.T.);
#13338 = EDGE_CURVE('',#9393,#9502,#13339,.T.);
#13339 = LINE('',#13340,#13341);
#13340 = CARTESIAN_POINT('',(5.15,-4.24,-2.22044604925E-16));
#13341 = VECTOR('',#13342,1.);
#13342 = DIRECTION('',(1.110223024625E-16,-1.,0.));
#13343 = ORIENTED_EDGE('',*,*,#9509,.T.);
#13344 = ORIENTED_EDGE('',*,*,#13321,.F.);
#13345 = ORIENTED_EDGE('',*,*,#9400,.F.);
#13346 = PLANE('',#13347);
#13347 = AXIS2_PLACEMENT_3D('',#13348,#13349,#13350);
#13348 = CARTESIAN_POINT('',(5.15,-4.24,-2.22044604925E-16));
#13349 = DIRECTION('',(-1.,-1.110223024625E-16,0.));
#13350 = DIRECTION('',(0.,0.,1.));
#13351 = ADVANCED_FACE('',(#13352),#13363,.F.);
#13352 = FACE_BOUND('',#13353,.F.);
#13353 = EDGE_LOOP('',(#13354,#13360,#13361,#13362));
#13354 = ORIENTED_EDGE('',*,*,#13355,.T.);
#13355 = EDGE_CURVE('',#9384,#9493,#13356,.T.);
#13356 = LINE('',#13357,#13358);
#13357 = CARTESIAN_POINT('',(4.571918806191,-4.24,-2.22044604925E-16));
#13358 = VECTOR('',#13359,1.);
#13359 = DIRECTION('',(1.110223024625E-16,-1.,0.));
#13360 = ORIENTED_EDGE('',*,*,#9501,.T.);
#13361 = ORIENTED_EDGE('',*,*,#13338,.F.);
#13362 = ORIENTED_EDGE('',*,*,#9392,.F.);
#13363 = PLANE('',#13364);
#13364 = AXIS2_PLACEMENT_3D('',#13365,#13366,#13367);
#13365 = CARTESIAN_POINT('',(4.571918806191,-4.24,-2.22044604925E-16));
#13366 = DIRECTION('',(0.,0.,1.));
#13367 = DIRECTION('',(1.,1.110223024625E-16,-0.));
#13368 = ADVANCED_FACE('',(#13369),#13380,.T.);
#13369 = FACE_BOUND('',#13370,.T.);
#13370 = EDGE_LOOP('',(#13371,#13372,#13373,#13374));
#13371 = ORIENTED_EDGE('',*,*,#9383,.T.);
#13372 = ORIENTED_EDGE('',*,*,#13355,.T.);
#13373 = ORIENTED_EDGE('',*,*,#9492,.F.);
#13374 = ORIENTED_EDGE('',*,*,#13375,.F.);
#13375 = EDGE_CURVE('',#9376,#9485,#13376,.T.);
#13376 = LINE('',#13377,#13378);
#13377 = CARTESIAN_POINT('',(4.276476480287,-4.24,0.2479055467));
#13378 = VECTOR('',#13379,1.);
#13379 = DIRECTION('',(1.110223024625E-16,-1.,0.));
#13380 = CYLINDRICAL_SURFACE('',#13381,0.3);
#13381 = AXIS2_PLACEMENT_3D('',#13382,#13383,#13384);
#13382 = CARTESIAN_POINT('',(4.571918806191,-4.24,0.3));
#13383 = DIRECTION('',(-1.110223024625E-16,1.,0.));
#13384 = DIRECTION('',(-0.984807753012,-1.093356242223E-16,
    -0.173648177667));
#13385 = ADVANCED_FACE('',(#13386),#13392,.F.);
#13386 = FACE_BOUND('',#13387,.F.);
#13387 = EDGE_LOOP('',(#13388,#13389,#13390,#13391));
#13388 = ORIENTED_EDGE('',*,*,#9466,.T.);
#13389 = ORIENTED_EDGE('',*,*,#9484,.T.);
#13390 = ORIENTED_EDGE('',*,*,#13375,.F.);
#13391 = ORIENTED_EDGE('',*,*,#9375,.F.);
#13392 = PLANE('',#13393);
#13393 = AXIS2_PLACEMENT_3D('',#13394,#13395,#13396);
#13394 = CARTESIAN_POINT('',(4.098480775301,-4.24,1.292364817767));
#13395 = DIRECTION('',(0.985787519508,1.094444001546E-16,0.167996923731)
  );
#13396 = DIRECTION('',(0.167996923731,1.865140527917E-17,-0.985787519508
    ));
#13397 = ADVANCED_FACE('',(#13398),#13409,.T.);
#13398 = FACE_BOUND('',#13399,.T.);
#13399 = EDGE_LOOP('',(#13400,#13401,#13402,#13403));
#13400 = ORIENTED_EDGE('',*,*,#9656,.T.);
#13401 = ORIENTED_EDGE('',*,*,#10471,.T.);
#13402 = ORIENTED_EDGE('',*,*,#9765,.F.);
#13403 = ORIENTED_EDGE('',*,*,#13404,.F.);
#13404 = EDGE_CURVE('',#9649,#9758,#13405,.T.);
#13405 = LINE('',#13406,#13407);
#13406 = CARTESIAN_POINT('',(4.295442325904,-5.51,1.3270944533));
#13407 = VECTOR('',#13408,1.);
#13408 = DIRECTION('',(1.110223024625E-16,-1.,0.));
#13409 = CYLINDRICAL_SURFACE('',#13410,0.3);
#13410 = AXIS2_PLACEMENT_3D('',#13411,#13412,#13413);
#13411 = CARTESIAN_POINT('',(4.,-5.51,1.275));
#13412 = DIRECTION('',(-1.110223024625E-16,1.,0.));
#13413 = DIRECTION('',(0.984807753012,1.093356242223E-16,0.173648177667)
  );
#13414 = ADVANCED_FACE('',(#13415),#13426,.F.);
#13415 = FACE_BOUND('',#13416,.F.);
#13416 = EDGE_LOOP('',(#13417,#13423,#13424,#13425));
#13417 = ORIENTED_EDGE('',*,*,#13418,.T.);
#13418 = EDGE_CURVE('',#9640,#9749,#13419,.T.);
#13419 = LINE('',#13420,#13421);
#13420 = CARTESIAN_POINT('',(4.47343803089,-5.51,0.282635182233));
#13421 = VECTOR('',#13422,1.);
#13422 = DIRECTION('',(1.110223024625E-16,-1.,0.));
#13423 = ORIENTED_EDGE('',*,*,#9757,.T.);
#13424 = ORIENTED_EDGE('',*,*,#13404,.F.);
#13425 = ORIENTED_EDGE('',*,*,#9648,.F.);
#13426 = PLANE('',#13427);
#13427 = AXIS2_PLACEMENT_3D('',#13428,#13429,#13430);
#13428 = CARTESIAN_POINT('',(4.47343803089,-5.51,0.282635182233));
#13429 = DIRECTION('',(-0.985787519508,-1.094444001546E-16,
    -0.167996923731));
#13430 = DIRECTION('',(-0.167996923731,-1.865140527917E-17,
    0.985787519508));
#13431 = ADVANCED_FACE('',(#13432),#13443,.F.);
#13432 = FACE_BOUND('',#13433,.F.);
#13433 = EDGE_LOOP('',(#13434,#13440,#13441,#13442));
#13434 = ORIENTED_EDGE('',*,*,#13435,.T.);
#13435 = EDGE_CURVE('',#9632,#9741,#13436,.T.);
#13436 = LINE('',#13437,#13438);
#13437 = CARTESIAN_POINT('',(4.571918806191,-5.51,0.2));
#13438 = VECTOR('',#13439,1.);
#13439 = DIRECTION('',(1.110223024625E-16,-1.,0.));
#13440 = ORIENTED_EDGE('',*,*,#9748,.T.);
#13441 = ORIENTED_EDGE('',*,*,#13418,.F.);
#13442 = ORIENTED_EDGE('',*,*,#9639,.F.);
#13443 = CYLINDRICAL_SURFACE('',#13444,0.1);
#13444 = AXIS2_PLACEMENT_3D('',#13445,#13446,#13447);
#13445 = CARTESIAN_POINT('',(4.571918806191,-5.51,0.3));
#13446 = DIRECTION('',(-1.110223024625E-16,1.,0.));
#13447 = DIRECTION('',(8.881784197001E-15,9.860761315261E-31,-1.));
#13448 = ADVANCED_FACE('',(#13449),#13460,.F.);
#13449 = FACE_BOUND('',#13450,.F.);
#13450 = EDGE_LOOP('',(#13451,#13457,#13458,#13459));
#13451 = ORIENTED_EDGE('',*,*,#13452,.T.);
#13452 = EDGE_CURVE('',#9624,#9733,#13453,.T.);
#13453 = LINE('',#13454,#13455);
#13454 = CARTESIAN_POINT('',(5.15,-5.51,0.2));
#13455 = VECTOR('',#13456,1.);
#13456 = DIRECTION('',(1.110223024625E-16,-1.,0.));
#13457 = ORIENTED_EDGE('',*,*,#9740,.T.);
#13458 = ORIENTED_EDGE('',*,*,#13435,.F.);
#13459 = ORIENTED_EDGE('',*,*,#9631,.F.);
#13460 = PLANE('',#13461);
#13461 = AXIS2_PLACEMENT_3D('',#13462,#13463,#13464);
#13462 = CARTESIAN_POINT('',(5.15,-5.51,0.2));
#13463 = DIRECTION('',(0.,0.,-1.));
#13464 = DIRECTION('',(-1.,-1.110223024625E-16,-0.));
#13465 = ADVANCED_FACE('',(#13466),#13477,.F.);
#13466 = FACE_BOUND('',#13467,.F.);
#13467 = EDGE_LOOP('',(#13468,#13474,#13475,#13476));
#13468 = ORIENTED_EDGE('',*,*,#13469,.T.);
#13469 = EDGE_CURVE('',#9616,#9725,#13470,.T.);
#13470 = LINE('',#13471,#13472);
#13471 = CARTESIAN_POINT('',(5.15,-5.51,-2.22044604925E-16));
#13472 = VECTOR('',#13473,1.);
#13473 = DIRECTION('',(1.110223024625E-16,-1.,0.));
#13474 = ORIENTED_EDGE('',*,*,#9732,.T.);
#13475 = ORIENTED_EDGE('',*,*,#13452,.F.);
#13476 = ORIENTED_EDGE('',*,*,#9623,.F.);
#13477 = PLANE('',#13478);
#13478 = AXIS2_PLACEMENT_3D('',#13479,#13480,#13481);
#13479 = CARTESIAN_POINT('',(5.15,-5.51,-2.22044604925E-16));
#13480 = DIRECTION('',(-1.,-1.110223024625E-16,0.));
#13481 = DIRECTION('',(0.,0.,1.));
#13482 = ADVANCED_FACE('',(#13483),#13494,.F.);
#13483 = FACE_BOUND('',#13484,.F.);
#13484 = EDGE_LOOP('',(#13485,#13491,#13492,#13493));
#13485 = ORIENTED_EDGE('',*,*,#13486,.T.);
#13486 = EDGE_CURVE('',#9607,#9716,#13487,.T.);
#13487 = LINE('',#13488,#13489);
#13488 = CARTESIAN_POINT('',(4.571918806191,-5.51,-2.22044604925E-16));
#13489 = VECTOR('',#13490,1.);
#13490 = DIRECTION('',(1.110223024625E-16,-1.,0.));
#13491 = ORIENTED_EDGE('',*,*,#9724,.T.);
#13492 = ORIENTED_EDGE('',*,*,#13469,.F.);
#13493 = ORIENTED_EDGE('',*,*,#9615,.F.);
#13494 = PLANE('',#13495);
#13495 = AXIS2_PLACEMENT_3D('',#13496,#13497,#13498);
#13496 = CARTESIAN_POINT('',(4.571918806191,-5.51,-2.22044604925E-16));
#13497 = DIRECTION('',(0.,0.,1.));
#13498 = DIRECTION('',(1.,1.110223024625E-16,-0.));
#13499 = ADVANCED_FACE('',(#13500),#13511,.T.);
#13500 = FACE_BOUND('',#13501,.T.);
#13501 = EDGE_LOOP('',(#13502,#13503,#13504,#13505));
#13502 = ORIENTED_EDGE('',*,*,#9606,.T.);
#13503 = ORIENTED_EDGE('',*,*,#13486,.T.);
#13504 = ORIENTED_EDGE('',*,*,#9715,.F.);
#13505 = ORIENTED_EDGE('',*,*,#13506,.F.);
#13506 = EDGE_CURVE('',#9599,#9708,#13507,.T.);
#13507 = LINE('',#13508,#13509);
#13508 = CARTESIAN_POINT('',(4.276476480287,-5.51,0.2479055467));
#13509 = VECTOR('',#13510,1.);
#13510 = DIRECTION('',(1.110223024625E-16,-1.,0.));
#13511 = CYLINDRICAL_SURFACE('',#13512,0.3);
#13512 = AXIS2_PLACEMENT_3D('',#13513,#13514,#13515);
#13513 = CARTESIAN_POINT('',(4.571918806191,-5.51,0.3));
#13514 = DIRECTION('',(-1.110223024625E-16,1.,0.));
#13515 = DIRECTION('',(-0.984807753012,-1.093356242223E-16,
    -0.173648177667));
#13516 = ADVANCED_FACE('',(#13517),#13523,.F.);
#13517 = FACE_BOUND('',#13518,.F.);
#13518 = EDGE_LOOP('',(#13519,#13520,#13521,#13522));
#13519 = ORIENTED_EDGE('',*,*,#9689,.T.);
#13520 = ORIENTED_EDGE('',*,*,#9707,.T.);
#13521 = ORIENTED_EDGE('',*,*,#13506,.F.);
#13522 = ORIENTED_EDGE('',*,*,#9598,.F.);
#13523 = PLANE('',#13524);
#13524 = AXIS2_PLACEMENT_3D('',#13525,#13526,#13527);
#13525 = CARTESIAN_POINT('',(4.098480775301,-5.51,1.292364817767));
#13526 = DIRECTION('',(0.985787519508,1.094444001546E-16,0.167996923731)
  );
#13527 = DIRECTION('',(0.167996923731,1.865140527917E-17,-0.985787519508
    ));
#13528 = ADVANCED_FACE('',(#13529),#13540,.T.);
#13529 = FACE_BOUND('',#13530,.T.);
#13530 = EDGE_LOOP('',(#13531,#13532,#13533,#13534));
#13531 = ORIENTED_EDGE('',*,*,#9879,.T.);
#13532 = ORIENTED_EDGE('',*,*,#10490,.T.);
#13533 = ORIENTED_EDGE('',*,*,#9988,.F.);
#13534 = ORIENTED_EDGE('',*,*,#13535,.F.);
#13535 = EDGE_CURVE('',#9872,#9981,#13536,.T.);
#13536 = LINE('',#13537,#13538);
#13537 = CARTESIAN_POINT('',(4.295442325904,-6.78,1.3270944533));
#13538 = VECTOR('',#13539,1.);
#13539 = DIRECTION('',(1.110223024625E-16,-1.,0.));
#13540 = CYLINDRICAL_SURFACE('',#13541,0.3);
#13541 = AXIS2_PLACEMENT_3D('',#13542,#13543,#13544);
#13542 = CARTESIAN_POINT('',(4.,-6.78,1.275));
#13543 = DIRECTION('',(-1.110223024625E-16,1.,0.));
#13544 = DIRECTION('',(0.984807753012,1.093356242223E-16,0.173648177667)
  );
#13545 = ADVANCED_FACE('',(#13546),#13557,.F.);
#13546 = FACE_BOUND('',#13547,.F.);
#13547 = EDGE_LOOP('',(#13548,#13554,#13555,#13556));
#13548 = ORIENTED_EDGE('',*,*,#13549,.T.);
#13549 = EDGE_CURVE('',#9863,#9972,#13550,.T.);
#13550 = LINE('',#13551,#13552);
#13551 = CARTESIAN_POINT('',(4.47343803089,-6.78,0.282635182233));
#13552 = VECTOR('',#13553,1.);
#13553 = DIRECTION('',(1.110223024625E-16,-1.,0.));
#13554 = ORIENTED_EDGE('',*,*,#9980,.T.);
#13555 = ORIENTED_EDGE('',*,*,#13535,.F.);
#13556 = ORIENTED_EDGE('',*,*,#9871,.F.);
#13557 = PLANE('',#13558);
#13558 = AXIS2_PLACEMENT_3D('',#13559,#13560,#13561);
#13559 = CARTESIAN_POINT('',(4.47343803089,-6.78,0.282635182233));
#13560 = DIRECTION('',(-0.985787519508,-1.094444001546E-16,
    -0.167996923731));
#13561 = DIRECTION('',(-0.167996923731,-1.865140527917E-17,
    0.985787519508));
#13562 = ADVANCED_FACE('',(#13563),#13574,.F.);
#13563 = FACE_BOUND('',#13564,.F.);
#13564 = EDGE_LOOP('',(#13565,#13571,#13572,#13573));
#13565 = ORIENTED_EDGE('',*,*,#13566,.T.);
#13566 = EDGE_CURVE('',#9855,#9964,#13567,.T.);
#13567 = LINE('',#13568,#13569);
#13568 = CARTESIAN_POINT('',(4.571918806191,-6.78,0.2));
#13569 = VECTOR('',#13570,1.);
#13570 = DIRECTION('',(1.110223024625E-16,-1.,0.));
#13571 = ORIENTED_EDGE('',*,*,#9971,.T.);
#13572 = ORIENTED_EDGE('',*,*,#13549,.F.);
#13573 = ORIENTED_EDGE('',*,*,#9862,.F.);
#13574 = CYLINDRICAL_SURFACE('',#13575,0.1);
#13575 = AXIS2_PLACEMENT_3D('',#13576,#13577,#13578);
#13576 = CARTESIAN_POINT('',(4.571918806191,-6.78,0.3));
#13577 = DIRECTION('',(-1.110223024625E-16,1.,0.));
#13578 = DIRECTION('',(8.881784197001E-15,9.860761315261E-31,-1.));
#13579 = ADVANCED_FACE('',(#13580),#13591,.F.);
#13580 = FACE_BOUND('',#13581,.F.);
#13581 = EDGE_LOOP('',(#13582,#13588,#13589,#13590));
#13582 = ORIENTED_EDGE('',*,*,#13583,.T.);
#13583 = EDGE_CURVE('',#9847,#9956,#13584,.T.);
#13584 = LINE('',#13585,#13586);
#13585 = CARTESIAN_POINT('',(5.15,-6.78,0.2));
#13586 = VECTOR('',#13587,1.);
#13587 = DIRECTION('',(1.110223024625E-16,-1.,0.));
#13588 = ORIENTED_EDGE('',*,*,#9963,.T.);
#13589 = ORIENTED_EDGE('',*,*,#13566,.F.);
#13590 = ORIENTED_EDGE('',*,*,#9854,.F.);
#13591 = PLANE('',#13592);
#13592 = AXIS2_PLACEMENT_3D('',#13593,#13594,#13595);
#13593 = CARTESIAN_POINT('',(5.15,-6.78,0.2));
#13594 = DIRECTION('',(0.,0.,-1.));
#13595 = DIRECTION('',(-1.,-1.110223024625E-16,-0.));
#13596 = ADVANCED_FACE('',(#13597),#13608,.F.);
#13597 = FACE_BOUND('',#13598,.F.);
#13598 = EDGE_LOOP('',(#13599,#13605,#13606,#13607));
#13599 = ORIENTED_EDGE('',*,*,#13600,.T.);
#13600 = EDGE_CURVE('',#9839,#9948,#13601,.T.);
#13601 = LINE('',#13602,#13603);
#13602 = CARTESIAN_POINT('',(5.15,-6.78,-2.22044604925E-16));
#13603 = VECTOR('',#13604,1.);
#13604 = DIRECTION('',(1.110223024625E-16,-1.,0.));
#13605 = ORIENTED_EDGE('',*,*,#9955,.T.);
#13606 = ORIENTED_EDGE('',*,*,#13583,.F.);
#13607 = ORIENTED_EDGE('',*,*,#9846,.F.);
#13608 = PLANE('',#13609);
#13609 = AXIS2_PLACEMENT_3D('',#13610,#13611,#13612);
#13610 = CARTESIAN_POINT('',(5.15,-6.78,-2.22044604925E-16));
#13611 = DIRECTION('',(-1.,-1.110223024625E-16,0.));
#13612 = DIRECTION('',(0.,0.,1.));
#13613 = ADVANCED_FACE('',(#13614),#13625,.F.);
#13614 = FACE_BOUND('',#13615,.F.);
#13615 = EDGE_LOOP('',(#13616,#13622,#13623,#13624));
#13616 = ORIENTED_EDGE('',*,*,#13617,.T.);
#13617 = EDGE_CURVE('',#9830,#9939,#13618,.T.);
#13618 = LINE('',#13619,#13620);
#13619 = CARTESIAN_POINT('',(4.571918806191,-6.78,-2.22044604925E-16));
#13620 = VECTOR('',#13621,1.);
#13621 = DIRECTION('',(1.110223024625E-16,-1.,0.));
#13622 = ORIENTED_EDGE('',*,*,#9947,.T.);
#13623 = ORIENTED_EDGE('',*,*,#13600,.F.);
#13624 = ORIENTED_EDGE('',*,*,#9838,.F.);
#13625 = PLANE('',#13626);
#13626 = AXIS2_PLACEMENT_3D('',#13627,#13628,#13629);
#13627 = CARTESIAN_POINT('',(4.571918806191,-6.78,-2.22044604925E-16));
#13628 = DIRECTION('',(0.,0.,1.));
#13629 = DIRECTION('',(1.,1.110223024625E-16,-0.));
#13630 = ADVANCED_FACE('',(#13631),#13642,.T.);
#13631 = FACE_BOUND('',#13632,.T.);
#13632 = EDGE_LOOP('',(#13633,#13634,#13635,#13636));
#13633 = ORIENTED_EDGE('',*,*,#9829,.T.);
#13634 = ORIENTED_EDGE('',*,*,#13617,.T.);
#13635 = ORIENTED_EDGE('',*,*,#9938,.F.);
#13636 = ORIENTED_EDGE('',*,*,#13637,.F.);
#13637 = EDGE_CURVE('',#9822,#9931,#13638,.T.);
#13638 = LINE('',#13639,#13640);
#13639 = CARTESIAN_POINT('',(4.276476480287,-6.78,0.2479055467));
#13640 = VECTOR('',#13641,1.);
#13641 = DIRECTION('',(1.110223024625E-16,-1.,0.));
#13642 = CYLINDRICAL_SURFACE('',#13643,0.3);
#13643 = AXIS2_PLACEMENT_3D('',#13644,#13645,#13646);
#13644 = CARTESIAN_POINT('',(4.571918806191,-6.78,0.3));
#13645 = DIRECTION('',(-1.110223024625E-16,1.,0.));
#13646 = DIRECTION('',(-0.984807753012,-1.093356242223E-16,
    -0.173648177667));
#13647 = ADVANCED_FACE('',(#13648),#13654,.F.);
#13648 = FACE_BOUND('',#13649,.F.);
#13649 = EDGE_LOOP('',(#13650,#13651,#13652,#13653));
#13650 = ORIENTED_EDGE('',*,*,#9912,.T.);
#13651 = ORIENTED_EDGE('',*,*,#9930,.T.);
#13652 = ORIENTED_EDGE('',*,*,#13637,.F.);
#13653 = ORIENTED_EDGE('',*,*,#9821,.F.);
#13654 = PLANE('',#13655);
#13655 = AXIS2_PLACEMENT_3D('',#13656,#13657,#13658);
#13656 = CARTESIAN_POINT('',(4.098480775301,-6.78,1.292364817767));
#13657 = DIRECTION('',(0.985787519508,1.094444001546E-16,0.167996923731)
  );
#13658 = DIRECTION('',(0.167996923731,1.865140527917E-17,-0.985787519508
    ));
#13659 = ADVANCED_FACE('',(#13660),#13663,.F.);
#13660 = FACE_BOUND('',#13661,.T.);
#13661 = EDGE_LOOP('',(#13662));
#13662 = ORIENTED_EDGE('',*,*,#10266,.F.);
#13663 = PLANE('',#13664);
#13664 = AXIS2_PLACEMENT_3D('',#13665,#13666,#13667);
#13665 = CARTESIAN_POINT('',(-2.688898282619,6.638898282619,2.75));
#13666 = DIRECTION('',(0.,0.,-1.));
#13667 = DIRECTION('',(1.110223024625E-16,-1.,0.));
#13668 = ( GEOMETRIC_REPRESENTATION_CONTEXT(3) 
GLOBAL_UNCERTAINTY_ASSIGNED_CONTEXT((#13672)) 
GLOBAL_UNIT_ASSIGNED_CONTEXT((#13669,#13670,#13671)) 
REPRESENTATION_CONTEXT('Context #1',
  '3D Context with UNIT and UNCERTAINTY') );
#13669 = ( LENGTH_UNIT() NAMED_UNIT(*) SI_UNIT(.MILLI.,.METRE.) );
#13670 = ( NAMED_UNIT(*) PLANE_ANGLE_UNIT() SI_UNIT($,.RADIAN.) );
#13671 = ( NAMED_UNIT(*) SI_UNIT($,.STERADIAN.) SOLID_ANGLE_UNIT() );
#13672 = UNCERTAINTY_MEASURE_WITH_UNIT(LENGTH_MEASURE(1.E-07),#13669,
  'distance_accuracy_value','confusion accuracy');
#13673 = CONTEXT_DEPENDENT_SHAPE_REPRESENTATION(#13674,#13676);
#13674 = ( REPRESENTATION_RELATIONSHIP('','',#1725,#10) 
REPRESENTATION_RELATIONSHIP_WITH_TRANSFORMATION(#13675) 
SHAPE_REPRESENTATION_RELATIONSHIP() );
#13675 = ITEM_DEFINED_TRANSFORMATION('','',#11,#79);
#13676 = PRODUCT_DEFINITION_SHAPE('Placement','Placement of an item',
  #13677);
#13677 = NEXT_ASSEMBLY_USAGE_OCCURRENCE('17','U2','',#5,#1720,$);
#13678 = PRODUCT_RELATED_PRODUCT_CATEGORY('part',$,(#1722));
#13679 = SHAPE_DEFINITION_REPRESENTATION(#13680,#13686);
#13680 = PRODUCT_DEFINITION_SHAPE('','',#13681);
#13681 = PRODUCT_DEFINITION('design','',#13682,#13685);
#13682 = PRODUCT_DEFINITION_FORMATION('','',#13683);
#13683 = PRODUCT('C_1210_3225Metric','C_1210_3225Metric','',(#13684));
#13684 = PRODUCT_CONTEXT('',#2,'mechanical');
#13685 = PRODUCT_DEFINITION_CONTEXT('part definition',#2,'design');
#13686 = ADVANCED_BREP_SHAPE_REPRESENTATION('',(#11,#13687),#14541);
#13687 = MANIFOLD_SOLID_BREP('',#13688);
#13688 = CLOSED_SHELL('',(#13689,#13765,#13796,#13821,#13846,#13870,
    #13894,#13919,#13944,#13961,#14047,#14079,#14103,#14128,#14152,
    #14177,#14201,#14226,#14243,#14329,#14360,#14385,#14410,#14434,
    #14458,#14483,#14508,#14525));
#13689 = ADVANCED_FACE('',(#13690),#13760,.F.);
#13690 = FACE_BOUND('',#13691,.F.);
#13691 = EDGE_LOOP('',(#13692,#13702,#13711,#13719,#13728,#13736,#13745,
    #13753));
#13692 = ORIENTED_EDGE('',*,*,#13693,.F.);
#13693 = EDGE_CURVE('',#13694,#13696,#13698,.T.);
#13694 = VERTEX_POINT('',#13695);
#13695 = CARTESIAN_POINT('',(-1.6,-1.25,4.E-02));
#13696 = VERTEX_POINT('',#13697);
#13697 = CARTESIAN_POINT('',(-1.6,-1.25,2.46));
#13698 = LINE('',#13699,#13700);
#13699 = CARTESIAN_POINT('',(-1.6,-1.25,0.));
#13700 = VECTOR('',#13701,1.);
#13701 = DIRECTION('',(0.,0.,1.));
#13702 = ORIENTED_EDGE('',*,*,#13703,.T.);
#13703 = EDGE_CURVE('',#13694,#13704,#13706,.T.);
#13704 = VERTEX_POINT('',#13705);
#13705 = CARTESIAN_POINT('',(-1.6,-1.21,0.));
#13706 = CIRCLE('',#13707,4.E-02);
#13707 = AXIS2_PLACEMENT_3D('',#13708,#13709,#13710);
#13708 = CARTESIAN_POINT('',(-1.6,-1.21,4.E-02));
#13709 = DIRECTION('',(1.,0.,-0.));
#13710 = DIRECTION('',(0.,0.,1.));
#13711 = ORIENTED_EDGE('',*,*,#13712,.T.);
#13712 = EDGE_CURVE('',#13704,#13713,#13715,.T.);
#13713 = VERTEX_POINT('',#13714);
#13714 = CARTESIAN_POINT('',(-1.6,1.21,0.));
#13715 = LINE('',#13716,#13717);
#13716 = CARTESIAN_POINT('',(-1.6,-1.25,0.));
#13717 = VECTOR('',#13718,1.);
#13718 = DIRECTION('',(0.,1.,0.));
#13719 = ORIENTED_EDGE('',*,*,#13720,.F.);
#13720 = EDGE_CURVE('',#13721,#13713,#13723,.T.);
#13721 = VERTEX_POINT('',#13722);
#13722 = CARTESIAN_POINT('',(-1.6,1.25,4.E-02));
#13723 = CIRCLE('',#13724,4.E-02);
#13724 = AXIS2_PLACEMENT_3D('',#13725,#13726,#13727);
#13725 = CARTESIAN_POINT('',(-1.6,1.21,4.E-02));
#13726 = DIRECTION('',(-1.,0.,0.));
#13727 = DIRECTION('',(0.,0.,1.));
#13728 = ORIENTED_EDGE('',*,*,#13729,.T.);
#13729 = EDGE_CURVE('',#13721,#13730,#13732,.T.);
#13730 = VERTEX_POINT('',#13731);
#13731 = CARTESIAN_POINT('',(-1.6,1.25,2.46));
#13732 = LINE('',#13733,#13734);
#13733 = CARTESIAN_POINT('',(-1.6,1.25,0.));
#13734 = VECTOR('',#13735,1.);
#13735 = DIRECTION('',(0.,0.,1.));
#13736 = ORIENTED_EDGE('',*,*,#13737,.T.);
#13737 = EDGE_CURVE('',#13730,#13738,#13740,.T.);
#13738 = VERTEX_POINT('',#13739);
#13739 = CARTESIAN_POINT('',(-1.6,1.21,2.5));
#13740 = CIRCLE('',#13741,4.E-02);
#13741 = AXIS2_PLACEMENT_3D('',#13742,#13743,#13744);
#13742 = CARTESIAN_POINT('',(-1.6,1.21,2.46));
#13743 = DIRECTION('',(1.,0.,-0.));
#13744 = DIRECTION('',(0.,0.,1.));
#13745 = ORIENTED_EDGE('',*,*,#13746,.F.);
#13746 = EDGE_CURVE('',#13747,#13738,#13749,.T.);
#13747 = VERTEX_POINT('',#13748);
#13748 = CARTESIAN_POINT('',(-1.6,-1.21,2.5));
#13749 = LINE('',#13750,#13751);
#13750 = CARTESIAN_POINT('',(-1.6,-1.25,2.5));
#13751 = VECTOR('',#13752,1.);
#13752 = DIRECTION('',(0.,1.,0.));
#13753 = ORIENTED_EDGE('',*,*,#13754,.F.);
#13754 = EDGE_CURVE('',#13696,#13747,#13755,.T.);
#13755 = CIRCLE('',#13756,4.E-02);
#13756 = AXIS2_PLACEMENT_3D('',#13757,#13758,#13759);
#13757 = CARTESIAN_POINT('',(-1.6,-1.21,2.46));
#13758 = DIRECTION('',(-1.,0.,0.));
#13759 = DIRECTION('',(0.,0.,1.));
#13760 = PLANE('',#13761);
#13761 = AXIS2_PLACEMENT_3D('',#13762,#13763,#13764);
#13762 = CARTESIAN_POINT('',(-1.6,-1.25,0.));
#13763 = DIRECTION('',(1.,0.,0.));
#13764 = DIRECTION('',(0.,0.,1.));
#13765 = ADVANCED_FACE('',(#13766),#13791,.F.);
#13766 = FACE_BOUND('',#13767,.F.);
#13767 = EDGE_LOOP('',(#13768,#13778,#13784,#13785));
#13768 = ORIENTED_EDGE('',*,*,#13769,.F.);
#13769 = EDGE_CURVE('',#13770,#13772,#13774,.T.);
#13770 = VERTEX_POINT('',#13771);
#13771 = CARTESIAN_POINT('',(-1.2,-1.25,4.E-02));
#13772 = VERTEX_POINT('',#13773);
#13773 = CARTESIAN_POINT('',(-1.2,-1.25,2.46));
#13774 = LINE('',#13775,#13776);
#13775 = CARTESIAN_POINT('',(-1.2,-1.25,0.));
#13776 = VECTOR('',#13777,1.);
#13777 = DIRECTION('',(0.,0.,1.));
#13778 = ORIENTED_EDGE('',*,*,#13779,.F.);
#13779 = EDGE_CURVE('',#13694,#13770,#13780,.T.);
#13780 = LINE('',#13781,#13782);
#13781 = CARTESIAN_POINT('',(-1.6,-1.25,4.E-02));
#13782 = VECTOR('',#13783,1.);
#13783 = DIRECTION('',(1.,0.,0.));
#13784 = ORIENTED_EDGE('',*,*,#13693,.T.);
#13785 = ORIENTED_EDGE('',*,*,#13786,.T.);
#13786 = EDGE_CURVE('',#13696,#13772,#13787,.T.);
#13787 = LINE('',#13788,#13789);
#13788 = CARTESIAN_POINT('',(-1.6,-1.25,2.46));
#13789 = VECTOR('',#13790,1.);
#13790 = DIRECTION('',(1.,0.,0.));
#13791 = PLANE('',#13792);
#13792 = AXIS2_PLACEMENT_3D('',#13793,#13794,#13795);
#13793 = CARTESIAN_POINT('',(-1.6,-1.25,0.));
#13794 = DIRECTION('',(0.,1.,0.));
#13795 = DIRECTION('',(0.,-0.,1.));
#13796 = ADVANCED_FACE('',(#13797),#13816,.T.);
#13797 = FACE_BOUND('',#13798,.T.);
#13798 = EDGE_LOOP('',(#13799,#13800,#13808,#13815));
#13799 = ORIENTED_EDGE('',*,*,#13703,.T.);
#13800 = ORIENTED_EDGE('',*,*,#13801,.T.);
#13801 = EDGE_CURVE('',#13704,#13802,#13804,.T.);
#13802 = VERTEX_POINT('',#13803);
#13803 = CARTESIAN_POINT('',(-1.2,-1.21,0.));
#13804 = LINE('',#13805,#13806);
#13805 = CARTESIAN_POINT('',(-1.6,-1.21,0.));
#13806 = VECTOR('',#13807,1.);
#13807 = DIRECTION('',(1.,0.,0.));
#13808 = ORIENTED_EDGE('',*,*,#13809,.F.);
#13809 = EDGE_CURVE('',#13770,#13802,#13810,.T.);
#13810 = CIRCLE('',#13811,4.E-02);
#13811 = AXIS2_PLACEMENT_3D('',#13812,#13813,#13814);
#13812 = CARTESIAN_POINT('',(-1.2,-1.21,4.E-02));
#13813 = DIRECTION('',(1.,0.,-0.));
#13814 = DIRECTION('',(0.,0.,1.));
#13815 = ORIENTED_EDGE('',*,*,#13779,.F.);
#13816 = CYLINDRICAL_SURFACE('',#13817,4.E-02);
#13817 = AXIS2_PLACEMENT_3D('',#13818,#13819,#13820);
#13818 = CARTESIAN_POINT('',(-1.6,-1.21,4.E-02));
#13819 = DIRECTION('',(1.,0.,0.));
#13820 = DIRECTION('',(0.,-1.,0.));
#13821 = ADVANCED_FACE('',(#13822),#13841,.T.);
#13822 = FACE_BOUND('',#13823,.T.);
#13823 = EDGE_LOOP('',(#13824,#13825,#13834,#13840));
#13824 = ORIENTED_EDGE('',*,*,#13786,.T.);
#13825 = ORIENTED_EDGE('',*,*,#13826,.T.);
#13826 = EDGE_CURVE('',#13772,#13827,#13829,.T.);
#13827 = VERTEX_POINT('',#13828);
#13828 = CARTESIAN_POINT('',(-1.2,-1.21,2.5));
#13829 = CIRCLE('',#13830,4.E-02);
#13830 = AXIS2_PLACEMENT_3D('',#13831,#13832,#13833);
#13831 = CARTESIAN_POINT('',(-1.2,-1.21,2.46));
#13832 = DIRECTION('',(-1.,0.,0.));
#13833 = DIRECTION('',(0.,0.,1.));
#13834 = ORIENTED_EDGE('',*,*,#13835,.F.);
#13835 = EDGE_CURVE('',#13747,#13827,#13836,.T.);
#13836 = LINE('',#13837,#13838);
#13837 = CARTESIAN_POINT('',(-1.6,-1.21,2.5));
#13838 = VECTOR('',#13839,1.);
#13839 = DIRECTION('',(1.,0.,0.));
#13840 = ORIENTED_EDGE('',*,*,#13754,.F.);
#13841 = CYLINDRICAL_SURFACE('',#13842,4.E-02);
#13842 = AXIS2_PLACEMENT_3D('',#13843,#13844,#13845);
#13843 = CARTESIAN_POINT('',(-1.6,-1.21,2.46));
#13844 = DIRECTION('',(1.,0.,0.));
#13845 = DIRECTION('',(0.,-1.,0.));
#13846 = ADVANCED_FACE('',(#13847),#13865,.F.);
#13847 = FACE_BOUND('',#13848,.F.);
#13848 = EDGE_LOOP('',(#13849,#13850,#13851,#13859));
#13849 = ORIENTED_EDGE('',*,*,#13712,.F.);
#13850 = ORIENTED_EDGE('',*,*,#13801,.T.);
#13851 = ORIENTED_EDGE('',*,*,#13852,.T.);
#13852 = EDGE_CURVE('',#13802,#13853,#13855,.T.);
#13853 = VERTEX_POINT('',#13854);
#13854 = CARTESIAN_POINT('',(-1.2,1.21,0.));
#13855 = LINE('',#13856,#13857);
#13856 = CARTESIAN_POINT('',(-1.2,-1.25,0.));
#13857 = VECTOR('',#13858,1.);
#13858 = DIRECTION('',(0.,1.,0.));
#13859 = ORIENTED_EDGE('',*,*,#13860,.F.);
#13860 = EDGE_CURVE('',#13713,#13853,#13861,.T.);
#13861 = LINE('',#13862,#13863);
#13862 = CARTESIAN_POINT('',(-1.6,1.21,0.));
#13863 = VECTOR('',#13864,1.);
#13864 = DIRECTION('',(1.,0.,0.));
#13865 = PLANE('',#13866);
#13866 = AXIS2_PLACEMENT_3D('',#13867,#13868,#13869);
#13867 = CARTESIAN_POINT('',(-1.6,-1.25,0.));
#13868 = DIRECTION('',(0.,0.,1.));
#13869 = DIRECTION('',(1.,0.,-0.));
#13870 = ADVANCED_FACE('',(#13871),#13889,.T.);
#13871 = FACE_BOUND('',#13872,.T.);
#13872 = EDGE_LOOP('',(#13873,#13874,#13875,#13883));
#13873 = ORIENTED_EDGE('',*,*,#13746,.F.);
#13874 = ORIENTED_EDGE('',*,*,#13835,.T.);
#13875 = ORIENTED_EDGE('',*,*,#13876,.T.);
#13876 = EDGE_CURVE('',#13827,#13877,#13879,.T.);
#13877 = VERTEX_POINT('',#13878);
#13878 = CARTESIAN_POINT('',(-1.2,1.21,2.5));
#13879 = LINE('',#13880,#13881);
#13880 = CARTESIAN_POINT('',(-1.2,-1.25,2.5));
#13881 = VECTOR('',#13882,1.);
#13882 = DIRECTION('',(0.,1.,0.));
#13883 = ORIENTED_EDGE('',*,*,#13884,.F.);
#13884 = EDGE_CURVE('',#13738,#13877,#13885,.T.);
#13885 = LINE('',#13886,#13887);
#13886 = CARTESIAN_POINT('',(-1.6,1.21,2.5));
#13887 = VECTOR('',#13888,1.);
#13888 = DIRECTION('',(1.,0.,0.));
#13889 = PLANE('',#13890);
#13890 = AXIS2_PLACEMENT_3D('',#13891,#13892,#13893);
#13891 = CARTESIAN_POINT('',(-1.6,-1.25,2.5));
#13892 = DIRECTION('',(0.,0.,1.));
#13893 = DIRECTION('',(1.,0.,-0.));
#13894 = ADVANCED_FACE('',(#13895),#13914,.T.);
#13895 = FACE_BOUND('',#13896,.T.);
#13896 = EDGE_LOOP('',(#13897,#13905,#13912,#13913));
#13897 = ORIENTED_EDGE('',*,*,#13898,.T.);
#13898 = EDGE_CURVE('',#13721,#13899,#13901,.T.);
#13899 = VERTEX_POINT('',#13900);
#13900 = CARTESIAN_POINT('',(-1.2,1.25,4.E-02));
#13901 = LINE('',#13902,#13903);
#13902 = CARTESIAN_POINT('',(-1.6,1.25,4.E-02));
#13903 = VECTOR('',#13904,1.);
#13904 = DIRECTION('',(1.,0.,0.));
#13905 = ORIENTED_EDGE('',*,*,#13906,.T.);
#13906 = EDGE_CURVE('',#13899,#13853,#13907,.T.);
#13907 = CIRCLE('',#13908,4.E-02);
#13908 = AXIS2_PLACEMENT_3D('',#13909,#13910,#13911);
#13909 = CARTESIAN_POINT('',(-1.2,1.21,4.E-02));
#13910 = DIRECTION('',(-1.,0.,0.));
#13911 = DIRECTION('',(0.,0.,1.));
#13912 = ORIENTED_EDGE('',*,*,#13860,.F.);
#13913 = ORIENTED_EDGE('',*,*,#13720,.F.);
#13914 = CYLINDRICAL_SURFACE('',#13915,4.E-02);
#13915 = AXIS2_PLACEMENT_3D('',#13916,#13917,#13918);
#13916 = CARTESIAN_POINT('',(-1.6,1.21,4.E-02));
#13917 = DIRECTION('',(1.,0.,0.));
#13918 = DIRECTION('',(-0.,1.,0.));
#13919 = ADVANCED_FACE('',(#13920),#13939,.T.);
#13920 = FACE_BOUND('',#13921,.T.);
#13921 = EDGE_LOOP('',(#13922,#13923,#13924,#13933));
#13922 = ORIENTED_EDGE('',*,*,#13737,.T.);
#13923 = ORIENTED_EDGE('',*,*,#13884,.T.);
#13924 = ORIENTED_EDGE('',*,*,#13925,.F.);
#13925 = EDGE_CURVE('',#13926,#13877,#13928,.T.);
#13926 = VERTEX_POINT('',#13927);
#13927 = CARTESIAN_POINT('',(-1.2,1.25,2.46));
#13928 = CIRCLE('',#13929,4.E-02);
#13929 = AXIS2_PLACEMENT_3D('',#13930,#13931,#13932);
#13930 = CARTESIAN_POINT('',(-1.2,1.21,2.46));
#13931 = DIRECTION('',(1.,0.,-0.));
#13932 = DIRECTION('',(0.,0.,1.));
#13933 = ORIENTED_EDGE('',*,*,#13934,.F.);
#13934 = EDGE_CURVE('',#13730,#13926,#13935,.T.);
#13935 = LINE('',#13936,#13937);
#13936 = CARTESIAN_POINT('',(-1.6,1.25,2.46));
#13937 = VECTOR('',#13938,1.);
#13938 = DIRECTION('',(1.,0.,0.));
#13939 = CYLINDRICAL_SURFACE('',#13940,4.E-02);
#13940 = AXIS2_PLACEMENT_3D('',#13941,#13942,#13943);
#13941 = CARTESIAN_POINT('',(-1.6,1.21,2.46));
#13942 = DIRECTION('',(1.,0.,0.));
#13943 = DIRECTION('',(-0.,1.,0.));
#13944 = ADVANCED_FACE('',(#13945),#13956,.T.);
#13945 = FACE_BOUND('',#13946,.T.);
#13946 = EDGE_LOOP('',(#13947,#13953,#13954,#13955));
#13947 = ORIENTED_EDGE('',*,*,#13948,.F.);
#13948 = EDGE_CURVE('',#13899,#13926,#13949,.T.);
#13949 = LINE('',#13950,#13951);
#13950 = CARTESIAN_POINT('',(-1.2,1.25,0.));
#13951 = VECTOR('',#13952,1.);
#13952 = DIRECTION('',(0.,0.,1.));
#13953 = ORIENTED_EDGE('',*,*,#13898,.F.);
#13954 = ORIENTED_EDGE('',*,*,#13729,.T.);
#13955 = ORIENTED_EDGE('',*,*,#13934,.T.);
#13956 = PLANE('',#13957);
#13957 = AXIS2_PLACEMENT_3D('',#13958,#13959,#13960);
#13958 = CARTESIAN_POINT('',(-1.6,1.25,0.));
#13959 = DIRECTION('',(0.,1.,0.));
#13960 = DIRECTION('',(0.,-0.,1.));
#13961 = ADVANCED_FACE('',(#13962,#13972),#14042,.T.);
#13962 = FACE_BOUND('',#13963,.T.);
#13963 = EDGE_LOOP('',(#13964,#13965,#13966,#13967,#13968,#13969,#13970,
    #13971));
#13964 = ORIENTED_EDGE('',*,*,#13769,.F.);
#13965 = ORIENTED_EDGE('',*,*,#13809,.T.);
#13966 = ORIENTED_EDGE('',*,*,#13852,.T.);
#13967 = ORIENTED_EDGE('',*,*,#13906,.F.);
#13968 = ORIENTED_EDGE('',*,*,#13948,.T.);
#13969 = ORIENTED_EDGE('',*,*,#13925,.T.);
#13970 = ORIENTED_EDGE('',*,*,#13876,.F.);
#13971 = ORIENTED_EDGE('',*,*,#13826,.F.);
#13972 = FACE_BOUND('',#13973,.T.);
#13973 = EDGE_LOOP('',(#13974,#13985,#13993,#14002,#14010,#14019,#14027,
    #14036));
#13974 = ORIENTED_EDGE('',*,*,#13975,.F.);
#13975 = EDGE_CURVE('',#13976,#13978,#13980,.T.);
#13976 = VERTEX_POINT('',#13977);
#13977 = CARTESIAN_POINT('',(-1.2,-1.21,8.E-02));
#13978 = VERTEX_POINT('',#13979);
#13979 = CARTESIAN_POINT('',(-1.2,-1.17,4.E-02));
#13980 = CIRCLE('',#13981,4.E-02);
#13981 = AXIS2_PLACEMENT_3D('',#13982,#13983,#13984);
#13982 = CARTESIAN_POINT('',(-1.2,-1.17,8.E-02));
#13983 = DIRECTION('',(1.,0.,-0.));
#13984 = DIRECTION('',(0.,0.,1.));
#13985 = ORIENTED_EDGE('',*,*,#13986,.T.);
#13986 = EDGE_CURVE('',#13976,#13987,#13989,.T.);
#13987 = VERTEX_POINT('',#13988);
#13988 = CARTESIAN_POINT('',(-1.2,-1.21,2.42));
#13989 = LINE('',#13990,#13991);
#13990 = CARTESIAN_POINT('',(-1.2,-1.21,4.E-02));
#13991 = VECTOR('',#13992,1.);
#13992 = DIRECTION('',(0.,0.,1.));
#13993 = ORIENTED_EDGE('',*,*,#13994,.T.);
#13994 = EDGE_CURVE('',#13987,#13995,#13997,.T.);
#13995 = VERTEX_POINT('',#13996);
#13996 = CARTESIAN_POINT('',(-1.2,-1.17,2.46));
#13997 = CIRCLE('',#13998,4.E-02);
#13998 = AXIS2_PLACEMENT_3D('',#13999,#14000,#14001);
#13999 = CARTESIAN_POINT('',(-1.2,-1.17,2.42));
#14000 = DIRECTION('',(-1.,0.,0.));
#14001 = DIRECTION('',(0.,0.,1.));
#14002 = ORIENTED_EDGE('',*,*,#14003,.T.);
#14003 = EDGE_CURVE('',#13995,#14004,#14006,.T.);
#14004 = VERTEX_POINT('',#14005);
#14005 = CARTESIAN_POINT('',(-1.2,1.17,2.46));
#14006 = LINE('',#14007,#14008);
#14007 = CARTESIAN_POINT('',(-1.2,-1.21,2.46));
#14008 = VECTOR('',#14009,1.);
#14009 = DIRECTION('',(0.,1.,0.));
#14010 = ORIENTED_EDGE('',*,*,#14011,.F.);
#14011 = EDGE_CURVE('',#14012,#14004,#14014,.T.);
#14012 = VERTEX_POINT('',#14013);
#14013 = CARTESIAN_POINT('',(-1.2,1.21,2.42));
#14014 = CIRCLE('',#14015,4.E-02);
#14015 = AXIS2_PLACEMENT_3D('',#14016,#14017,#14018);
#14016 = CARTESIAN_POINT('',(-1.2,1.17,2.42));
#14017 = DIRECTION('',(1.,0.,-0.));
#14018 = DIRECTION('',(0.,0.,1.));
#14019 = ORIENTED_EDGE('',*,*,#14020,.F.);
#14020 = EDGE_CURVE('',#14021,#14012,#14023,.T.);
#14021 = VERTEX_POINT('',#14022);
#14022 = CARTESIAN_POINT('',(-1.2,1.21,8.E-02));
#14023 = LINE('',#14024,#14025);
#14024 = CARTESIAN_POINT('',(-1.2,1.21,4.E-02));
#14025 = VECTOR('',#14026,1.);
#14026 = DIRECTION('',(0.,0.,1.));
#14027 = ORIENTED_EDGE('',*,*,#14028,.T.);
#14028 = EDGE_CURVE('',#14021,#14029,#14031,.T.);
#14029 = VERTEX_POINT('',#14030);
#14030 = CARTESIAN_POINT('',(-1.2,1.17,4.E-02));
#14031 = CIRCLE('',#14032,4.E-02);
#14032 = AXIS2_PLACEMENT_3D('',#14033,#14034,#14035);
#14033 = CARTESIAN_POINT('',(-1.2,1.17,8.E-02));
#14034 = DIRECTION('',(-1.,0.,0.));
#14035 = DIRECTION('',(0.,0.,1.));
#14036 = ORIENTED_EDGE('',*,*,#14037,.F.);
#14037 = EDGE_CURVE('',#13978,#14029,#14038,.T.);
#14038 = LINE('',#14039,#14040);
#14039 = CARTESIAN_POINT('',(-1.2,-1.21,4.E-02));
#14040 = VECTOR('',#14041,1.);
#14041 = DIRECTION('',(0.,1.,0.));
#14042 = PLANE('',#14043);
#14043 = AXIS2_PLACEMENT_3D('',#14044,#14045,#14046);
#14044 = CARTESIAN_POINT('',(-1.2,-1.25,0.));
#14045 = DIRECTION('',(1.,0.,0.));
#14046 = DIRECTION('',(0.,0.,1.));
#14047 = ADVANCED_FACE('',(#14048),#14074,.T.);
#14048 = FACE_BOUND('',#14049,.T.);
#14049 = EDGE_LOOP('',(#14050,#14051,#14059,#14068));
#14050 = ORIENTED_EDGE('',*,*,#13975,.T.);
#14051 = ORIENTED_EDGE('',*,*,#14052,.T.);
#14052 = EDGE_CURVE('',#13978,#14053,#14055,.T.);
#14053 = VERTEX_POINT('',#14054);
#14054 = CARTESIAN_POINT('',(1.2,-1.17,4.E-02));
#14055 = LINE('',#14056,#14057);
#14056 = CARTESIAN_POINT('',(-1.2,-1.17,4.E-02));
#14057 = VECTOR('',#14058,1.);
#14058 = DIRECTION('',(1.,0.,0.));
#14059 = ORIENTED_EDGE('',*,*,#14060,.F.);
#14060 = EDGE_CURVE('',#14061,#14053,#14063,.T.);
#14061 = VERTEX_POINT('',#14062);
#14062 = CARTESIAN_POINT('',(1.2,-1.21,8.E-02));
#14063 = CIRCLE('',#14064,4.E-02);
#14064 = AXIS2_PLACEMENT_3D('',#14065,#14066,#14067);
#14065 = CARTESIAN_POINT('',(1.2,-1.17,8.E-02));
#14066 = DIRECTION('',(1.,0.,-0.));
#14067 = DIRECTION('',(0.,0.,1.));
#14068 = ORIENTED_EDGE('',*,*,#14069,.F.);
#14069 = EDGE_CURVE('',#13976,#14061,#14070,.T.);
#14070 = LINE('',#14071,#14072);
#14071 = CARTESIAN_POINT('',(-1.2,-1.21,8.E-02));
#14072 = VECTOR('',#14073,1.);
#14073 = DIRECTION('',(1.,0.,0.));
#14074 = CYLINDRICAL_SURFACE('',#14075,4.E-02);
#14075 = AXIS2_PLACEMENT_3D('',#14076,#14077,#14078);
#14076 = CARTESIAN_POINT('',(-1.2,-1.17,8.E-02));
#14077 = DIRECTION('',(1.,0.,0.));
#14078 = DIRECTION('',(0.,-1.,0.));
#14079 = ADVANCED_FACE('',(#14080),#14098,.F.);
#14080 = FACE_BOUND('',#14081,.F.);
#14081 = EDGE_LOOP('',(#14082,#14083,#14084,#14092));
#14082 = ORIENTED_EDGE('',*,*,#14037,.F.);
#14083 = ORIENTED_EDGE('',*,*,#14052,.T.);
#14084 = ORIENTED_EDGE('',*,*,#14085,.T.);
#14085 = EDGE_CURVE('',#14053,#14086,#14088,.T.);
#14086 = VERTEX_POINT('',#14087);
#14087 = CARTESIAN_POINT('',(1.2,1.17,4.E-02));
#14088 = LINE('',#14089,#14090);
#14089 = CARTESIAN_POINT('',(1.2,-1.21,4.E-02));
#14090 = VECTOR('',#14091,1.);
#14091 = DIRECTION('',(0.,1.,0.));
#14092 = ORIENTED_EDGE('',*,*,#14093,.F.);
#14093 = EDGE_CURVE('',#14029,#14086,#14094,.T.);
#14094 = LINE('',#14095,#14096);
#14095 = CARTESIAN_POINT('',(-1.2,1.17,4.E-02));
#14096 = VECTOR('',#14097,1.);
#14097 = DIRECTION('',(1.,0.,0.));
#14098 = PLANE('',#14099);
#14099 = AXIS2_PLACEMENT_3D('',#14100,#14101,#14102);
#14100 = CARTESIAN_POINT('',(-1.2,-1.21,4.E-02));
#14101 = DIRECTION('',(0.,0.,1.));
#14102 = DIRECTION('',(1.,0.,-0.));
#14103 = ADVANCED_FACE('',(#14104),#14123,.T.);
#14104 = FACE_BOUND('',#14105,.T.);
#14105 = EDGE_LOOP('',(#14106,#14114,#14121,#14122));
#14106 = ORIENTED_EDGE('',*,*,#14107,.T.);
#14107 = EDGE_CURVE('',#14021,#14108,#14110,.T.);
#14108 = VERTEX_POINT('',#14109);
#14109 = CARTESIAN_POINT('',(1.2,1.21,8.E-02));
#14110 = LINE('',#14111,#14112);
#14111 = CARTESIAN_POINT('',(-1.2,1.21,8.E-02));
#14112 = VECTOR('',#14113,1.);
#14113 = DIRECTION('',(1.,0.,0.));
#14114 = ORIENTED_EDGE('',*,*,#14115,.T.);
#14115 = EDGE_CURVE('',#14108,#14086,#14116,.T.);
#14116 = CIRCLE('',#14117,4.E-02);
#14117 = AXIS2_PLACEMENT_3D('',#14118,#14119,#14120);
#14118 = CARTESIAN_POINT('',(1.2,1.17,8.E-02));
#14119 = DIRECTION('',(-1.,0.,0.));
#14120 = DIRECTION('',(0.,0.,1.));
#14121 = ORIENTED_EDGE('',*,*,#14093,.F.);
#14122 = ORIENTED_EDGE('',*,*,#14028,.F.);
#14123 = CYLINDRICAL_SURFACE('',#14124,4.E-02);
#14124 = AXIS2_PLACEMENT_3D('',#14125,#14126,#14127);
#14125 = CARTESIAN_POINT('',(-1.2,1.17,8.E-02));
#14126 = DIRECTION('',(1.,0.,0.));
#14127 = DIRECTION('',(-0.,1.,0.));
#14128 = ADVANCED_FACE('',(#14129),#14147,.T.);
#14129 = FACE_BOUND('',#14130,.T.);
#14130 = EDGE_LOOP('',(#14131,#14139,#14140,#14141));
#14131 = ORIENTED_EDGE('',*,*,#14132,.F.);
#14132 = EDGE_CURVE('',#14108,#14133,#14135,.T.);
#14133 = VERTEX_POINT('',#14134);
#14134 = CARTESIAN_POINT('',(1.2,1.21,2.42));
#14135 = LINE('',#14136,#14137);
#14136 = CARTESIAN_POINT('',(1.2,1.21,4.E-02));
#14137 = VECTOR('',#14138,1.);
#14138 = DIRECTION('',(0.,0.,1.));
#14139 = ORIENTED_EDGE('',*,*,#14107,.F.);
#14140 = ORIENTED_EDGE('',*,*,#14020,.T.);
#14141 = ORIENTED_EDGE('',*,*,#14142,.T.);
#14142 = EDGE_CURVE('',#14012,#14133,#14143,.T.);
#14143 = LINE('',#14144,#14145);
#14144 = CARTESIAN_POINT('',(-1.2,1.21,2.42));
#14145 = VECTOR('',#14146,1.);
#14146 = DIRECTION('',(1.,0.,0.));
#14147 = PLANE('',#14148);
#14148 = AXIS2_PLACEMENT_3D('',#14149,#14150,#14151);
#14149 = CARTESIAN_POINT('',(-1.2,1.21,4.E-02));
#14150 = DIRECTION('',(0.,1.,0.));
#14151 = DIRECTION('',(0.,-0.,1.));
#14152 = ADVANCED_FACE('',(#14153),#14172,.T.);
#14153 = FACE_BOUND('',#14154,.T.);
#14154 = EDGE_LOOP('',(#14155,#14156,#14164,#14171));
#14155 = ORIENTED_EDGE('',*,*,#14011,.T.);
#14156 = ORIENTED_EDGE('',*,*,#14157,.T.);
#14157 = EDGE_CURVE('',#14004,#14158,#14160,.T.);
#14158 = VERTEX_POINT('',#14159);
#14159 = CARTESIAN_POINT('',(1.2,1.17,2.46));
#14160 = LINE('',#14161,#14162);
#14161 = CARTESIAN_POINT('',(-1.2,1.17,2.46));
#14162 = VECTOR('',#14163,1.);
#14163 = DIRECTION('',(1.,0.,0.));
#14164 = ORIENTED_EDGE('',*,*,#14165,.F.);
#14165 = EDGE_CURVE('',#14133,#14158,#14166,.T.);
#14166 = CIRCLE('',#14167,4.E-02);
#14167 = AXIS2_PLACEMENT_3D('',#14168,#14169,#14170);
#14168 = CARTESIAN_POINT('',(1.2,1.17,2.42));
#14169 = DIRECTION('',(1.,0.,-0.));
#14170 = DIRECTION('',(0.,0.,1.));
#14171 = ORIENTED_EDGE('',*,*,#14142,.F.);
#14172 = CYLINDRICAL_SURFACE('',#14173,4.E-02);
#14173 = AXIS2_PLACEMENT_3D('',#14174,#14175,#14176);
#14174 = CARTESIAN_POINT('',(-1.2,1.17,2.42));
#14175 = DIRECTION('',(1.,0.,0.));
#14176 = DIRECTION('',(-0.,1.,0.));
#14177 = ADVANCED_FACE('',(#14178),#14196,.T.);
#14178 = FACE_BOUND('',#14179,.T.);
#14179 = EDGE_LOOP('',(#14180,#14181,#14189,#14195));
#14180 = ORIENTED_EDGE('',*,*,#14003,.F.);
#14181 = ORIENTED_EDGE('',*,*,#14182,.T.);
#14182 = EDGE_CURVE('',#13995,#14183,#14185,.T.);
#14183 = VERTEX_POINT('',#14184);
#14184 = CARTESIAN_POINT('',(1.2,-1.17,2.46));
#14185 = LINE('',#14186,#14187);
#14186 = CARTESIAN_POINT('',(-1.2,-1.17,2.46));
#14187 = VECTOR('',#14188,1.);
#14188 = DIRECTION('',(1.,0.,0.));
#14189 = ORIENTED_EDGE('',*,*,#14190,.T.);
#14190 = EDGE_CURVE('',#14183,#14158,#14191,.T.);
#14191 = LINE('',#14192,#14193);
#14192 = CARTESIAN_POINT('',(1.2,-1.21,2.46));
#14193 = VECTOR('',#14194,1.);
#14194 = DIRECTION('',(0.,1.,0.));
#14195 = ORIENTED_EDGE('',*,*,#14157,.F.);
#14196 = PLANE('',#14197);
#14197 = AXIS2_PLACEMENT_3D('',#14198,#14199,#14200);
#14198 = CARTESIAN_POINT('',(-1.2,-1.21,2.46));
#14199 = DIRECTION('',(0.,0.,1.));
#14200 = DIRECTION('',(1.,0.,-0.));
#14201 = ADVANCED_FACE('',(#14202),#14221,.T.);
#14202 = FACE_BOUND('',#14203,.T.);
#14203 = EDGE_LOOP('',(#14204,#14212,#14219,#14220));
#14204 = ORIENTED_EDGE('',*,*,#14205,.T.);
#14205 = EDGE_CURVE('',#13987,#14206,#14208,.T.);
#14206 = VERTEX_POINT('',#14207);
#14207 = CARTESIAN_POINT('',(1.2,-1.21,2.42));
#14208 = LINE('',#14209,#14210);
#14209 = CARTESIAN_POINT('',(-1.2,-1.21,2.42));
#14210 = VECTOR('',#14211,1.);
#14211 = DIRECTION('',(1.,0.,0.));
#14212 = ORIENTED_EDGE('',*,*,#14213,.T.);
#14213 = EDGE_CURVE('',#14206,#14183,#14214,.T.);
#14214 = CIRCLE('',#14215,4.E-02);
#14215 = AXIS2_PLACEMENT_3D('',#14216,#14217,#14218);
#14216 = CARTESIAN_POINT('',(1.2,-1.17,2.42));
#14217 = DIRECTION('',(-1.,0.,0.));
#14218 = DIRECTION('',(0.,0.,1.));
#14219 = ORIENTED_EDGE('',*,*,#14182,.F.);
#14220 = ORIENTED_EDGE('',*,*,#13994,.F.);
#14221 = CYLINDRICAL_SURFACE('',#14222,4.E-02);
#14222 = AXIS2_PLACEMENT_3D('',#14223,#14224,#14225);
#14223 = CARTESIAN_POINT('',(-1.2,-1.17,2.42));
#14224 = DIRECTION('',(1.,0.,0.));
#14225 = DIRECTION('',(0.,-1.,0.));
#14226 = ADVANCED_FACE('',(#14227),#14238,.F.);
#14227 = FACE_BOUND('',#14228,.F.);
#14228 = EDGE_LOOP('',(#14229,#14235,#14236,#14237));
#14229 = ORIENTED_EDGE('',*,*,#14230,.F.);
#14230 = EDGE_CURVE('',#14061,#14206,#14231,.T.);
#14231 = LINE('',#14232,#14233);
#14232 = CARTESIAN_POINT('',(1.2,-1.21,4.E-02));
#14233 = VECTOR('',#14234,1.);
#14234 = DIRECTION('',(0.,0.,1.));
#14235 = ORIENTED_EDGE('',*,*,#14069,.F.);
#14236 = ORIENTED_EDGE('',*,*,#13986,.T.);
#14237 = ORIENTED_EDGE('',*,*,#14205,.T.);
#14238 = PLANE('',#14239);
#14239 = AXIS2_PLACEMENT_3D('',#14240,#14241,#14242);
#14240 = CARTESIAN_POINT('',(-1.2,-1.21,4.E-02));
#14241 = DIRECTION('',(0.,1.,0.));
#14242 = DIRECTION('',(0.,-0.,1.));
#14243 = ADVANCED_FACE('',(#14244,#14314),#14324,.F.);
#14244 = FACE_BOUND('',#14245,.F.);
#14245 = EDGE_LOOP('',(#14246,#14256,#14265,#14273,#14282,#14290,#14299,
    #14307));
#14246 = ORIENTED_EDGE('',*,*,#14247,.F.);
#14247 = EDGE_CURVE('',#14248,#14250,#14252,.T.);
#14248 = VERTEX_POINT('',#14249);
#14249 = CARTESIAN_POINT('',(1.2,-1.25,4.E-02));
#14250 = VERTEX_POINT('',#14251);
#14251 = CARTESIAN_POINT('',(1.2,-1.25,2.46));
#14252 = LINE('',#14253,#14254);
#14253 = CARTESIAN_POINT('',(1.2,-1.25,0.));
#14254 = VECTOR('',#14255,1.);
#14255 = DIRECTION('',(0.,0.,1.));
#14256 = ORIENTED_EDGE('',*,*,#14257,.T.);
#14257 = EDGE_CURVE('',#14248,#14258,#14260,.T.);
#14258 = VERTEX_POINT('',#14259);
#14259 = CARTESIAN_POINT('',(1.2,-1.21,0.));
#14260 = CIRCLE('',#14261,4.E-02);
#14261 = AXIS2_PLACEMENT_3D('',#14262,#14263,#14264);
#14262 = CARTESIAN_POINT('',(1.2,-1.21,4.E-02));
#14263 = DIRECTION('',(1.,0.,-0.));
#14264 = DIRECTION('',(0.,0.,1.));
#14265 = ORIENTED_EDGE('',*,*,#14266,.T.);
#14266 = EDGE_CURVE('',#14258,#14267,#14269,.T.);
#14267 = VERTEX_POINT('',#14268);
#14268 = CARTESIAN_POINT('',(1.2,1.21,0.));
#14269 = LINE('',#14270,#14271);
#14270 = CARTESIAN_POINT('',(1.2,-1.25,0.));
#14271 = VECTOR('',#14272,1.);
#14272 = DIRECTION('',(0.,1.,0.));
#14273 = ORIENTED_EDGE('',*,*,#14274,.F.);
#14274 = EDGE_CURVE('',#14275,#14267,#14277,.T.);
#14275 = VERTEX_POINT('',#14276);
#14276 = CARTESIAN_POINT('',(1.2,1.25,4.E-02));
#14277 = CIRCLE('',#14278,4.E-02);
#14278 = AXIS2_PLACEMENT_3D('',#14279,#14280,#14281);
#14279 = CARTESIAN_POINT('',(1.2,1.21,4.E-02));
#14280 = DIRECTION('',(-1.,0.,0.));
#14281 = DIRECTION('',(0.,0.,1.));
#14282 = ORIENTED_EDGE('',*,*,#14283,.T.);
#14283 = EDGE_CURVE('',#14275,#14284,#14286,.T.);
#14284 = VERTEX_POINT('',#14285);
#14285 = CARTESIAN_POINT('',(1.2,1.25,2.46));
#14286 = LINE('',#14287,#14288);
#14287 = CARTESIAN_POINT('',(1.2,1.25,0.));
#14288 = VECTOR('',#14289,1.);
#14289 = DIRECTION('',(0.,0.,1.));
#14290 = ORIENTED_EDGE('',*,*,#14291,.T.);
#14291 = EDGE_CURVE('',#14284,#14292,#14294,.T.);
#14292 = VERTEX_POINT('',#14293);
#14293 = CARTESIAN_POINT('',(1.2,1.21,2.5));
#14294 = CIRCLE('',#14295,4.E-02);
#14295 = AXIS2_PLACEMENT_3D('',#14296,#14297,#14298);
#14296 = CARTESIAN_POINT('',(1.2,1.21,2.46));
#14297 = DIRECTION('',(1.,0.,-0.));
#14298 = DIRECTION('',(0.,0.,1.));
#14299 = ORIENTED_EDGE('',*,*,#14300,.F.);
#14300 = EDGE_CURVE('',#14301,#14292,#14303,.T.);
#14301 = VERTEX_POINT('',#14302);
#14302 = CARTESIAN_POINT('',(1.2,-1.21,2.5));
#14303 = LINE('',#14304,#14305);
#14304 = CARTESIAN_POINT('',(1.2,-1.25,2.5));
#14305 = VECTOR('',#14306,1.);
#14306 = DIRECTION('',(0.,1.,0.));
#14307 = ORIENTED_EDGE('',*,*,#14308,.F.);
#14308 = EDGE_CURVE('',#14250,#14301,#14309,.T.);
#14309 = CIRCLE('',#14310,4.E-02);
#14310 = AXIS2_PLACEMENT_3D('',#14311,#14312,#14313);
#14311 = CARTESIAN_POINT('',(1.2,-1.21,2.46));
#14312 = DIRECTION('',(-1.,0.,0.));
#14313 = DIRECTION('',(0.,0.,1.));
#14314 = FACE_BOUND('',#14315,.F.);
#14315 = EDGE_LOOP('',(#14316,#14317,#14318,#14319,#14320,#14321,#14322,
    #14323));
#14316 = ORIENTED_EDGE('',*,*,#14060,.F.);
#14317 = ORIENTED_EDGE('',*,*,#14230,.T.);
#14318 = ORIENTED_EDGE('',*,*,#14213,.T.);
#14319 = ORIENTED_EDGE('',*,*,#14190,.T.);
#14320 = ORIENTED_EDGE('',*,*,#14165,.F.);
#14321 = ORIENTED_EDGE('',*,*,#14132,.F.);
#14322 = ORIENTED_EDGE('',*,*,#14115,.T.);
#14323 = ORIENTED_EDGE('',*,*,#14085,.F.);
#14324 = PLANE('',#14325);
#14325 = AXIS2_PLACEMENT_3D('',#14326,#14327,#14328);
#14326 = CARTESIAN_POINT('',(1.2,-1.25,0.));
#14327 = DIRECTION('',(1.,0.,0.));
#14328 = DIRECTION('',(0.,0.,1.));
#14329 = ADVANCED_FACE('',(#14330),#14355,.F.);
#14330 = FACE_BOUND('',#14331,.F.);
#14331 = EDGE_LOOP('',(#14332,#14342,#14348,#14349));
#14332 = ORIENTED_EDGE('',*,*,#14333,.F.);
#14333 = EDGE_CURVE('',#14334,#14336,#14338,.T.);
#14334 = VERTEX_POINT('',#14335);
#14335 = CARTESIAN_POINT('',(1.6,-1.25,4.E-02));
#14336 = VERTEX_POINT('',#14337);
#14337 = CARTESIAN_POINT('',(1.6,-1.25,2.46));
#14338 = LINE('',#14339,#14340);
#14339 = CARTESIAN_POINT('',(1.6,-1.25,0.));
#14340 = VECTOR('',#14341,1.);
#14341 = DIRECTION('',(0.,0.,1.));
#14342 = ORIENTED_EDGE('',*,*,#14343,.F.);
#14343 = EDGE_CURVE('',#14248,#14334,#14344,.T.);
#14344 = LINE('',#14345,#14346);
#14345 = CARTESIAN_POINT('',(1.2,-1.25,4.E-02));
#14346 = VECTOR('',#14347,1.);
#14347 = DIRECTION('',(1.,0.,0.));
#14348 = ORIENTED_EDGE('',*,*,#14247,.T.);
#14349 = ORIENTED_EDGE('',*,*,#14350,.T.);
#14350 = EDGE_CURVE('',#14250,#14336,#14351,.T.);
#14351 = LINE('',#14352,#14353);
#14352 = CARTESIAN_POINT('',(1.2,-1.25,2.46));
#14353 = VECTOR('',#14354,1.);
#14354 = DIRECTION('',(1.,0.,0.));
#14355 = PLANE('',#14356);
#14356 = AXIS2_PLACEMENT_3D('',#14357,#14358,#14359);
#14357 = CARTESIAN_POINT('',(1.2,-1.25,0.));
#14358 = DIRECTION('',(0.,1.,0.));
#14359 = DIRECTION('',(0.,-0.,1.));
#14360 = ADVANCED_FACE('',(#14361),#14380,.T.);
#14361 = FACE_BOUND('',#14362,.T.);
#14362 = EDGE_LOOP('',(#14363,#14364,#14372,#14379));
#14363 = ORIENTED_EDGE('',*,*,#14257,.T.);
#14364 = ORIENTED_EDGE('',*,*,#14365,.T.);
#14365 = EDGE_CURVE('',#14258,#14366,#14368,.T.);
#14366 = VERTEX_POINT('',#14367);
#14367 = CARTESIAN_POINT('',(1.6,-1.21,0.));
#14368 = LINE('',#14369,#14370);
#14369 = CARTESIAN_POINT('',(1.2,-1.21,0.));
#14370 = VECTOR('',#14371,1.);
#14371 = DIRECTION('',(1.,0.,0.));
#14372 = ORIENTED_EDGE('',*,*,#14373,.F.);
#14373 = EDGE_CURVE('',#14334,#14366,#14374,.T.);
#14374 = CIRCLE('',#14375,4.E-02);
#14375 = AXIS2_PLACEMENT_3D('',#14376,#14377,#14378);
#14376 = CARTESIAN_POINT('',(1.6,-1.21,4.E-02));
#14377 = DIRECTION('',(1.,0.,-0.));
#14378 = DIRECTION('',(0.,0.,1.));
#14379 = ORIENTED_EDGE('',*,*,#14343,.F.);
#14380 = CYLINDRICAL_SURFACE('',#14381,4.E-02);
#14381 = AXIS2_PLACEMENT_3D('',#14382,#14383,#14384);
#14382 = CARTESIAN_POINT('',(1.2,-1.21,4.E-02));
#14383 = DIRECTION('',(1.,0.,0.));
#14384 = DIRECTION('',(0.,-1.,0.));
#14385 = ADVANCED_FACE('',(#14386),#14405,.T.);
#14386 = FACE_BOUND('',#14387,.T.);
#14387 = EDGE_LOOP('',(#14388,#14389,#14398,#14404));
#14388 = ORIENTED_EDGE('',*,*,#14350,.T.);
#14389 = ORIENTED_EDGE('',*,*,#14390,.T.);
#14390 = EDGE_CURVE('',#14336,#14391,#14393,.T.);
#14391 = VERTEX_POINT('',#14392);
#14392 = CARTESIAN_POINT('',(1.6,-1.21,2.5));
#14393 = CIRCLE('',#14394,4.E-02);
#14394 = AXIS2_PLACEMENT_3D('',#14395,#14396,#14397);
#14395 = CARTESIAN_POINT('',(1.6,-1.21,2.46));
#14396 = DIRECTION('',(-1.,0.,0.));
#14397 = DIRECTION('',(0.,0.,1.));
#14398 = ORIENTED_EDGE('',*,*,#14399,.F.);
#14399 = EDGE_CURVE('',#14301,#14391,#14400,.T.);
#14400 = LINE('',#14401,#14402);
#14401 = CARTESIAN_POINT('',(1.2,-1.21,2.5));
#14402 = VECTOR('',#14403,1.);
#14403 = DIRECTION('',(1.,0.,0.));
#14404 = ORIENTED_EDGE('',*,*,#14308,.F.);
#14405 = CYLINDRICAL_SURFACE('',#14406,4.E-02);
#14406 = AXIS2_PLACEMENT_3D('',#14407,#14408,#14409);
#14407 = CARTESIAN_POINT('',(1.2,-1.21,2.46));
#14408 = DIRECTION('',(1.,0.,0.));
#14409 = DIRECTION('',(0.,-1.,0.));
#14410 = ADVANCED_FACE('',(#14411),#14429,.F.);
#14411 = FACE_BOUND('',#14412,.F.);
#14412 = EDGE_LOOP('',(#14413,#14414,#14415,#14423));
#14413 = ORIENTED_EDGE('',*,*,#14266,.F.);
#14414 = ORIENTED_EDGE('',*,*,#14365,.T.);
#14415 = ORIENTED_EDGE('',*,*,#14416,.T.);
#14416 = EDGE_CURVE('',#14366,#14417,#14419,.T.);
#14417 = VERTEX_POINT('',#14418);
#14418 = CARTESIAN_POINT('',(1.6,1.21,0.));
#14419 = LINE('',#14420,#14421);
#14420 = CARTESIAN_POINT('',(1.6,-1.25,0.));
#14421 = VECTOR('',#14422,1.);
#14422 = DIRECTION('',(0.,1.,0.));
#14423 = ORIENTED_EDGE('',*,*,#14424,.F.);
#14424 = EDGE_CURVE('',#14267,#14417,#14425,.T.);
#14425 = LINE('',#14426,#14427);
#14426 = CARTESIAN_POINT('',(1.2,1.21,0.));
#14427 = VECTOR('',#14428,1.);
#14428 = DIRECTION('',(1.,0.,0.));
#14429 = PLANE('',#14430);
#14430 = AXIS2_PLACEMENT_3D('',#14431,#14432,#14433);
#14431 = CARTESIAN_POINT('',(1.2,-1.25,0.));
#14432 = DIRECTION('',(0.,0.,1.));
#14433 = DIRECTION('',(1.,0.,-0.));
#14434 = ADVANCED_FACE('',(#14435),#14453,.T.);
#14435 = FACE_BOUND('',#14436,.T.);
#14436 = EDGE_LOOP('',(#14437,#14438,#14439,#14447));
#14437 = ORIENTED_EDGE('',*,*,#14300,.F.);
#14438 = ORIENTED_EDGE('',*,*,#14399,.T.);
#14439 = ORIENTED_EDGE('',*,*,#14440,.T.);
#14440 = EDGE_CURVE('',#14391,#14441,#14443,.T.);
#14441 = VERTEX_POINT('',#14442);
#14442 = CARTESIAN_POINT('',(1.6,1.21,2.5));
#14443 = LINE('',#14444,#14445);
#14444 = CARTESIAN_POINT('',(1.6,-1.25,2.5));
#14445 = VECTOR('',#14446,1.);
#14446 = DIRECTION('',(0.,1.,0.));
#14447 = ORIENTED_EDGE('',*,*,#14448,.F.);
#14448 = EDGE_CURVE('',#14292,#14441,#14449,.T.);
#14449 = LINE('',#14450,#14451);
#14450 = CARTESIAN_POINT('',(1.2,1.21,2.5));
#14451 = VECTOR('',#14452,1.);
#14452 = DIRECTION('',(1.,0.,0.));
#14453 = PLANE('',#14454);
#14454 = AXIS2_PLACEMENT_3D('',#14455,#14456,#14457);
#14455 = CARTESIAN_POINT('',(1.2,-1.25,2.5));
#14456 = DIRECTION('',(0.,0.,1.));
#14457 = DIRECTION('',(1.,0.,-0.));
#14458 = ADVANCED_FACE('',(#14459),#14478,.T.);
#14459 = FACE_BOUND('',#14460,.T.);
#14460 = EDGE_LOOP('',(#14461,#14469,#14476,#14477));
#14461 = ORIENTED_EDGE('',*,*,#14462,.T.);
#14462 = EDGE_CURVE('',#14275,#14463,#14465,.T.);
#14463 = VERTEX_POINT('',#14464);
#14464 = CARTESIAN_POINT('',(1.6,1.25,4.E-02));
#14465 = LINE('',#14466,#14467);
#14466 = CARTESIAN_POINT('',(1.2,1.25,4.E-02));
#14467 = VECTOR('',#14468,1.);
#14468 = DIRECTION('',(1.,0.,0.));
#14469 = ORIENTED_EDGE('',*,*,#14470,.T.);
#14470 = EDGE_CURVE('',#14463,#14417,#14471,.T.);
#14471 = CIRCLE('',#14472,4.E-02);
#14472 = AXIS2_PLACEMENT_3D('',#14473,#14474,#14475);
#14473 = CARTESIAN_POINT('',(1.6,1.21,4.E-02));
#14474 = DIRECTION('',(-1.,0.,0.));
#14475 = DIRECTION('',(0.,0.,1.));
#14476 = ORIENTED_EDGE('',*,*,#14424,.F.);
#14477 = ORIENTED_EDGE('',*,*,#14274,.F.);
#14478 = CYLINDRICAL_SURFACE('',#14479,4.E-02);
#14479 = AXIS2_PLACEMENT_3D('',#14480,#14481,#14482);
#14480 = CARTESIAN_POINT('',(1.2,1.21,4.E-02));
#14481 = DIRECTION('',(1.,0.,0.));
#14482 = DIRECTION('',(-0.,1.,0.));
#14483 = ADVANCED_FACE('',(#14484),#14503,.T.);
#14484 = FACE_BOUND('',#14485,.T.);
#14485 = EDGE_LOOP('',(#14486,#14487,#14488,#14497));
#14486 = ORIENTED_EDGE('',*,*,#14291,.T.);
#14487 = ORIENTED_EDGE('',*,*,#14448,.T.);
#14488 = ORIENTED_EDGE('',*,*,#14489,.F.);
#14489 = EDGE_CURVE('',#14490,#14441,#14492,.T.);
#14490 = VERTEX_POINT('',#14491);
#14491 = CARTESIAN_POINT('',(1.6,1.25,2.46));
#14492 = CIRCLE('',#14493,4.E-02);
#14493 = AXIS2_PLACEMENT_3D('',#14494,#14495,#14496);
#14494 = CARTESIAN_POINT('',(1.6,1.21,2.46));
#14495 = DIRECTION('',(1.,0.,-0.));
#14496 = DIRECTION('',(0.,0.,1.));
#14497 = ORIENTED_EDGE('',*,*,#14498,.F.);
#14498 = EDGE_CURVE('',#14284,#14490,#14499,.T.);
#14499 = LINE('',#14500,#14501);
#14500 = CARTESIAN_POINT('',(1.2,1.25,2.46));
#14501 = VECTOR('',#14502,1.);
#14502 = DIRECTION('',(1.,0.,0.));
#14503 = CYLINDRICAL_SURFACE('',#14504,4.E-02);
#14504 = AXIS2_PLACEMENT_3D('',#14505,#14506,#14507);
#14505 = CARTESIAN_POINT('',(1.2,1.21,2.46));
#14506 = DIRECTION('',(1.,0.,0.));
#14507 = DIRECTION('',(-0.,1.,0.));
#14508 = ADVANCED_FACE('',(#14509),#14520,.T.);
#14509 = FACE_BOUND('',#14510,.T.);
#14510 = EDGE_LOOP('',(#14511,#14517,#14518,#14519));
#14511 = ORIENTED_EDGE('',*,*,#14512,.F.);
#14512 = EDGE_CURVE('',#14463,#14490,#14513,.T.);
#14513 = LINE('',#14514,#14515);
#14514 = CARTESIAN_POINT('',(1.6,1.25,0.));
#14515 = VECTOR('',#14516,1.);
#14516 = DIRECTION('',(0.,0.,1.));
#14517 = ORIENTED_EDGE('',*,*,#14462,.F.);
#14518 = ORIENTED_EDGE('',*,*,#14283,.T.);
#14519 = ORIENTED_EDGE('',*,*,#14498,.T.);
#14520 = PLANE('',#14521);
#14521 = AXIS2_PLACEMENT_3D('',#14522,#14523,#14524);
#14522 = CARTESIAN_POINT('',(1.2,1.25,0.));
#14523 = DIRECTION('',(0.,1.,0.));
#14524 = DIRECTION('',(0.,-0.,1.));
#14525 = ADVANCED_FACE('',(#14526),#14536,.T.);
#14526 = FACE_BOUND('',#14527,.T.);
#14527 = EDGE_LOOP('',(#14528,#14529,#14530,#14531,#14532,#14533,#14534,
    #14535));
#14528 = ORIENTED_EDGE('',*,*,#14333,.F.);
#14529 = ORIENTED_EDGE('',*,*,#14373,.T.);
#14530 = ORIENTED_EDGE('',*,*,#14416,.T.);
#14531 = ORIENTED_EDGE('',*,*,#14470,.F.);
#14532 = ORIENTED_EDGE('',*,*,#14512,.T.);
#14533 = ORIENTED_EDGE('',*,*,#14489,.T.);
#14534 = ORIENTED_EDGE('',*,*,#14440,.F.);
#14535 = ORIENTED_EDGE('',*,*,#14390,.F.);
#14536 = PLANE('',#14537);
#14537 = AXIS2_PLACEMENT_3D('',#14538,#14539,#14540);
#14538 = CARTESIAN_POINT('',(1.6,-1.25,0.));
#14539 = DIRECTION('',(1.,0.,0.));
#14540 = DIRECTION('',(0.,0.,1.));
#14541 = ( GEOMETRIC_REPRESENTATION_CONTEXT(3) 
GLOBAL_UNCERTAINTY_ASSIGNED_CONTEXT((#14545)) 
GLOBAL_UNIT_ASSIGNED_CONTEXT((#14542,#14543,#14544)) 
REPRESENTATION_CONTEXT('Context #1',
  '3D Context with UNIT and UNCERTAINTY') );
#14542 = ( LENGTH_UNIT() NAMED_UNIT(*) SI_UNIT(.MILLI.,.METRE.) );
#14543 = ( NAMED_UNIT(*) PLANE_ANGLE_UNIT() SI_UNIT($,.RADIAN.) );
#14544 = ( NAMED_UNIT(*) SI_UNIT($,.STERADIAN.) SOLID_ANGLE_UNIT() );
#14545 = UNCERTAINTY_MEASURE_WITH_UNIT(LENGTH_MEASURE(1.E-07),#14542,
  'distance_accuracy_value','confusion accuracy');
#14546 = CONTEXT_DEPENDENT_SHAPE_REPRESENTATION(#14547,#14549);
#14547 = ( REPRESENTATION_RELATIONSHIP('','',#13686,#10) 
REPRESENTATION_RELATIONSHIP_WITH_TRANSFORMATION(#14548) 
SHAPE_REPRESENTATION_RELATIONSHIP() );
#14548 = ITEM_DEFINED_TRANSFORMATION('','',#11,#83);
#14549 = PRODUCT_DEFINITION_SHAPE('Placement','Placement of an item',
  #14550);
#14550 = NEXT_ASSEMBLY_USAGE_OCCURRENCE('18','Cd1','',#5,#13681,$);
#14551 = PRODUCT_RELATED_PRODUCT_CATEGORY('part',$,(#13683));
#14552 = SHAPE_DEFINITION_REPRESENTATION(#14553,#14559);
#14553 = PRODUCT_DEFINITION_SHAPE('','',#14554);
#14554 = PRODUCT_DEFINITION('design','',#14555,#14558);
#14555 = PRODUCT_DEFINITION_FORMATION('','',#14556);
#14556 = PRODUCT('R_1206_3216Metric','R_1206_3216Metric','',(#14557));
#14557 = PRODUCT_CONTEXT('',#2,'mechanical');
#14558 = PRODUCT_DEFINITION_CONTEXT('part definition',#2,'design');
#14559 = ADVANCED_BREP_SHAPE_REPRESENTATION('',(#11,#14560),#15350);
#14560 = MANIFOLD_SOLID_BREP('',#14561);
#14561 = CLOSED_SHELL('',(#14562,#14602,#14685,#14710,#14735,#14802,
    #14819,#14836,#14885,#14902,#14919,#14968,#14985,#15054,#15085,
    #15109,#15178,#15202,#15219,#15236,#15253,#15270,#15287,#15304,
    #15321,#15338));
#14562 = ADVANCED_FACE('',(#14563),#14597,.F.);
#14563 = FACE_BOUND('',#14564,.F.);
#14564 = EDGE_LOOP('',(#14565,#14575,#14583,#14591));
#14565 = ORIENTED_EDGE('',*,*,#14566,.F.);
#14566 = EDGE_CURVE('',#14567,#14569,#14571,.T.);
#14567 = VERTEX_POINT('',#14568);
#14568 = CARTESIAN_POINT('',(-1.6,-0.8,5.5E-02));
#14569 = VERTEX_POINT('',#14570);
#14570 = CARTESIAN_POINT('',(-1.6,-0.8,0.495));
#14571 = LINE('',#14572,#14573);
#14572 = CARTESIAN_POINT('',(-1.6,-0.8,0.));
#14573 = VECTOR('',#14574,1.);
#14574 = DIRECTION('',(0.,0.,1.));
#14575 = ORIENTED_EDGE('',*,*,#14576,.T.);
#14576 = EDGE_CURVE('',#14567,#14577,#14579,.T.);
#14577 = VERTEX_POINT('',#14578);
#14578 = CARTESIAN_POINT('',(-1.6,0.8,5.5E-02));
#14579 = LINE('',#14580,#14581);
#14580 = CARTESIAN_POINT('',(-1.6,-0.8,5.5E-02));
#14581 = VECTOR('',#14582,1.);
#14582 = DIRECTION('',(0.,1.,0.));
#14583 = ORIENTED_EDGE('',*,*,#14584,.T.);
#14584 = EDGE_CURVE('',#14577,#14585,#14587,.T.);
#14585 = VERTEX_POINT('',#14586);
#14586 = CARTESIAN_POINT('',(-1.6,0.8,0.495));
#14587 = LINE('',#14588,#14589);
#14588 = CARTESIAN_POINT('',(-1.6,0.8,0.));
#14589 = VECTOR('',#14590,1.);
#14590 = DIRECTION('',(0.,0.,1.));
#14591 = ORIENTED_EDGE('',*,*,#14592,.F.);
#14592 = EDGE_CURVE('',#14569,#14585,#14593,.T.);
#14593 = LINE('',#14594,#14595);
#14594 = CARTESIAN_POINT('',(-1.6,-0.8,0.495));
#14595 = VECTOR('',#14596,1.);
#14596 = DIRECTION('',(0.,1.,0.));
#14597 = PLANE('',#14598);
#14598 = AXIS2_PLACEMENT_3D('',#14599,#14600,#14601);
#14599 = CARTESIAN_POINT('',(-1.6,-0.8,0.));
#14600 = DIRECTION('',(1.,0.,0.));
#14601 = DIRECTION('',(0.,0.,1.));
#14602 = ADVANCED_FACE('',(#14603),#14680,.F.);
#14603 = FACE_BOUND('',#14604,.F.);
#14604 = EDGE_LOOP('',(#14605,#14615,#14622,#14623,#14632,#14640,#14649,
    #14657,#14665,#14673));
#14605 = ORIENTED_EDGE('',*,*,#14606,.F.);
#14606 = EDGE_CURVE('',#14607,#14609,#14611,.T.);
#14607 = VERTEX_POINT('',#14608);
#14608 = CARTESIAN_POINT('',(-1.545,-0.8,0.));
#14609 = VERTEX_POINT('',#14610);
#14610 = CARTESIAN_POINT('',(-1.255,-0.8,0.));
#14611 = LINE('',#14612,#14613);
#14612 = CARTESIAN_POINT('',(-1.6,-0.8,0.));
#14613 = VECTOR('',#14614,1.);
#14614 = DIRECTION('',(1.,0.,0.));
#14615 = ORIENTED_EDGE('',*,*,#14616,.F.);
#14616 = EDGE_CURVE('',#14567,#14607,#14617,.T.);
#14617 = CIRCLE('',#14618,5.5E-02);
#14618 = AXIS2_PLACEMENT_3D('',#14619,#14620,#14621);
#14619 = CARTESIAN_POINT('',(-1.545,-0.8,5.5E-02));
#14620 = DIRECTION('',(0.,-1.,0.));
#14621 = DIRECTION('',(0.,0.,1.));
#14622 = ORIENTED_EDGE('',*,*,#14566,.T.);
#14623 = ORIENTED_EDGE('',*,*,#14624,.T.);
#14624 = EDGE_CURVE('',#14569,#14625,#14627,.T.);
#14625 = VERTEX_POINT('',#14626);
#14626 = CARTESIAN_POINT('',(-1.545,-0.8,0.55));
#14627 = CIRCLE('',#14628,5.5E-02);
#14628 = AXIS2_PLACEMENT_3D('',#14629,#14630,#14631);
#14629 = CARTESIAN_POINT('',(-1.545,-0.8,0.495));
#14630 = DIRECTION('',(0.,1.,0.));
#14631 = DIRECTION('',(0.,-0.,1.));
#14632 = ORIENTED_EDGE('',*,*,#14633,.T.);
#14633 = EDGE_CURVE('',#14625,#14634,#14636,.T.);
#14634 = VERTEX_POINT('',#14635);
#14635 = CARTESIAN_POINT('',(-1.255,-0.8,0.55));
#14636 = LINE('',#14637,#14638);
#14637 = CARTESIAN_POINT('',(-1.6,-0.8,0.55));
#14638 = VECTOR('',#14639,1.);
#14639 = DIRECTION('',(1.,0.,0.));
#14640 = ORIENTED_EDGE('',*,*,#14641,.F.);
#14641 = EDGE_CURVE('',#14642,#14634,#14644,.T.);
#14642 = VERTEX_POINT('',#14643);
#14643 = CARTESIAN_POINT('',(-1.2,-0.8,0.495));
#14644 = CIRCLE('',#14645,5.5E-02);
#14645 = AXIS2_PLACEMENT_3D('',#14646,#14647,#14648);
#14646 = CARTESIAN_POINT('',(-1.255,-0.8,0.495));
#14647 = DIRECTION('',(0.,-1.,0.));
#14648 = DIRECTION('',(0.,0.,1.));
#14649 = ORIENTED_EDGE('',*,*,#14650,.F.);
#14650 = EDGE_CURVE('',#14651,#14642,#14653,.T.);
#14651 = VERTEX_POINT('',#14652);
#14652 = CARTESIAN_POINT('',(-1.545,-0.8,0.495));
#14653 = LINE('',#14654,#14655);
#14654 = CARTESIAN_POINT('',(-1.545,-0.8,0.495));
#14655 = VECTOR('',#14656,1.);
#14656 = DIRECTION('',(1.,0.,0.));
#14657 = ORIENTED_EDGE('',*,*,#14658,.F.);
#14658 = EDGE_CURVE('',#14659,#14651,#14661,.T.);
#14659 = VERTEX_POINT('',#14660);
#14660 = CARTESIAN_POINT('',(-1.545,-0.8,5.5E-02));
#14661 = LINE('',#14662,#14663);
#14662 = CARTESIAN_POINT('',(-1.545,-0.8,5.5E-02));
#14663 = VECTOR('',#14664,1.);
#14664 = DIRECTION('',(0.,0.,1.));
#14665 = ORIENTED_EDGE('',*,*,#14666,.T.);
#14666 = EDGE_CURVE('',#14659,#14667,#14669,.T.);
#14667 = VERTEX_POINT('',#14668);
#14668 = CARTESIAN_POINT('',(-1.2,-0.8,5.5E-02));
#14669 = LINE('',#14670,#14671);
#14670 = CARTESIAN_POINT('',(-1.545,-0.8,5.5E-02));
#14671 = VECTOR('',#14672,1.);
#14672 = DIRECTION('',(1.,0.,0.));
#14673 = ORIENTED_EDGE('',*,*,#14674,.T.);
#14674 = EDGE_CURVE('',#14667,#14609,#14675,.T.);
#14675 = CIRCLE('',#14676,5.5E-02);
#14676 = AXIS2_PLACEMENT_3D('',#14677,#14678,#14679);
#14677 = CARTESIAN_POINT('',(-1.255,-0.8,5.5E-02));
#14678 = DIRECTION('',(0.,1.,0.));
#14679 = DIRECTION('',(0.,-0.,1.));
#14680 = PLANE('',#14681);
#14681 = AXIS2_PLACEMENT_3D('',#14682,#14683,#14684);
#14682 = CARTESIAN_POINT('',(-1.6,-0.8,0.));
#14683 = DIRECTION('',(0.,1.,0.));
#14684 = DIRECTION('',(0.,-0.,1.));
#14685 = ADVANCED_FACE('',(#14686),#14705,.T.);
#14686 = FACE_BOUND('',#14687,.T.);
#14687 = EDGE_LOOP('',(#14688,#14689,#14698,#14704));
#14688 = ORIENTED_EDGE('',*,*,#14576,.T.);
#14689 = ORIENTED_EDGE('',*,*,#14690,.T.);
#14690 = EDGE_CURVE('',#14577,#14691,#14693,.T.);
#14691 = VERTEX_POINT('',#14692);
#14692 = CARTESIAN_POINT('',(-1.545,0.8,0.));
#14693 = CIRCLE('',#14694,5.5E-02);
#14694 = AXIS2_PLACEMENT_3D('',#14695,#14696,#14697);
#14695 = CARTESIAN_POINT('',(-1.545,0.8,5.5E-02));
#14696 = DIRECTION('',(0.,-1.,0.));
#14697 = DIRECTION('',(0.,0.,1.));
#14698 = ORIENTED_EDGE('',*,*,#14699,.F.);
#14699 = EDGE_CURVE('',#14607,#14691,#14700,.T.);
#14700 = LINE('',#14701,#14702);
#14701 = CARTESIAN_POINT('',(-1.545,-0.8,0.));
#14702 = VECTOR('',#14703,1.);
#14703 = DIRECTION('',(0.,1.,0.));
#14704 = ORIENTED_EDGE('',*,*,#14616,.F.);
#14705 = CYLINDRICAL_SURFACE('',#14706,5.5E-02);
#14706 = AXIS2_PLACEMENT_3D('',#14707,#14708,#14709);
#14707 = CARTESIAN_POINT('',(-1.545,-0.8,5.5E-02));
#14708 = DIRECTION('',(0.,1.,0.));
#14709 = DIRECTION('',(-1.,0.,0.));
#14710 = ADVANCED_FACE('',(#14711),#14730,.T.);
#14711 = FACE_BOUND('',#14712,.T.);
#14712 = EDGE_LOOP('',(#14713,#14714,#14722,#14729));
#14713 = ORIENTED_EDGE('',*,*,#14624,.T.);
#14714 = ORIENTED_EDGE('',*,*,#14715,.T.);
#14715 = EDGE_CURVE('',#14625,#14716,#14718,.T.);
#14716 = VERTEX_POINT('',#14717);
#14717 = CARTESIAN_POINT('',(-1.545,0.8,0.55));
#14718 = LINE('',#14719,#14720);
#14719 = CARTESIAN_POINT('',(-1.545,-0.8,0.55));
#14720 = VECTOR('',#14721,1.);
#14721 = DIRECTION('',(0.,1.,0.));
#14722 = ORIENTED_EDGE('',*,*,#14723,.F.);
#14723 = EDGE_CURVE('',#14585,#14716,#14724,.T.);
#14724 = CIRCLE('',#14725,5.5E-02);
#14725 = AXIS2_PLACEMENT_3D('',#14726,#14727,#14728);
#14726 = CARTESIAN_POINT('',(-1.545,0.8,0.495));
#14727 = DIRECTION('',(0.,1.,0.));
#14728 = DIRECTION('',(0.,-0.,1.));
#14729 = ORIENTED_EDGE('',*,*,#14592,.F.);
#14730 = CYLINDRICAL_SURFACE('',#14731,5.5E-02);
#14731 = AXIS2_PLACEMENT_3D('',#14732,#14733,#14734);
#14732 = CARTESIAN_POINT('',(-1.545,-0.8,0.495));
#14733 = DIRECTION('',(0.,1.,0.));
#14734 = DIRECTION('',(-1.,0.,0.));
#14735 = ADVANCED_FACE('',(#14736),#14797,.T.);
#14736 = FACE_BOUND('',#14737,.T.);
#14737 = EDGE_LOOP('',(#14738,#14746,#14747,#14748,#14749,#14757,#14766,
    #14774,#14782,#14790));
#14738 = ORIENTED_EDGE('',*,*,#14739,.F.);
#14739 = EDGE_CURVE('',#14691,#14740,#14742,.T.);
#14740 = VERTEX_POINT('',#14741);
#14741 = CARTESIAN_POINT('',(-1.255,0.8,0.));
#14742 = LINE('',#14743,#14744);
#14743 = CARTESIAN_POINT('',(-1.6,0.8,0.));
#14744 = VECTOR('',#14745,1.);
#14745 = DIRECTION('',(1.,0.,0.));
#14746 = ORIENTED_EDGE('',*,*,#14690,.F.);
#14747 = ORIENTED_EDGE('',*,*,#14584,.T.);
#14748 = ORIENTED_EDGE('',*,*,#14723,.T.);
#14749 = ORIENTED_EDGE('',*,*,#14750,.T.);
#14750 = EDGE_CURVE('',#14716,#14751,#14753,.T.);
#14751 = VERTEX_POINT('',#14752);
#14752 = CARTESIAN_POINT('',(-1.255,0.8,0.55));
#14753 = LINE('',#14754,#14755);
#14754 = CARTESIAN_POINT('',(-1.6,0.8,0.55));
#14755 = VECTOR('',#14756,1.);
#14756 = DIRECTION('',(1.,0.,0.));
#14757 = ORIENTED_EDGE('',*,*,#14758,.F.);
#14758 = EDGE_CURVE('',#14759,#14751,#14761,.T.);
#14759 = VERTEX_POINT('',#14760);
#14760 = CARTESIAN_POINT('',(-1.2,0.8,0.495));
#14761 = CIRCLE('',#14762,5.5E-02);
#14762 = AXIS2_PLACEMENT_3D('',#14763,#14764,#14765);
#14763 = CARTESIAN_POINT('',(-1.255,0.8,0.495));
#14764 = DIRECTION('',(0.,-1.,0.));
#14765 = DIRECTION('',(0.,0.,1.));
#14766 = ORIENTED_EDGE('',*,*,#14767,.F.);
#14767 = EDGE_CURVE('',#14768,#14759,#14770,.T.);
#14768 = VERTEX_POINT('',#14769);
#14769 = CARTESIAN_POINT('',(-1.545,0.8,0.495));
#14770 = LINE('',#14771,#14772);
#14771 = CARTESIAN_POINT('',(-1.545,0.8,0.495));
#14772 = VECTOR('',#14773,1.);
#14773 = DIRECTION('',(1.,0.,0.));
#14774 = ORIENTED_EDGE('',*,*,#14775,.F.);
#14775 = EDGE_CURVE('',#14776,#14768,#14778,.T.);
#14776 = VERTEX_POINT('',#14777);
#14777 = CARTESIAN_POINT('',(-1.545,0.8,5.5E-02));
#14778 = LINE('',#14779,#14780);
#14779 = CARTESIAN_POINT('',(-1.545,0.8,5.5E-02));
#14780 = VECTOR('',#14781,1.);
#14781 = DIRECTION('',(0.,0.,1.));
#14782 = ORIENTED_EDGE('',*,*,#14783,.T.);
#14783 = EDGE_CURVE('',#14776,#14784,#14786,.T.);
#14784 = VERTEX_POINT('',#14785);
#14785 = CARTESIAN_POINT('',(-1.2,0.8,5.5E-02));
#14786 = LINE('',#14787,#14788);
#14787 = CARTESIAN_POINT('',(-1.545,0.8,5.5E-02));
#14788 = VECTOR('',#14789,1.);
#14789 = DIRECTION('',(1.,0.,0.));
#14790 = ORIENTED_EDGE('',*,*,#14791,.T.);
#14791 = EDGE_CURVE('',#14784,#14740,#14792,.T.);
#14792 = CIRCLE('',#14793,5.5E-02);
#14793 = AXIS2_PLACEMENT_3D('',#14794,#14795,#14796);
#14794 = CARTESIAN_POINT('',(-1.255,0.8,5.5E-02));
#14795 = DIRECTION('',(0.,1.,0.));
#14796 = DIRECTION('',(0.,-0.,1.));
#14797 = PLANE('',#14798);
#14798 = AXIS2_PLACEMENT_3D('',#14799,#14800,#14801);
#14799 = CARTESIAN_POINT('',(-1.6,0.8,0.));
#14800 = DIRECTION('',(0.,1.,0.));
#14801 = DIRECTION('',(0.,-0.,1.));
#14802 = ADVANCED_FACE('',(#14803),#14814,.F.);
#14803 = FACE_BOUND('',#14804,.F.);
#14804 = EDGE_LOOP('',(#14805,#14806,#14807,#14808));
#14805 = ORIENTED_EDGE('',*,*,#14739,.F.);
#14806 = ORIENTED_EDGE('',*,*,#14699,.F.);
#14807 = ORIENTED_EDGE('',*,*,#14606,.T.);
#14808 = ORIENTED_EDGE('',*,*,#14809,.T.);
#14809 = EDGE_CURVE('',#14609,#14740,#14810,.T.);
#14810 = LINE('',#14811,#14812);
#14811 = CARTESIAN_POINT('',(-1.255,-0.8,0.));
#14812 = VECTOR('',#14813,1.);
#14813 = DIRECTION('',(0.,1.,0.));
#14814 = PLANE('',#14815);
#14815 = AXIS2_PLACEMENT_3D('',#14816,#14817,#14818);
#14816 = CARTESIAN_POINT('',(-1.6,-0.8,0.));
#14817 = DIRECTION('',(0.,0.,1.));
#14818 = DIRECTION('',(1.,0.,-0.));
#14819 = ADVANCED_FACE('',(#14820),#14831,.T.);
#14820 = FACE_BOUND('',#14821,.T.);
#14821 = EDGE_LOOP('',(#14822,#14823,#14824,#14825));
#14822 = ORIENTED_EDGE('',*,*,#14674,.T.);
#14823 = ORIENTED_EDGE('',*,*,#14809,.T.);
#14824 = ORIENTED_EDGE('',*,*,#14791,.F.);
#14825 = ORIENTED_EDGE('',*,*,#14826,.F.);
#14826 = EDGE_CURVE('',#14667,#14784,#14827,.T.);
#14827 = LINE('',#14828,#14829);
#14828 = CARTESIAN_POINT('',(-1.2,-0.8,5.5E-02));
#14829 = VECTOR('',#14830,1.);
#14830 = DIRECTION('',(0.,1.,0.));
#14831 = CYLINDRICAL_SURFACE('',#14832,5.5E-02);
#14832 = AXIS2_PLACEMENT_3D('',#14833,#14834,#14835);
#14833 = CARTESIAN_POINT('',(-1.255,-0.8,5.5E-02));
#14834 = DIRECTION('',(0.,1.,0.));
#14835 = DIRECTION('',(1.,0.,0.));
#14836 = ADVANCED_FACE('',(#14837),#14880,.F.);
#14837 = FACE_BOUND('',#14838,.F.);
#14838 = EDGE_LOOP('',(#14839,#14840,#14841,#14842,#14850,#14858,#14866,
    #14874));
#14839 = ORIENTED_EDGE('',*,*,#14666,.F.);
#14840 = ORIENTED_EDGE('',*,*,#14658,.T.);
#14841 = ORIENTED_EDGE('',*,*,#14650,.T.);
#14842 = ORIENTED_EDGE('',*,*,#14843,.T.);
#14843 = EDGE_CURVE('',#14642,#14844,#14846,.T.);
#14844 = VERTEX_POINT('',#14845);
#14845 = CARTESIAN_POINT('',(1.2,-0.8,0.495));
#14846 = LINE('',#14847,#14848);
#14847 = CARTESIAN_POINT('',(-1.2,-0.8,0.495));
#14848 = VECTOR('',#14849,1.);
#14849 = DIRECTION('',(1.,0.,0.));
#14850 = ORIENTED_EDGE('',*,*,#14851,.T.);
#14851 = EDGE_CURVE('',#14844,#14852,#14854,.T.);
#14852 = VERTEX_POINT('',#14853);
#14853 = CARTESIAN_POINT('',(1.545,-0.8,0.495));
#14854 = LINE('',#14855,#14856);
#14855 = CARTESIAN_POINT('',(-1.545,-0.8,0.495));
#14856 = VECTOR('',#14857,1.);
#14857 = DIRECTION('',(1.,0.,0.));
#14858 = ORIENTED_EDGE('',*,*,#14859,.F.);
#14859 = EDGE_CURVE('',#14860,#14852,#14862,.T.);
#14860 = VERTEX_POINT('',#14861);
#14861 = CARTESIAN_POINT('',(1.545,-0.8,5.5E-02));
#14862 = LINE('',#14863,#14864);
#14863 = CARTESIAN_POINT('',(1.545,-0.8,5.5E-02));
#14864 = VECTOR('',#14865,1.);
#14865 = DIRECTION('',(0.,0.,1.));
#14866 = ORIENTED_EDGE('',*,*,#14867,.F.);
#14867 = EDGE_CURVE('',#14868,#14860,#14870,.T.);
#14868 = VERTEX_POINT('',#14869);
#14869 = CARTESIAN_POINT('',(1.2,-0.8,5.5E-02));
#14870 = LINE('',#14871,#14872);
#14871 = CARTESIAN_POINT('',(-1.545,-0.8,5.5E-02));
#14872 = VECTOR('',#14873,1.);
#14873 = DIRECTION('',(1.,0.,0.));
#14874 = ORIENTED_EDGE('',*,*,#14875,.F.);
#14875 = EDGE_CURVE('',#14667,#14868,#14876,.T.);
#14876 = LINE('',#14877,#14878);
#14877 = CARTESIAN_POINT('',(-1.545,-0.8,5.5E-02));
#14878 = VECTOR('',#14879,1.);
#14879 = DIRECTION('',(1.,0.,0.));
#14880 = PLANE('',#14881);
#14881 = AXIS2_PLACEMENT_3D('',#14882,#14883,#14884);
#14882 = CARTESIAN_POINT('',(-1.545,-0.8,5.5E-02));
#14883 = DIRECTION('',(0.,1.,0.));
#14884 = DIRECTION('',(0.,-0.,1.));
#14885 = ADVANCED_FACE('',(#14886),#14897,.T.);
#14886 = FACE_BOUND('',#14887,.T.);
#14887 = EDGE_LOOP('',(#14888,#14889,#14890,#14891));
#14888 = ORIENTED_EDGE('',*,*,#14750,.F.);
#14889 = ORIENTED_EDGE('',*,*,#14715,.F.);
#14890 = ORIENTED_EDGE('',*,*,#14633,.T.);
#14891 = ORIENTED_EDGE('',*,*,#14892,.T.);
#14892 = EDGE_CURVE('',#14634,#14751,#14893,.T.);
#14893 = LINE('',#14894,#14895);
#14894 = CARTESIAN_POINT('',(-1.255,-0.8,0.55));
#14895 = VECTOR('',#14896,1.);
#14896 = DIRECTION('',(0.,1.,0.));
#14897 = PLANE('',#14898);
#14898 = AXIS2_PLACEMENT_3D('',#14899,#14900,#14901);
#14899 = CARTESIAN_POINT('',(-1.6,-0.8,0.55));
#14900 = DIRECTION('',(0.,0.,1.));
#14901 = DIRECTION('',(1.,0.,-0.));
#14902 = ADVANCED_FACE('',(#14903),#14914,.T.);
#14903 = FACE_BOUND('',#14904,.T.);
#14904 = EDGE_LOOP('',(#14905,#14911,#14912,#14913));
#14905 = ORIENTED_EDGE('',*,*,#14906,.T.);
#14906 = EDGE_CURVE('',#14642,#14759,#14907,.T.);
#14907 = LINE('',#14908,#14909);
#14908 = CARTESIAN_POINT('',(-1.2,-0.8,0.495));
#14909 = VECTOR('',#14910,1.);
#14910 = DIRECTION('',(0.,1.,0.));
#14911 = ORIENTED_EDGE('',*,*,#14758,.T.);
#14912 = ORIENTED_EDGE('',*,*,#14892,.F.);
#14913 = ORIENTED_EDGE('',*,*,#14641,.F.);
#14914 = CYLINDRICAL_SURFACE('',#14915,5.5E-02);
#14915 = AXIS2_PLACEMENT_3D('',#14916,#14917,#14918);
#14916 = CARTESIAN_POINT('',(-1.255,-0.8,0.495));
#14917 = DIRECTION('',(0.,1.,0.));
#14918 = DIRECTION('',(1.,0.,0.));
#14919 = ADVANCED_FACE('',(#14920),#14963,.T.);
#14920 = FACE_BOUND('',#14921,.T.);
#14921 = EDGE_LOOP('',(#14922,#14923,#14924,#14925,#14933,#14941,#14949,
    #14957));
#14922 = ORIENTED_EDGE('',*,*,#14783,.F.);
#14923 = ORIENTED_EDGE('',*,*,#14775,.T.);
#14924 = ORIENTED_EDGE('',*,*,#14767,.T.);
#14925 = ORIENTED_EDGE('',*,*,#14926,.T.);
#14926 = EDGE_CURVE('',#14759,#14927,#14929,.T.);
#14927 = VERTEX_POINT('',#14928);
#14928 = CARTESIAN_POINT('',(1.2,0.8,0.495));
#14929 = LINE('',#14930,#14931);
#14930 = CARTESIAN_POINT('',(-1.2,0.8,0.495));
#14931 = VECTOR('',#14932,1.);
#14932 = DIRECTION('',(1.,0.,0.));
#14933 = ORIENTED_EDGE('',*,*,#14934,.T.);
#14934 = EDGE_CURVE('',#14927,#14935,#14937,.T.);
#14935 = VERTEX_POINT('',#14936);
#14936 = CARTESIAN_POINT('',(1.545,0.8,0.495));
#14937 = LINE('',#14938,#14939);
#14938 = CARTESIAN_POINT('',(-1.545,0.8,0.495));
#14939 = VECTOR('',#14940,1.);
#14940 = DIRECTION('',(1.,0.,0.));
#14941 = ORIENTED_EDGE('',*,*,#14942,.F.);
#14942 = EDGE_CURVE('',#14943,#14935,#14945,.T.);
#14943 = VERTEX_POINT('',#14944);
#14944 = CARTESIAN_POINT('',(1.545,0.8,5.5E-02));
#14945 = LINE('',#14946,#14947);
#14946 = CARTESIAN_POINT('',(1.545,0.8,5.5E-02));
#14947 = VECTOR('',#14948,1.);
#14948 = DIRECTION('',(0.,0.,1.));
#14949 = ORIENTED_EDGE('',*,*,#14950,.F.);
#14950 = EDGE_CURVE('',#14951,#14943,#14953,.T.);
#14951 = VERTEX_POINT('',#14952);
#14952 = CARTESIAN_POINT('',(1.2,0.8,5.5E-02));
#14953 = LINE('',#14954,#14955);
#14954 = CARTESIAN_POINT('',(-1.545,0.8,5.5E-02));
#14955 = VECTOR('',#14956,1.);
#14956 = DIRECTION('',(1.,0.,0.));
#14957 = ORIENTED_EDGE('',*,*,#14958,.F.);
#14958 = EDGE_CURVE('',#14784,#14951,#14959,.T.);
#14959 = LINE('',#14960,#14961);
#14960 = CARTESIAN_POINT('',(-1.545,0.8,5.5E-02));
#14961 = VECTOR('',#14962,1.);
#14962 = DIRECTION('',(1.,0.,0.));
#14963 = PLANE('',#14964);
#14964 = AXIS2_PLACEMENT_3D('',#14965,#14966,#14967);
#14965 = CARTESIAN_POINT('',(-1.545,0.8,5.5E-02));
#14966 = DIRECTION('',(0.,1.,0.));
#14967 = DIRECTION('',(0.,-0.,1.));
#14968 = ADVANCED_FACE('',(#14969),#14980,.F.);
#14969 = FACE_BOUND('',#14970,.F.);
#14970 = EDGE_LOOP('',(#14971,#14972,#14973,#14979));
#14971 = ORIENTED_EDGE('',*,*,#14826,.F.);
#14972 = ORIENTED_EDGE('',*,*,#14875,.T.);
#14973 = ORIENTED_EDGE('',*,*,#14974,.T.);
#14974 = EDGE_CURVE('',#14868,#14951,#14975,.T.);
#14975 = LINE('',#14976,#14977);
#14976 = CARTESIAN_POINT('',(1.2,-0.8,5.5E-02));
#14977 = VECTOR('',#14978,1.);
#14978 = DIRECTION('',(0.,1.,0.));
#14979 = ORIENTED_EDGE('',*,*,#14958,.F.);
#14980 = PLANE('',#14981);
#14981 = AXIS2_PLACEMENT_3D('',#14982,#14983,#14984);
#14982 = CARTESIAN_POINT('',(-1.545,-0.8,5.5E-02));
#14983 = DIRECTION('',(0.,0.,1.));
#14984 = DIRECTION('',(1.,0.,-0.));
#14985 = ADVANCED_FACE('',(#14986),#15049,.F.);
#14986 = FACE_BOUND('',#14987,.F.);
#14987 = EDGE_LOOP('',(#14988,#14998,#15005,#15006,#15007,#15008,#15017,
    #15025,#15034,#15042));
#14988 = ORIENTED_EDGE('',*,*,#14989,.F.);
#14989 = EDGE_CURVE('',#14990,#14992,#14994,.T.);
#14990 = VERTEX_POINT('',#14991);
#14991 = CARTESIAN_POINT('',(1.255,-0.8,0.));
#14992 = VERTEX_POINT('',#14993);
#14993 = CARTESIAN_POINT('',(1.545,-0.8,0.));
#14994 = LINE('',#14995,#14996);
#14995 = CARTESIAN_POINT('',(1.2,-0.8,0.));
#14996 = VECTOR('',#14997,1.);
#14997 = DIRECTION('',(1.,0.,0.));
#14998 = ORIENTED_EDGE('',*,*,#14999,.F.);
#14999 = EDGE_CURVE('',#14868,#14990,#15000,.T.);
#15000 = CIRCLE('',#15001,5.5E-02);
#15001 = AXIS2_PLACEMENT_3D('',#15002,#15003,#15004);
#15002 = CARTESIAN_POINT('',(1.255,-0.8,5.5E-02));
#15003 = DIRECTION('',(0.,-1.,0.));
#15004 = DIRECTION('',(0.,0.,1.));
#15005 = ORIENTED_EDGE('',*,*,#14867,.T.);
#15006 = ORIENTED_EDGE('',*,*,#14859,.T.);
#15007 = ORIENTED_EDGE('',*,*,#14851,.F.);
#15008 = ORIENTED_EDGE('',*,*,#15009,.T.);
#15009 = EDGE_CURVE('',#14844,#15010,#15012,.T.);
#15010 = VERTEX_POINT('',#15011);
#15011 = CARTESIAN_POINT('',(1.255,-0.8,0.55));
#15012 = CIRCLE('',#15013,5.5E-02);
#15013 = AXIS2_PLACEMENT_3D('',#15014,#15015,#15016);
#15014 = CARTESIAN_POINT('',(1.255,-0.8,0.495));
#15015 = DIRECTION('',(0.,1.,0.));
#15016 = DIRECTION('',(0.,-0.,1.));
#15017 = ORIENTED_EDGE('',*,*,#15018,.T.);
#15018 = EDGE_CURVE('',#15010,#15019,#15021,.T.);
#15019 = VERTEX_POINT('',#15020);
#15020 = CARTESIAN_POINT('',(1.545,-0.8,0.55));
#15021 = LINE('',#15022,#15023);
#15022 = CARTESIAN_POINT('',(1.2,-0.8,0.55));
#15023 = VECTOR('',#15024,1.);
#15024 = DIRECTION('',(1.,0.,0.));
#15025 = ORIENTED_EDGE('',*,*,#15026,.F.);
#15026 = EDGE_CURVE('',#15027,#15019,#15029,.T.);
#15027 = VERTEX_POINT('',#15028);
#15028 = CARTESIAN_POINT('',(1.6,-0.8,0.495));
#15029 = CIRCLE('',#15030,5.5E-02);
#15030 = AXIS2_PLACEMENT_3D('',#15031,#15032,#15033);
#15031 = CARTESIAN_POINT('',(1.545,-0.8,0.495));
#15032 = DIRECTION('',(0.,-1.,0.));
#15033 = DIRECTION('',(0.,0.,1.));
#15034 = ORIENTED_EDGE('',*,*,#15035,.F.);
#15035 = EDGE_CURVE('',#15036,#15027,#15038,.T.);
#15036 = VERTEX_POINT('',#15037);
#15037 = CARTESIAN_POINT('',(1.6,-0.8,5.5E-02));
#15038 = LINE('',#15039,#15040);
#15039 = CARTESIAN_POINT('',(1.6,-0.8,0.));
#15040 = VECTOR('',#15041,1.);
#15041 = DIRECTION('',(0.,0.,1.));
#15042 = ORIENTED_EDGE('',*,*,#15043,.T.);
#15043 = EDGE_CURVE('',#15036,#14992,#15044,.T.);
#15044 = CIRCLE('',#15045,5.5E-02);
#15045 = AXIS2_PLACEMENT_3D('',#15046,#15047,#15048);
#15046 = CARTESIAN_POINT('',(1.545,-0.8,5.5E-02));
#15047 = DIRECTION('',(0.,1.,0.));
#15048 = DIRECTION('',(0.,-0.,1.));
#15049 = PLANE('',#15050);
#15050 = AXIS2_PLACEMENT_3D('',#15051,#15052,#15053);
#15051 = CARTESIAN_POINT('',(1.2,-0.8,0.));
#15052 = DIRECTION('',(0.,1.,0.));
#15053 = DIRECTION('',(0.,-0.,1.));
#15054 = ADVANCED_FACE('',(#15055),#15080,.F.);
#15055 = FACE_BOUND('',#15056,.F.);
#15056 = EDGE_LOOP('',(#15057,#15058,#15066,#15074));
#15057 = ORIENTED_EDGE('',*,*,#14843,.F.);
#15058 = ORIENTED_EDGE('',*,*,#15059,.T.);
#15059 = EDGE_CURVE('',#14642,#15060,#15062,.T.);
#15060 = VERTEX_POINT('',#15061);
#15061 = CARTESIAN_POINT('',(-1.2,-0.8,0.55));
#15062 = LINE('',#15063,#15064);
#15063 = CARTESIAN_POINT('',(-1.2,-0.8,0.495));
#15064 = VECTOR('',#15065,1.);
#15065 = DIRECTION('',(0.,0.,1.));
#15066 = ORIENTED_EDGE('',*,*,#15067,.T.);
#15067 = EDGE_CURVE('',#15060,#15068,#15070,.T.);
#15068 = VERTEX_POINT('',#15069);
#15069 = CARTESIAN_POINT('',(1.2,-0.8,0.55));
#15070 = LINE('',#15071,#15072);
#15071 = CARTESIAN_POINT('',(-1.2,-0.8,0.55));
#15072 = VECTOR('',#15073,1.);
#15073 = DIRECTION('',(1.,0.,0.));
#15074 = ORIENTED_EDGE('',*,*,#15075,.F.);
#15075 = EDGE_CURVE('',#14844,#15068,#15076,.T.);
#15076 = LINE('',#15077,#15078);
#15077 = CARTESIAN_POINT('',(1.2,-0.8,0.495));
#15078 = VECTOR('',#15079,1.);
#15079 = DIRECTION('',(0.,0.,1.));
#15080 = PLANE('',#15081);
#15081 = AXIS2_PLACEMENT_3D('',#15082,#15083,#15084);
#15082 = CARTESIAN_POINT('',(-1.2,-0.8,0.495));
#15083 = DIRECTION('',(0.,1.,0.));
#15084 = DIRECTION('',(0.,-0.,1.));
#15085 = ADVANCED_FACE('',(#15086),#15104,.F.);
#15086 = FACE_BOUND('',#15087,.F.);
#15087 = EDGE_LOOP('',(#15088,#15089,#15090,#15098));
#15088 = ORIENTED_EDGE('',*,*,#15059,.F.);
#15089 = ORIENTED_EDGE('',*,*,#14906,.T.);
#15090 = ORIENTED_EDGE('',*,*,#15091,.T.);
#15091 = EDGE_CURVE('',#14759,#15092,#15094,.T.);
#15092 = VERTEX_POINT('',#15093);
#15093 = CARTESIAN_POINT('',(-1.2,0.8,0.55));
#15094 = LINE('',#15095,#15096);
#15095 = CARTESIAN_POINT('',(-1.2,0.8,0.495));
#15096 = VECTOR('',#15097,1.);
#15097 = DIRECTION('',(0.,0.,1.));
#15098 = ORIENTED_EDGE('',*,*,#15099,.F.);
#15099 = EDGE_CURVE('',#15060,#15092,#15100,.T.);
#15100 = LINE('',#15101,#15102);
#15101 = CARTESIAN_POINT('',(-1.2,-0.8,0.55));
#15102 = VECTOR('',#15103,1.);
#15103 = DIRECTION('',(0.,1.,0.));
#15104 = PLANE('',#15105);
#15105 = AXIS2_PLACEMENT_3D('',#15106,#15107,#15108);
#15106 = CARTESIAN_POINT('',(-1.2,-0.8,0.495));
#15107 = DIRECTION('',(1.,0.,0.));
#15108 = DIRECTION('',(0.,0.,1.));
#15109 = ADVANCED_FACE('',(#15110),#15173,.T.);
#15110 = FACE_BOUND('',#15111,.T.);
#15111 = EDGE_LOOP('',(#15112,#15122,#15129,#15130,#15131,#15132,#15141,
    #15149,#15158,#15166));
#15112 = ORIENTED_EDGE('',*,*,#15113,.F.);
#15113 = EDGE_CURVE('',#15114,#15116,#15118,.T.);
#15114 = VERTEX_POINT('',#15115);
#15115 = CARTESIAN_POINT('',(1.255,0.8,0.));
#15116 = VERTEX_POINT('',#15117);
#15117 = CARTESIAN_POINT('',(1.545,0.8,0.));
#15118 = LINE('',#15119,#15120);
#15119 = CARTESIAN_POINT('',(1.2,0.8,0.));
#15120 = VECTOR('',#15121,1.);
#15121 = DIRECTION('',(1.,0.,0.));
#15122 = ORIENTED_EDGE('',*,*,#15123,.F.);
#15123 = EDGE_CURVE('',#14951,#15114,#15124,.T.);
#15124 = CIRCLE('',#15125,5.5E-02);
#15125 = AXIS2_PLACEMENT_3D('',#15126,#15127,#15128);
#15126 = CARTESIAN_POINT('',(1.255,0.8,5.5E-02));
#15127 = DIRECTION('',(0.,-1.,0.));
#15128 = DIRECTION('',(0.,0.,1.));
#15129 = ORIENTED_EDGE('',*,*,#14950,.T.);
#15130 = ORIENTED_EDGE('',*,*,#14942,.T.);
#15131 = ORIENTED_EDGE('',*,*,#14934,.F.);
#15132 = ORIENTED_EDGE('',*,*,#15133,.T.);
#15133 = EDGE_CURVE('',#14927,#15134,#15136,.T.);
#15134 = VERTEX_POINT('',#15135);
#15135 = CARTESIAN_POINT('',(1.255,0.8,0.55));
#15136 = CIRCLE('',#15137,5.5E-02);
#15137 = AXIS2_PLACEMENT_3D('',#15138,#15139,#15140);
#15138 = CARTESIAN_POINT('',(1.255,0.8,0.495));
#15139 = DIRECTION('',(0.,1.,0.));
#15140 = DIRECTION('',(0.,-0.,1.));
#15141 = ORIENTED_EDGE('',*,*,#15142,.T.);
#15142 = EDGE_CURVE('',#15134,#15143,#15145,.T.);
#15143 = VERTEX_POINT('',#15144);
#15144 = CARTESIAN_POINT('',(1.545,0.8,0.55));
#15145 = LINE('',#15146,#15147);
#15146 = CARTESIAN_POINT('',(1.2,0.8,0.55));
#15147 = VECTOR('',#15148,1.);
#15148 = DIRECTION('',(1.,0.,0.));
#15149 = ORIENTED_EDGE('',*,*,#15150,.F.);
#15150 = EDGE_CURVE('',#15151,#15143,#15153,.T.);
#15151 = VERTEX_POINT('',#15152);
#15152 = CARTESIAN_POINT('',(1.6,0.8,0.495));
#15153 = CIRCLE('',#15154,5.5E-02);
#15154 = AXIS2_PLACEMENT_3D('',#15155,#15156,#15157);
#15155 = CARTESIAN_POINT('',(1.545,0.8,0.495));
#15156 = DIRECTION('',(0.,-1.,0.));
#15157 = DIRECTION('',(0.,0.,1.));
#15158 = ORIENTED_EDGE('',*,*,#15159,.F.);
#15159 = EDGE_CURVE('',#15160,#15151,#15162,.T.);
#15160 = VERTEX_POINT('',#15161);
#15161 = CARTESIAN_POINT('',(1.6,0.8,5.5E-02));
#15162 = LINE('',#15163,#15164);
#15163 = CARTESIAN_POINT('',(1.6,0.8,0.));
#15164 = VECTOR('',#15165,1.);
#15165 = DIRECTION('',(0.,0.,1.));
#15166 = ORIENTED_EDGE('',*,*,#15167,.T.);
#15167 = EDGE_CURVE('',#15160,#15116,#15168,.T.);
#15168 = CIRCLE('',#15169,5.5E-02);
#15169 = AXIS2_PLACEMENT_3D('',#15170,#15171,#15172);
#15170 = CARTESIAN_POINT('',(1.545,0.8,5.5E-02));
#15171 = DIRECTION('',(0.,1.,0.));
#15172 = DIRECTION('',(0.,-0.,1.));
#15173 = PLANE('',#15174);
#15174 = AXIS2_PLACEMENT_3D('',#15175,#15176,#15177);
#15175 = CARTESIAN_POINT('',(1.2,0.8,0.));
#15176 = DIRECTION('',(0.,1.,0.));
#15177 = DIRECTION('',(0.,-0.,1.));
#15178 = ADVANCED_FACE('',(#15179),#15197,.T.);
#15179 = FACE_BOUND('',#15180,.T.);
#15180 = EDGE_LOOP('',(#15181,#15182,#15183,#15191));
#15181 = ORIENTED_EDGE('',*,*,#14926,.F.);
#15182 = ORIENTED_EDGE('',*,*,#15091,.T.);
#15183 = ORIENTED_EDGE('',*,*,#15184,.T.);
#15184 = EDGE_CURVE('',#15092,#15185,#15187,.T.);
#15185 = VERTEX_POINT('',#15186);
#15186 = CARTESIAN_POINT('',(1.2,0.8,0.55));
#15187 = LINE('',#15188,#15189);
#15188 = CARTESIAN_POINT('',(-1.2,0.8,0.55));
#15189 = VECTOR('',#15190,1.);
#15190 = DIRECTION('',(1.,0.,0.));
#15191 = ORIENTED_EDGE('',*,*,#15192,.F.);
#15192 = EDGE_CURVE('',#14927,#15185,#15193,.T.);
#15193 = LINE('',#15194,#15195);
#15194 = CARTESIAN_POINT('',(1.2,0.8,0.495));
#15195 = VECTOR('',#15196,1.);
#15196 = DIRECTION('',(0.,0.,1.));
#15197 = PLANE('',#15198);
#15198 = AXIS2_PLACEMENT_3D('',#15199,#15200,#15201);
#15199 = CARTESIAN_POINT('',(-1.2,0.8,0.495));
#15200 = DIRECTION('',(0.,1.,0.));
#15201 = DIRECTION('',(0.,-0.,1.));
#15202 = ADVANCED_FACE('',(#15203),#15214,.T.);
#15203 = FACE_BOUND('',#15204,.T.);
#15204 = EDGE_LOOP('',(#15205,#15206,#15207,#15213));
#15205 = ORIENTED_EDGE('',*,*,#14974,.T.);
#15206 = ORIENTED_EDGE('',*,*,#15123,.T.);
#15207 = ORIENTED_EDGE('',*,*,#15208,.F.);
#15208 = EDGE_CURVE('',#14990,#15114,#15209,.T.);
#15209 = LINE('',#15210,#15211);
#15210 = CARTESIAN_POINT('',(1.255,-0.8,0.));
#15211 = VECTOR('',#15212,1.);
#15212 = DIRECTION('',(0.,1.,0.));
#15213 = ORIENTED_EDGE('',*,*,#14999,.F.);
#15214 = CYLINDRICAL_SURFACE('',#15215,5.5E-02);
#15215 = AXIS2_PLACEMENT_3D('',#15216,#15217,#15218);
#15216 = CARTESIAN_POINT('',(1.255,-0.8,5.5E-02));
#15217 = DIRECTION('',(0.,1.,0.));
#15218 = DIRECTION('',(-1.,0.,0.));
#15219 = ADVANCED_FACE('',(#15220),#15231,.F.);
#15220 = FACE_BOUND('',#15221,.F.);
#15221 = EDGE_LOOP('',(#15222,#15223,#15224,#15225));
#15222 = ORIENTED_EDGE('',*,*,#15113,.F.);
#15223 = ORIENTED_EDGE('',*,*,#15208,.F.);
#15224 = ORIENTED_EDGE('',*,*,#14989,.T.);
#15225 = ORIENTED_EDGE('',*,*,#15226,.T.);
#15226 = EDGE_CURVE('',#14992,#15116,#15227,.T.);
#15227 = LINE('',#15228,#15229);
#15228 = CARTESIAN_POINT('',(1.545,-0.8,0.));
#15229 = VECTOR('',#15230,1.);
#15230 = DIRECTION('',(0.,1.,0.));
#15231 = PLANE('',#15232);
#15232 = AXIS2_PLACEMENT_3D('',#15233,#15234,#15235);
#15233 = CARTESIAN_POINT('',(1.2,-0.8,0.));
#15234 = DIRECTION('',(0.,0.,1.));
#15235 = DIRECTION('',(1.,0.,-0.));
#15236 = ADVANCED_FACE('',(#15237),#15248,.T.);
#15237 = FACE_BOUND('',#15238,.T.);
#15238 = EDGE_LOOP('',(#15239,#15240,#15241,#15242));
#15239 = ORIENTED_EDGE('',*,*,#15043,.T.);
#15240 = ORIENTED_EDGE('',*,*,#15226,.T.);
#15241 = ORIENTED_EDGE('',*,*,#15167,.F.);
#15242 = ORIENTED_EDGE('',*,*,#15243,.F.);
#15243 = EDGE_CURVE('',#15036,#15160,#15244,.T.);
#15244 = LINE('',#15245,#15246);
#15245 = CARTESIAN_POINT('',(1.6,-0.8,5.5E-02));
#15246 = VECTOR('',#15247,1.);
#15247 = DIRECTION('',(0.,1.,0.));
#15248 = CYLINDRICAL_SURFACE('',#15249,5.5E-02);
#15249 = AXIS2_PLACEMENT_3D('',#15250,#15251,#15252);
#15250 = CARTESIAN_POINT('',(1.545,-0.8,5.5E-02));
#15251 = DIRECTION('',(0.,1.,0.));
#15252 = DIRECTION('',(1.,0.,0.));
#15253 = ADVANCED_FACE('',(#15254),#15265,.T.);
#15254 = FACE_BOUND('',#15255,.T.);
#15255 = EDGE_LOOP('',(#15256,#15257,#15258,#15259));
#15256 = ORIENTED_EDGE('',*,*,#15035,.F.);
#15257 = ORIENTED_EDGE('',*,*,#15243,.T.);
#15258 = ORIENTED_EDGE('',*,*,#15159,.T.);
#15259 = ORIENTED_EDGE('',*,*,#15260,.F.);
#15260 = EDGE_CURVE('',#15027,#15151,#15261,.T.);
#15261 = LINE('',#15262,#15263);
#15262 = CARTESIAN_POINT('',(1.6,-0.8,0.495));
#15263 = VECTOR('',#15264,1.);
#15264 = DIRECTION('',(0.,1.,0.));
#15265 = PLANE('',#15266);
#15266 = AXIS2_PLACEMENT_3D('',#15267,#15268,#15269);
#15267 = CARTESIAN_POINT('',(1.6,-0.8,0.));
#15268 = DIRECTION('',(1.,0.,0.));
#15269 = DIRECTION('',(0.,0.,1.));
#15270 = ADVANCED_FACE('',(#15271),#15282,.T.);
#15271 = FACE_BOUND('',#15272,.T.);
#15272 = EDGE_LOOP('',(#15273,#15274,#15275,#15281));
#15273 = ORIENTED_EDGE('',*,*,#15260,.T.);
#15274 = ORIENTED_EDGE('',*,*,#15150,.T.);
#15275 = ORIENTED_EDGE('',*,*,#15276,.F.);
#15276 = EDGE_CURVE('',#15019,#15143,#15277,.T.);
#15277 = LINE('',#15278,#15279);
#15278 = CARTESIAN_POINT('',(1.545,-0.8,0.55));
#15279 = VECTOR('',#15280,1.);
#15280 = DIRECTION('',(0.,1.,0.));
#15281 = ORIENTED_EDGE('',*,*,#15026,.F.);
#15282 = CYLINDRICAL_SURFACE('',#15283,5.5E-02);
#15283 = AXIS2_PLACEMENT_3D('',#15284,#15285,#15286);
#15284 = CARTESIAN_POINT('',(1.545,-0.8,0.495));
#15285 = DIRECTION('',(0.,1.,0.));
#15286 = DIRECTION('',(1.,0.,0.));
#15287 = ADVANCED_FACE('',(#15288),#15299,.T.);
#15288 = FACE_BOUND('',#15289,.T.);
#15289 = EDGE_LOOP('',(#15290,#15291,#15297,#15298));
#15290 = ORIENTED_EDGE('',*,*,#15142,.F.);
#15291 = ORIENTED_EDGE('',*,*,#15292,.F.);
#15292 = EDGE_CURVE('',#15010,#15134,#15293,.T.);
#15293 = LINE('',#15294,#15295);
#15294 = CARTESIAN_POINT('',(1.255,-0.8,0.55));
#15295 = VECTOR('',#15296,1.);
#15296 = DIRECTION('',(0.,1.,0.));
#15297 = ORIENTED_EDGE('',*,*,#15018,.T.);
#15298 = ORIENTED_EDGE('',*,*,#15276,.T.);
#15299 = PLANE('',#15300);
#15300 = AXIS2_PLACEMENT_3D('',#15301,#15302,#15303);
#15301 = CARTESIAN_POINT('',(1.2,-0.8,0.55));
#15302 = DIRECTION('',(0.,0.,1.));
#15303 = DIRECTION('',(1.,0.,-0.));
#15304 = ADVANCED_FACE('',(#15305),#15316,.T.);
#15305 = FACE_BOUND('',#15306,.T.);
#15306 = EDGE_LOOP('',(#15307,#15308,#15309,#15310));
#15307 = ORIENTED_EDGE('',*,*,#15009,.T.);
#15308 = ORIENTED_EDGE('',*,*,#15292,.T.);
#15309 = ORIENTED_EDGE('',*,*,#15133,.F.);
#15310 = ORIENTED_EDGE('',*,*,#15311,.F.);
#15311 = EDGE_CURVE('',#14844,#14927,#15312,.T.);
#15312 = LINE('',#15313,#15314);
#15313 = CARTESIAN_POINT('',(1.2,-0.8,0.495));
#15314 = VECTOR('',#15315,1.);
#15315 = DIRECTION('',(0.,1.,0.));
#15316 = CYLINDRICAL_SURFACE('',#15317,5.5E-02);
#15317 = AXIS2_PLACEMENT_3D('',#15318,#15319,#15320);
#15318 = CARTESIAN_POINT('',(1.255,-0.8,0.495));
#15319 = DIRECTION('',(0.,1.,0.));
#15320 = DIRECTION('',(-1.,0.,0.));
#15321 = ADVANCED_FACE('',(#15322),#15333,.T.);
#15322 = FACE_BOUND('',#15323,.T.);
#15323 = EDGE_LOOP('',(#15324,#15325,#15326,#15327));
#15324 = ORIENTED_EDGE('',*,*,#15075,.F.);
#15325 = ORIENTED_EDGE('',*,*,#15311,.T.);
#15326 = ORIENTED_EDGE('',*,*,#15192,.T.);
#15327 = ORIENTED_EDGE('',*,*,#15328,.F.);
#15328 = EDGE_CURVE('',#15068,#15185,#15329,.T.);
#15329 = LINE('',#15330,#15331);
#15330 = CARTESIAN_POINT('',(1.2,-0.8,0.55));
#15331 = VECTOR('',#15332,1.);
#15332 = DIRECTION('',(0.,1.,0.));
#15333 = PLANE('',#15334);
#15334 = AXIS2_PLACEMENT_3D('',#15335,#15336,#15337);
#15335 = CARTESIAN_POINT('',(1.2,-0.8,0.495));
#15336 = DIRECTION('',(1.,0.,0.));
#15337 = DIRECTION('',(0.,0.,1.));
#15338 = ADVANCED_FACE('',(#15339),#15345,.T.);
#15339 = FACE_BOUND('',#15340,.T.);
#15340 = EDGE_LOOP('',(#15341,#15342,#15343,#15344));
#15341 = ORIENTED_EDGE('',*,*,#15099,.F.);
#15342 = ORIENTED_EDGE('',*,*,#15067,.T.);
#15343 = ORIENTED_EDGE('',*,*,#15328,.T.);
#15344 = ORIENTED_EDGE('',*,*,#15184,.F.);
#15345 = PLANE('',#15346);
#15346 = AXIS2_PLACEMENT_3D('',#15347,#15348,#15349);
#15347 = CARTESIAN_POINT('',(-1.2,-0.8,0.55));
#15348 = DIRECTION('',(0.,0.,1.));
#15349 = DIRECTION('',(1.,0.,-0.));
#15350 = ( GEOMETRIC_REPRESENTATION_CONTEXT(3) 
GLOBAL_UNCERTAINTY_ASSIGNED_CONTEXT((#15354)) 
GLOBAL_UNIT_ASSIGNED_CONTEXT((#15351,#15352,#15353)) 
REPRESENTATION_CONTEXT('Context #1',
  '3D Context with UNIT and UNCERTAINTY') );
#15351 = ( LENGTH_UNIT() NAMED_UNIT(*) SI_UNIT(.MILLI.,.METRE.) );
#15352 = ( NAMED_UNIT(*) PLANE_ANGLE_UNIT() SI_UNIT($,.RADIAN.) );
#15353 = ( NAMED_UNIT(*) SI_UNIT($,.STERADIAN.) SOLID_ANGLE_UNIT() );
#15354 = UNCERTAINTY_MEASURE_WITH_UNIT(LENGTH_MEASURE(1.E-07),#15351,
  'distance_accuracy_value','confusion accuracy');
#15355 = CONTEXT_DEPENDENT_SHAPE_REPRESENTATION(#15356,#15358);
#15356 = ( REPRESENTATION_RELATIONSHIP('','',#14559,#10) 
REPRESENTATION_RELATIONSHIP_WITH_TRANSFORMATION(#15357) 
SHAPE_REPRESENTATION_RELATIONSHIP() );
#15357 = ITEM_DEFINED_TRANSFORMATION('','',#11,#87);
#15358 = PRODUCT_DEFINITION_SHAPE('Placement','Placement of an item',
  #15359);
#15359 = NEXT_ASSEMBLY_USAGE_OCCURRENCE('19','R1','',#5,#14554,$);
#15360 = PRODUCT_RELATED_PRODUCT_CATEGORY('part',$,(#14556));
#15361 = SHAPE_DEFINITION_REPRESENTATION(#15362,#15368);
#15362 = PRODUCT_DEFINITION_SHAPE('','',#15363);
#15363 = PRODUCT_DEFINITION('design','',#15364,#15367);
#15364 = PRODUCT_DEFINITION_FORMATION('','',#15365);
#15365 = PRODUCT('kibot_7vxjpiwb_PCB','kibot_7vxjpiwb_PCB','',(#15366));
#15366 = PRODUCT_CONTEXT('',#2,'mechanical');
#15367 = PRODUCT_DEFINITION_CONTEXT('part definition',#2,'design');
#15368 = ADVANCED_BREP_SHAPE_REPRESENTATION('',(#11,#15369),#17414);
#15369 = MANIFOLD_SOLID_BREP('',#15370);
#15370 = CLOSED_SHELL('',(#15371,#15413,#15444,#15475,#16022,#16569,
    #16586,#16603,#16620,#16637,#16649,#16666,#16683,#16700,#16717,
    #16734,#16751,#16768,#16785,#16802,#16819,#16836,#16853,#16870,
    #16887,#16904,#16921,#16938,#16955,#16972,#16989,#17006,#17023,
    #17040,#17057,#17074,#17091,#17108,#17125,#17142,#17159,#17176,
    #17193,#17210,#17227,#17244,#17261,#17278,#17295,#17312,#17329,
    #17346,#17363,#17380,#17397));
#15371 = ADVANCED_FACE('',(#15372),#15408,.T.);
#15372 = FACE_BOUND('',#15373,.T.);
#15373 = EDGE_LOOP('',(#15374,#15384,#15393,#15401));
#15374 = ORIENTED_EDGE('',*,*,#15375,.T.);
#15375 = EDGE_CURVE('',#15376,#15378,#15380,.T.);
#15376 = VERTEX_POINT('',#15377);
#15377 = CARTESIAN_POINT('',(13.,19.,0.));
#15378 = VERTEX_POINT('',#15379);
#15379 = CARTESIAN_POINT('',(13.,19.,1.48));
#15380 = LINE('',#15381,#15382);
#15381 = CARTESIAN_POINT('',(13.,19.,0.));
#15382 = VECTOR('',#15383,1.);
#15383 = DIRECTION('',(0.,0.,1.));
#15384 = ORIENTED_EDGE('',*,*,#15385,.T.);
#15385 = EDGE_CURVE('',#15378,#15386,#15388,.T.);
#15386 = VERTEX_POINT('',#15387);
#15387 = CARTESIAN_POINT('',(19.,13.,1.48));
#15388 = CIRCLE('',#15389,5.999998931759);
#15389 = AXIS2_PLACEMENT_3D('',#15390,#15391,#15392);
#15390 = CARTESIAN_POINT('',(13.000001068241,13.000001068241,1.48));
#15391 = DIRECTION('',(0.,0.,-1.));
#15392 = DIRECTION('',(-1.780402560395E-07,1.,0.));
#15393 = ORIENTED_EDGE('',*,*,#15394,.F.);
#15394 = EDGE_CURVE('',#15395,#15386,#15397,.T.);
#15395 = VERTEX_POINT('',#15396);
#15396 = CARTESIAN_POINT('',(19.,13.,0.));
#15397 = LINE('',#15398,#15399);
#15398 = CARTESIAN_POINT('',(19.,13.,0.));
#15399 = VECTOR('',#15400,1.);
#15400 = DIRECTION('',(0.,0.,1.));
#15401 = ORIENTED_EDGE('',*,*,#15402,.F.);
#15402 = EDGE_CURVE('',#15376,#15395,#15403,.T.);
#15403 = CIRCLE('',#15404,5.999998931759);
#15404 = AXIS2_PLACEMENT_3D('',#15405,#15406,#15407);
#15405 = CARTESIAN_POINT('',(13.000001068241,13.000001068241,0.));
#15406 = DIRECTION('',(0.,0.,-1.));
#15407 = DIRECTION('',(-1.780402560395E-07,1.,0.));
#15408 = CYLINDRICAL_SURFACE('',#15409,5.999998931759);
#15409 = AXIS2_PLACEMENT_3D('',#15410,#15411,#15412);
#15410 = CARTESIAN_POINT('',(13.000001068241,13.000001068241,0.));
#15411 = DIRECTION('',(0.,0.,-1.));
#15412 = DIRECTION('',(-1.780402560395E-07,1.,0.));
#15413 = ADVANCED_FACE('',(#15414),#15439,.T.);
#15414 = FACE_BOUND('',#15415,.T.);
#15415 = EDGE_LOOP('',(#15416,#15426,#15432,#15433));
#15416 = ORIENTED_EDGE('',*,*,#15417,.T.);
#15417 = EDGE_CURVE('',#15418,#15420,#15422,.T.);
#15418 = VERTEX_POINT('',#15419);
#15419 = CARTESIAN_POINT('',(-13.,19.,0.));
#15420 = VERTEX_POINT('',#15421);
#15421 = CARTESIAN_POINT('',(-13.,19.,1.48));
#15422 = LINE('',#15423,#15424);
#15423 = CARTESIAN_POINT('',(-13.,19.,0.));
#15424 = VECTOR('',#15425,1.);
#15425 = DIRECTION('',(0.,0.,1.));
#15426 = ORIENTED_EDGE('',*,*,#15427,.T.);
#15427 = EDGE_CURVE('',#15420,#15378,#15428,.T.);
#15428 = LINE('',#15429,#15430);
#15429 = CARTESIAN_POINT('',(-13.,19.,1.48));
#15430 = VECTOR('',#15431,1.);
#15431 = DIRECTION('',(1.,0.,0.));
#15432 = ORIENTED_EDGE('',*,*,#15375,.F.);
#15433 = ORIENTED_EDGE('',*,*,#15434,.F.);
#15434 = EDGE_CURVE('',#15418,#15376,#15435,.T.);
#15435 = LINE('',#15436,#15437);
#15436 = CARTESIAN_POINT('',(-13.,19.,0.));
#15437 = VECTOR('',#15438,1.);
#15438 = DIRECTION('',(1.,0.,0.));
#15439 = PLANE('',#15440);
#15440 = AXIS2_PLACEMENT_3D('',#15441,#15442,#15443);
#15441 = CARTESIAN_POINT('',(-13.,19.,0.));
#15442 = DIRECTION('',(0.,1.,0.));
#15443 = DIRECTION('',(1.,0.,0.));
#15444 = ADVANCED_FACE('',(#15445),#15470,.T.);
#15445 = FACE_BOUND('',#15446,.T.);
#15446 = EDGE_LOOP('',(#15447,#15448,#15456,#15464));
#15447 = ORIENTED_EDGE('',*,*,#15394,.T.);
#15448 = ORIENTED_EDGE('',*,*,#15449,.T.);
#15449 = EDGE_CURVE('',#15386,#15450,#15452,.T.);
#15450 = VERTEX_POINT('',#15451);
#15451 = CARTESIAN_POINT('',(19.,-13.,1.48));
#15452 = LINE('',#15453,#15454);
#15453 = CARTESIAN_POINT('',(19.,13.,1.48));
#15454 = VECTOR('',#15455,1.);
#15455 = DIRECTION('',(0.,-1.,0.));
#15456 = ORIENTED_EDGE('',*,*,#15457,.F.);
#15457 = EDGE_CURVE('',#15458,#15450,#15460,.T.);
#15458 = VERTEX_POINT('',#15459);
#15459 = CARTESIAN_POINT('',(19.,-13.,0.));
#15460 = LINE('',#15461,#15462);
#15461 = CARTESIAN_POINT('',(19.,-13.,0.));
#15462 = VECTOR('',#15463,1.);
#15463 = DIRECTION('',(0.,0.,1.));
#15464 = ORIENTED_EDGE('',*,*,#15465,.F.);
#15465 = EDGE_CURVE('',#15395,#15458,#15466,.T.);
#15466 = LINE('',#15467,#15468);
#15467 = CARTESIAN_POINT('',(19.,13.,0.));
#15468 = VECTOR('',#15469,1.);
#15469 = DIRECTION('',(0.,-1.,0.));
#15470 = PLANE('',#15471);
#15471 = AXIS2_PLACEMENT_3D('',#15472,#15473,#15474);
#15472 = CARTESIAN_POINT('',(19.,13.,0.));
#15473 = DIRECTION('',(1.,0.,-0.));
#15474 = DIRECTION('',(0.,-1.,0.));
#15475 = ADVANCED_FACE('',(#15476,#15522,#15533,#15544,#15555,#15566,
    #15577,#15588,#15599,#15610,#15621,#15632,#15643,#15654,#15665,
    #15676,#15687,#15698,#15709,#15720,#15731,#15742,#15753,#15764,
    #15775,#15786,#15797,#15808,#15819,#15830,#15841,#15852,#15863,
    #15874,#15885,#15896,#15907,#15918,#15929,#15940,#15951,#15962,
    #15973,#15984,#15995,#16006),#16017,.F.);
#15476 = FACE_BOUND('',#15477,.F.);
#15477 = EDGE_LOOP('',(#15478,#15479,#15480,#15489,#15497,#15506,#15514,
    #15521));
#15478 = ORIENTED_EDGE('',*,*,#15402,.F.);
#15479 = ORIENTED_EDGE('',*,*,#15434,.F.);
#15480 = ORIENTED_EDGE('',*,*,#15481,.F.);
#15481 = EDGE_CURVE('',#15482,#15418,#15484,.T.);
#15482 = VERTEX_POINT('',#15483);
#15483 = CARTESIAN_POINT('',(-19.,13.,0.));
#15484 = CIRCLE('',#15485,5.999998931759);
#15485 = AXIS2_PLACEMENT_3D('',#15486,#15487,#15488);
#15486 = CARTESIAN_POINT('',(-13.00000106824,13.000001068241,0.));
#15487 = DIRECTION('',(0.,0.,-1.));
#15488 = DIRECTION('',(-1.,-1.780402560395E-07,-0.));
#15489 = ORIENTED_EDGE('',*,*,#15490,.F.);
#15490 = EDGE_CURVE('',#15491,#15482,#15493,.T.);
#15491 = VERTEX_POINT('',#15492);
#15492 = CARTESIAN_POINT('',(-19.,-13.,0.));
#15493 = LINE('',#15494,#15495);
#15494 = CARTESIAN_POINT('',(-19.,-13.,0.));
#15495 = VECTOR('',#15496,1.);
#15496 = DIRECTION('',(0.,1.,0.));
#15497 = ORIENTED_EDGE('',*,*,#15498,.F.);
#15498 = EDGE_CURVE('',#15499,#15491,#15501,.T.);
#15499 = VERTEX_POINT('',#15500);
#15500 = CARTESIAN_POINT('',(-13.,-19.,0.));
#15501 = CIRCLE('',#15502,5.999998931759);
#15502 = AXIS2_PLACEMENT_3D('',#15503,#15504,#15505);
#15503 = CARTESIAN_POINT('',(-13.00000106824,-13.00000106824,0.));
#15504 = DIRECTION('',(0.,0.,-1.));
#15505 = DIRECTION('',(1.780402560395E-07,-1.,0.));
#15506 = ORIENTED_EDGE('',*,*,#15507,.F.);
#15507 = EDGE_CURVE('',#15508,#15499,#15510,.T.);
#15508 = VERTEX_POINT('',#15509);
#15509 = CARTESIAN_POINT('',(13.,-19.,0.));
#15510 = LINE('',#15511,#15512);
#15511 = CARTESIAN_POINT('',(13.,-19.,0.));
#15512 = VECTOR('',#15513,1.);
#15513 = DIRECTION('',(-1.,0.,0.));
#15514 = ORIENTED_EDGE('',*,*,#15515,.F.);
#15515 = EDGE_CURVE('',#15458,#15508,#15516,.T.);
#15516 = CIRCLE('',#15517,5.999998931759);
#15517 = AXIS2_PLACEMENT_3D('',#15518,#15519,#15520);
#15518 = CARTESIAN_POINT('',(13.000001068241,-13.00000106824,0.));
#15519 = DIRECTION('',(0.,0.,-1.));
#15520 = DIRECTION('',(1.,1.780402560395E-07,0.));
#15521 = ORIENTED_EDGE('',*,*,#15465,.F.);
#15522 = FACE_BOUND('',#15523,.F.);
#15523 = EDGE_LOOP('',(#15524));
#15524 = ORIENTED_EDGE('',*,*,#15525,.T.);
#15525 = EDGE_CURVE('',#15526,#15526,#15528,.T.);
#15526 = VERTEX_POINT('',#15527);
#15527 = CARTESIAN_POINT('',(-14.697056,-14.947056,0.));
#15528 = CIRCLE('',#15529,0.25);
#15529 = AXIS2_PLACEMENT_3D('',#15530,#15531,#15532);
#15530 = CARTESIAN_POINT('',(-14.697056,-14.697056,0.));
#15531 = DIRECTION('',(-0.,0.,-1.));
#15532 = DIRECTION('',(-0.,-1.,0.));
#15533 = FACE_BOUND('',#15534,.F.);
#15534 = EDGE_LOOP('',(#15535));
#15535 = ORIENTED_EDGE('',*,*,#15536,.T.);
#15536 = EDGE_CURVE('',#15537,#15537,#15539,.T.);
#15537 = VERTEX_POINT('',#15538);
#15538 = CARTESIAN_POINT('',(-13.,-15.65,0.));
#15539 = CIRCLE('',#15540,0.25);
#15540 = AXIS2_PLACEMENT_3D('',#15541,#15542,#15543);
#15541 = CARTESIAN_POINT('',(-13.,-15.4,0.));
#15542 = DIRECTION('',(-0.,0.,-1.));
#15543 = DIRECTION('',(-0.,-1.,0.));
#15544 = FACE_BOUND('',#15545,.F.);
#15545 = EDGE_LOOP('',(#15546));
#15546 = ORIENTED_EDGE('',*,*,#15547,.T.);
#15547 = EDGE_CURVE('',#15548,#15548,#15550,.T.);
#15548 = VERTEX_POINT('',#15549);
#15549 = CARTESIAN_POINT('',(-15.4,-13.25,0.));
#15550 = CIRCLE('',#15551,0.25);
#15551 = AXIS2_PLACEMENT_3D('',#15552,#15553,#15554);
#15552 = CARTESIAN_POINT('',(-15.4,-13.,0.));
#15553 = DIRECTION('',(-0.,0.,-1.));
#15554 = DIRECTION('',(-0.,-1.,0.));
#15555 = FACE_BOUND('',#15556,.F.);
#15556 = EDGE_LOOP('',(#15557));
#15557 = ORIENTED_EDGE('',*,*,#15558,.T.);
#15558 = EDGE_CURVE('',#15559,#15559,#15561,.T.);
#15559 = VERTEX_POINT('',#15560);
#15560 = CARTESIAN_POINT('',(-13.,-14.6,0.));
#15561 = CIRCLE('',#15562,1.6);
#15562 = AXIS2_PLACEMENT_3D('',#15563,#15564,#15565);
#15563 = CARTESIAN_POINT('',(-13.,-13.,0.));
#15564 = DIRECTION('',(-0.,0.,-1.));
#15565 = DIRECTION('',(-0.,-1.,0.));
#15566 = FACE_BOUND('',#15567,.F.);
#15567 = EDGE_LOOP('',(#15568));
#15568 = ORIENTED_EDGE('',*,*,#15569,.T.);
#15569 = EDGE_CURVE('',#15570,#15570,#15572,.T.);
#15570 = VERTEX_POINT('',#15571);
#15571 = CARTESIAN_POINT('',(-11.302944,-14.947056,0.));
#15572 = CIRCLE('',#15573,0.25);
#15573 = AXIS2_PLACEMENT_3D('',#15574,#15575,#15576);
#15574 = CARTESIAN_POINT('',(-11.302944,-14.697056,0.));
#15575 = DIRECTION('',(-0.,0.,-1.));
#15576 = DIRECTION('',(-0.,-1.,0.));
#15577 = FACE_BOUND('',#15578,.F.);
#15578 = EDGE_LOOP('',(#15579));
#15579 = ORIENTED_EDGE('',*,*,#15580,.T.);
#15580 = EDGE_CURVE('',#15581,#15581,#15583,.T.);
#15581 = VERTEX_POINT('',#15582);
#15582 = CARTESIAN_POINT('',(-10.6,-13.25,0.));
#15583 = CIRCLE('',#15584,0.25);
#15584 = AXIS2_PLACEMENT_3D('',#15585,#15586,#15587);
#15585 = CARTESIAN_POINT('',(-10.6,-13.,0.));
#15586 = DIRECTION('',(-0.,0.,-1.));
#15587 = DIRECTION('',(-0.,-1.,0.));
#15588 = FACE_BOUND('',#15589,.F.);
#15589 = EDGE_LOOP('',(#15590));
#15590 = ORIENTED_EDGE('',*,*,#15591,.T.);
#15591 = EDGE_CURVE('',#15592,#15592,#15594,.T.);
#15592 = VERTEX_POINT('',#15593);
#15593 = CARTESIAN_POINT('',(-14.697056,-11.552944,0.));
#15594 = CIRCLE('',#15595,0.25);
#15595 = AXIS2_PLACEMENT_3D('',#15596,#15597,#15598);
#15596 = CARTESIAN_POINT('',(-14.697056,-11.302944,0.));
#15597 = DIRECTION('',(-0.,0.,-1.));
#15598 = DIRECTION('',(-0.,-1.,0.));
#15599 = FACE_BOUND('',#15600,.F.);
#15600 = EDGE_LOOP('',(#15601));
#15601 = ORIENTED_EDGE('',*,*,#15602,.T.);
#15602 = EDGE_CURVE('',#15603,#15603,#15605,.T.);
#15603 = VERTEX_POINT('',#15604);
#15604 = CARTESIAN_POINT('',(-13.,-10.85,0.));
#15605 = CIRCLE('',#15606,0.25);
#15606 = AXIS2_PLACEMENT_3D('',#15607,#15608,#15609);
#15607 = CARTESIAN_POINT('',(-13.,-10.6,0.));
#15608 = DIRECTION('',(-0.,0.,-1.));
#15609 = DIRECTION('',(-0.,-1.,0.));
#15610 = FACE_BOUND('',#15611,.F.);
#15611 = EDGE_LOOP('',(#15612));
#15612 = ORIENTED_EDGE('',*,*,#15613,.T.);
#15613 = EDGE_CURVE('',#15614,#15614,#15616,.T.);
#15614 = VERTEX_POINT('',#15615);
#15615 = CARTESIAN_POINT('',(-11.302944,-11.552944,0.));
#15616 = CIRCLE('',#15617,0.25);
#15617 = AXIS2_PLACEMENT_3D('',#15618,#15619,#15620);
#15618 = CARTESIAN_POINT('',(-11.302944,-11.302944,0.));
#15619 = DIRECTION('',(-0.,0.,-1.));
#15620 = DIRECTION('',(-0.,-1.,0.));
#15621 = FACE_BOUND('',#15622,.F.);
#15622 = EDGE_LOOP('',(#15623));
#15623 = ORIENTED_EDGE('',*,*,#15624,.T.);
#15624 = EDGE_CURVE('',#15625,#15625,#15627,.T.);
#15625 = VERTEX_POINT('',#15626);
#15626 = CARTESIAN_POINT('',(-2.4,-10.25,0.));
#15627 = CIRCLE('',#15628,0.25);
#15628 = AXIS2_PLACEMENT_3D('',#15629,#15630,#15631);
#15629 = CARTESIAN_POINT('',(-2.4,-10.,0.));
#15630 = DIRECTION('',(-0.,0.,-1.));
#15631 = DIRECTION('',(-0.,-1.,0.));
#15632 = FACE_BOUND('',#15633,.F.);
#15633 = EDGE_LOOP('',(#15634));
#15634 = ORIENTED_EDGE('',*,*,#15635,.T.);
#15635 = EDGE_CURVE('',#15636,#15636,#15638,.T.);
#15636 = VERTEX_POINT('',#15637);
#15637 = CARTESIAN_POINT('',(-1.697056,-11.947056,0.));
#15638 = CIRCLE('',#15639,0.25);
#15639 = AXIS2_PLACEMENT_3D('',#15640,#15641,#15642);
#15640 = CARTESIAN_POINT('',(-1.697056,-11.697056,0.));
#15641 = DIRECTION('',(-0.,0.,-1.));
#15642 = DIRECTION('',(-0.,-1.,0.));
#15643 = FACE_BOUND('',#15644,.F.);
#15644 = EDGE_LOOP('',(#15645));
#15645 = ORIENTED_EDGE('',*,*,#15646,.T.);
#15646 = EDGE_CURVE('',#15647,#15647,#15649,.T.);
#15647 = VERTEX_POINT('',#15648);
#15648 = CARTESIAN_POINT('',(-1.697056,-8.552944,0.));
#15649 = CIRCLE('',#15650,0.25);
#15650 = AXIS2_PLACEMENT_3D('',#15651,#15652,#15653);
#15651 = CARTESIAN_POINT('',(-1.697056,-8.302944,0.));
#15652 = DIRECTION('',(-0.,0.,-1.));
#15653 = DIRECTION('',(-0.,-1.,0.));
#15654 = FACE_BOUND('',#15655,.F.);
#15655 = EDGE_LOOP('',(#15656));
#15656 = ORIENTED_EDGE('',*,*,#15657,.T.);
#15657 = EDGE_CURVE('',#15658,#15658,#15660,.T.);
#15658 = VERTEX_POINT('',#15659);
#15659 = CARTESIAN_POINT('',(0.,-12.65,0.));
#15660 = CIRCLE('',#15661,0.25);
#15661 = AXIS2_PLACEMENT_3D('',#15662,#15663,#15664);
#15662 = CARTESIAN_POINT('',(-1.387778780781E-17,-12.4,0.));
#15663 = DIRECTION('',(-0.,0.,-1.));
#15664 = DIRECTION('',(5.551115123126E-17,-1.,-0.));
#15665 = FACE_BOUND('',#15666,.F.);
#15666 = EDGE_LOOP('',(#15667));
#15667 = ORIENTED_EDGE('',*,*,#15668,.T.);
#15668 = EDGE_CURVE('',#15669,#15669,#15671,.T.);
#15669 = VERTEX_POINT('',#15670);
#15670 = CARTESIAN_POINT('',(1.697056,-11.947056,0.));
#15671 = CIRCLE('',#15672,0.25);
#15672 = AXIS2_PLACEMENT_3D('',#15673,#15674,#15675);
#15673 = CARTESIAN_POINT('',(1.697056,-11.697056,0.));
#15674 = DIRECTION('',(-0.,0.,-1.));
#15675 = DIRECTION('',(-0.,-1.,0.));
#15676 = FACE_BOUND('',#15677,.F.);
#15677 = EDGE_LOOP('',(#15678));
#15678 = ORIENTED_EDGE('',*,*,#15679,.T.);
#15679 = EDGE_CURVE('',#15680,#15680,#15682,.T.);
#15680 = VERTEX_POINT('',#15681);
#15681 = CARTESIAN_POINT('',(0.,-11.6,0.));
#15682 = CIRCLE('',#15683,1.6);
#15683 = AXIS2_PLACEMENT_3D('',#15684,#15685,#15686);
#15684 = CARTESIAN_POINT('',(-1.110223024625E-16,-10.,0.));
#15685 = DIRECTION('',(-0.,0.,-1.));
#15686 = DIRECTION('',(6.938893903907E-17,-1.,-0.));
#15687 = FACE_BOUND('',#15688,.F.);
#15688 = EDGE_LOOP('',(#15689));
#15689 = ORIENTED_EDGE('',*,*,#15690,.T.);
#15690 = EDGE_CURVE('',#15691,#15691,#15693,.T.);
#15691 = VERTEX_POINT('',#15692);
#15692 = CARTESIAN_POINT('',(2.4,-10.25,0.));
#15693 = CIRCLE('',#15694,0.25);
#15694 = AXIS2_PLACEMENT_3D('',#15695,#15696,#15697);
#15695 = CARTESIAN_POINT('',(2.4,-10.,0.));
#15696 = DIRECTION('',(-0.,0.,-1.));
#15697 = DIRECTION('',(-0.,-1.,0.));
#15698 = FACE_BOUND('',#15699,.F.);
#15699 = EDGE_LOOP('',(#15700));
#15700 = ORIENTED_EDGE('',*,*,#15701,.T.);
#15701 = EDGE_CURVE('',#15702,#15702,#15704,.T.);
#15702 = VERTEX_POINT('',#15703);
#15703 = CARTESIAN_POINT('',(1.697056,-8.552944,0.));
#15704 = CIRCLE('',#15705,0.25);
#15705 = AXIS2_PLACEMENT_3D('',#15706,#15707,#15708);
#15706 = CARTESIAN_POINT('',(1.697056,-8.302944,0.));
#15707 = DIRECTION('',(-0.,0.,-1.));
#15708 = DIRECTION('',(-0.,-1.,0.));
#15709 = FACE_BOUND('',#15710,.F.);
#15710 = EDGE_LOOP('',(#15711));
#15711 = ORIENTED_EDGE('',*,*,#15712,.T.);
#15712 = EDGE_CURVE('',#15713,#15713,#15715,.T.);
#15713 = VERTEX_POINT('',#15714);
#15714 = CARTESIAN_POINT('',(11.302944,-14.947056,0.));
#15715 = CIRCLE('',#15716,0.25);
#15716 = AXIS2_PLACEMENT_3D('',#15717,#15718,#15719);
#15717 = CARTESIAN_POINT('',(11.302944,-14.697056,0.));
#15718 = DIRECTION('',(-0.,0.,-1.));
#15719 = DIRECTION('',(-0.,-1.,0.));
#15720 = FACE_BOUND('',#15721,.F.);
#15721 = EDGE_LOOP('',(#15722));
#15722 = ORIENTED_EDGE('',*,*,#15723,.T.);
#15723 = EDGE_CURVE('',#15724,#15724,#15726,.T.);
#15724 = VERTEX_POINT('',#15725);
#15725 = CARTESIAN_POINT('',(10.6,-13.25,0.));
#15726 = CIRCLE('',#15727,0.25);
#15727 = AXIS2_PLACEMENT_3D('',#15728,#15729,#15730);
#15728 = CARTESIAN_POINT('',(10.6,-13.,0.));
#15729 = DIRECTION('',(-0.,0.,-1.));
#15730 = DIRECTION('',(-0.,-1.,0.));
#15731 = FACE_BOUND('',#15732,.F.);
#15732 = EDGE_LOOP('',(#15733));
#15733 = ORIENTED_EDGE('',*,*,#15734,.T.);
#15734 = EDGE_CURVE('',#15735,#15735,#15737,.T.);
#15735 = VERTEX_POINT('',#15736);
#15736 = CARTESIAN_POINT('',(13.,-15.65,0.));
#15737 = CIRCLE('',#15738,0.25);
#15738 = AXIS2_PLACEMENT_3D('',#15739,#15740,#15741);
#15739 = CARTESIAN_POINT('',(13.,-15.4,0.));
#15740 = DIRECTION('',(-0.,0.,-1.));
#15741 = DIRECTION('',(-0.,-1.,0.));
#15742 = FACE_BOUND('',#15743,.F.);
#15743 = EDGE_LOOP('',(#15744));
#15744 = ORIENTED_EDGE('',*,*,#15745,.T.);
#15745 = EDGE_CURVE('',#15746,#15746,#15748,.T.);
#15746 = VERTEX_POINT('',#15747);
#15747 = CARTESIAN_POINT('',(14.697056,-14.947056,0.));
#15748 = CIRCLE('',#15749,0.25);
#15749 = AXIS2_PLACEMENT_3D('',#15750,#15751,#15752);
#15750 = CARTESIAN_POINT('',(14.697056,-14.697056,0.));
#15751 = DIRECTION('',(-0.,0.,-1.));
#15752 = DIRECTION('',(-0.,-1.,0.));
#15753 = FACE_BOUND('',#15754,.F.);
#15754 = EDGE_LOOP('',(#15755));
#15755 = ORIENTED_EDGE('',*,*,#15756,.T.);
#15756 = EDGE_CURVE('',#15757,#15757,#15759,.T.);
#15757 = VERTEX_POINT('',#15758);
#15758 = CARTESIAN_POINT('',(13.,-14.6,0.));
#15759 = CIRCLE('',#15760,1.6);
#15760 = AXIS2_PLACEMENT_3D('',#15761,#15762,#15763);
#15761 = CARTESIAN_POINT('',(13.,-13.,0.));
#15762 = DIRECTION('',(-0.,0.,-1.));
#15763 = DIRECTION('',(-0.,-1.,0.));
#15764 = FACE_BOUND('',#15765,.F.);
#15765 = EDGE_LOOP('',(#15766));
#15766 = ORIENTED_EDGE('',*,*,#15767,.T.);
#15767 = EDGE_CURVE('',#15768,#15768,#15770,.T.);
#15768 = VERTEX_POINT('',#15769);
#15769 = CARTESIAN_POINT('',(15.4,-13.25,0.));
#15770 = CIRCLE('',#15771,0.25);
#15771 = AXIS2_PLACEMENT_3D('',#15772,#15773,#15774);
#15772 = CARTESIAN_POINT('',(15.4,-13.,0.));
#15773 = DIRECTION('',(-0.,0.,-1.));
#15774 = DIRECTION('',(-0.,-1.,0.));
#15775 = FACE_BOUND('',#15776,.F.);
#15776 = EDGE_LOOP('',(#15777));
#15777 = ORIENTED_EDGE('',*,*,#15778,.T.);
#15778 = EDGE_CURVE('',#15779,#15779,#15781,.T.);
#15779 = VERTEX_POINT('',#15780);
#15780 = CARTESIAN_POINT('',(11.302944,-11.552944,0.));
#15781 = CIRCLE('',#15782,0.25);
#15782 = AXIS2_PLACEMENT_3D('',#15783,#15784,#15785);
#15783 = CARTESIAN_POINT('',(11.302944,-11.302944,0.));
#15784 = DIRECTION('',(-0.,0.,-1.));
#15785 = DIRECTION('',(-0.,-1.,0.));
#15786 = FACE_BOUND('',#15787,.F.);
#15787 = EDGE_LOOP('',(#15788));
#15788 = ORIENTED_EDGE('',*,*,#15789,.T.);
#15789 = EDGE_CURVE('',#15790,#15790,#15792,.T.);
#15790 = VERTEX_POINT('',#15791);
#15791 = CARTESIAN_POINT('',(13.,-10.85,0.));
#15792 = CIRCLE('',#15793,0.25);
#15793 = AXIS2_PLACEMENT_3D('',#15794,#15795,#15796);
#15794 = CARTESIAN_POINT('',(13.,-10.6,0.));
#15795 = DIRECTION('',(-0.,0.,-1.));
#15796 = DIRECTION('',(-0.,-1.,0.));
#15797 = FACE_BOUND('',#15798,.F.);
#15798 = EDGE_LOOP('',(#15799));
#15799 = ORIENTED_EDGE('',*,*,#15800,.T.);
#15800 = EDGE_CURVE('',#15801,#15801,#15803,.T.);
#15801 = VERTEX_POINT('',#15802);
#15802 = CARTESIAN_POINT('',(14.697056,-11.552944,0.));
#15803 = CIRCLE('',#15804,0.25);
#15804 = AXIS2_PLACEMENT_3D('',#15805,#15806,#15807);
#15805 = CARTESIAN_POINT('',(14.697056,-11.302944,0.));
#15806 = DIRECTION('',(-0.,0.,-1.));
#15807 = DIRECTION('',(-0.,-1.,0.));
#15808 = FACE_BOUND('',#15809,.F.);
#15809 = EDGE_LOOP('',(#15810));
#15810 = ORIENTED_EDGE('',*,*,#15811,.T.);
#15811 = EDGE_CURVE('',#15812,#15812,#15814,.T.);
#15812 = VERTEX_POINT('',#15813);
#15813 = CARTESIAN_POINT('',(0.,-7.85,0.));
#15814 = CIRCLE('',#15815,0.25);
#15815 = AXIS2_PLACEMENT_3D('',#15816,#15817,#15818);
#15816 = CARTESIAN_POINT('',(-1.387778780781E-17,-7.6,0.));
#15817 = DIRECTION('',(-0.,0.,-1.));
#15818 = DIRECTION('',(5.551115123126E-17,-1.,-0.));
#15819 = FACE_BOUND('',#15820,.F.);
#15820 = EDGE_LOOP('',(#15821));
#15821 = ORIENTED_EDGE('',*,*,#15822,.T.);
#15822 = EDGE_CURVE('',#15823,#15823,#15825,.T.);
#15823 = VERTEX_POINT('',#15824);
#15824 = CARTESIAN_POINT('',(-14.697056,11.052944,0.));
#15825 = CIRCLE('',#15826,0.25);
#15826 = AXIS2_PLACEMENT_3D('',#15827,#15828,#15829);
#15827 = CARTESIAN_POINT('',(-14.697056,11.302944,0.));
#15828 = DIRECTION('',(-0.,0.,-1.));
#15829 = DIRECTION('',(-0.,-1.,0.));
#15830 = FACE_BOUND('',#15831,.F.);
#15831 = EDGE_LOOP('',(#15832));
#15832 = ORIENTED_EDGE('',*,*,#15833,.T.);
#15833 = EDGE_CURVE('',#15834,#15834,#15836,.T.);
#15834 = VERTEX_POINT('',#15835);
#15835 = CARTESIAN_POINT('',(-13.,10.35,0.));
#15836 = CIRCLE('',#15837,0.25);
#15837 = AXIS2_PLACEMENT_3D('',#15838,#15839,#15840);
#15838 = CARTESIAN_POINT('',(-13.,10.6,0.));
#15839 = DIRECTION('',(-0.,0.,-1.));
#15840 = DIRECTION('',(-0.,-1.,0.));
#15841 = FACE_BOUND('',#15842,.F.);
#15842 = EDGE_LOOP('',(#15843));
#15843 = ORIENTED_EDGE('',*,*,#15844,.T.);
#15844 = EDGE_CURVE('',#15845,#15845,#15847,.T.);
#15845 = VERTEX_POINT('',#15846);
#15846 = CARTESIAN_POINT('',(-11.302944,11.052944,0.));
#15847 = CIRCLE('',#15848,0.25);
#15848 = AXIS2_PLACEMENT_3D('',#15849,#15850,#15851);
#15849 = CARTESIAN_POINT('',(-11.302944,11.302944,0.));
#15850 = DIRECTION('',(-0.,0.,-1.));
#15851 = DIRECTION('',(-0.,-1.,0.));
#15852 = FACE_BOUND('',#15853,.F.);
#15853 = EDGE_LOOP('',(#15854));
#15854 = ORIENTED_EDGE('',*,*,#15855,.T.);
#15855 = EDGE_CURVE('',#15856,#15856,#15858,.T.);
#15856 = VERTEX_POINT('',#15857);
#15857 = CARTESIAN_POINT('',(-15.4,12.75,0.));
#15858 = CIRCLE('',#15859,0.25);
#15859 = AXIS2_PLACEMENT_3D('',#15860,#15861,#15862);
#15860 = CARTESIAN_POINT('',(-15.4,13.,0.));
#15861 = DIRECTION('',(-0.,0.,-1.));
#15862 = DIRECTION('',(-0.,-1.,0.));
#15863 = FACE_BOUND('',#15864,.F.);
#15864 = EDGE_LOOP('',(#15865));
#15865 = ORIENTED_EDGE('',*,*,#15866,.T.);
#15866 = EDGE_CURVE('',#15867,#15867,#15869,.T.);
#15867 = VERTEX_POINT('',#15868);
#15868 = CARTESIAN_POINT('',(-13.,11.4,0.));
#15869 = CIRCLE('',#15870,1.6);
#15870 = AXIS2_PLACEMENT_3D('',#15871,#15872,#15873);
#15871 = CARTESIAN_POINT('',(-13.,13.,0.));
#15872 = DIRECTION('',(-0.,0.,-1.));
#15873 = DIRECTION('',(-0.,-1.,0.));
#15874 = FACE_BOUND('',#15875,.F.);
#15875 = EDGE_LOOP('',(#15876));
#15876 = ORIENTED_EDGE('',*,*,#15877,.T.);
#15877 = EDGE_CURVE('',#15878,#15878,#15880,.T.);
#15878 = VERTEX_POINT('',#15879);
#15879 = CARTESIAN_POINT('',(-14.697056,14.447056,0.));
#15880 = CIRCLE('',#15881,0.25);
#15881 = AXIS2_PLACEMENT_3D('',#15882,#15883,#15884);
#15882 = CARTESIAN_POINT('',(-14.697056,14.697056,0.));
#15883 = DIRECTION('',(-0.,0.,-1.));
#15884 = DIRECTION('',(-0.,-1.,0.));
#15885 = FACE_BOUND('',#15886,.F.);
#15886 = EDGE_LOOP('',(#15887));
#15887 = ORIENTED_EDGE('',*,*,#15888,.T.);
#15888 = EDGE_CURVE('',#15889,#15889,#15891,.T.);
#15889 = VERTEX_POINT('',#15890);
#15890 = CARTESIAN_POINT('',(-13.,15.15,0.));
#15891 = CIRCLE('',#15892,0.25);
#15892 = AXIS2_PLACEMENT_3D('',#15893,#15894,#15895);
#15893 = CARTESIAN_POINT('',(-13.,15.4,0.));
#15894 = DIRECTION('',(-0.,0.,-1.));
#15895 = DIRECTION('',(-0.,-1.,0.));
#15896 = FACE_BOUND('',#15897,.F.);
#15897 = EDGE_LOOP('',(#15898));
#15898 = ORIENTED_EDGE('',*,*,#15899,.T.);
#15899 = EDGE_CURVE('',#15900,#15900,#15902,.T.);
#15900 = VERTEX_POINT('',#15901);
#15901 = CARTESIAN_POINT('',(-10.6,12.75,0.));
#15902 = CIRCLE('',#15903,0.25);
#15903 = AXIS2_PLACEMENT_3D('',#15904,#15905,#15906);
#15904 = CARTESIAN_POINT('',(-10.6,13.,0.));
#15905 = DIRECTION('',(-0.,0.,-1.));
#15906 = DIRECTION('',(-0.,-1.,0.));
#15907 = FACE_BOUND('',#15908,.F.);
#15908 = EDGE_LOOP('',(#15909));
#15909 = ORIENTED_EDGE('',*,*,#15910,.T.);
#15910 = EDGE_CURVE('',#15911,#15911,#15913,.T.);
#15911 = VERTEX_POINT('',#15912);
#15912 = CARTESIAN_POINT('',(-11.302944,14.447056,0.));
#15913 = CIRCLE('',#15914,0.25);
#15914 = AXIS2_PLACEMENT_3D('',#15915,#15916,#15917);
#15915 = CARTESIAN_POINT('',(-11.302944,14.697056,0.));
#15916 = DIRECTION('',(-0.,0.,-1.));
#15917 = DIRECTION('',(-0.,-1.,0.));
#15918 = FACE_BOUND('',#15919,.F.);
#15919 = EDGE_LOOP('',(#15920));
#15920 = ORIENTED_EDGE('',*,*,#15921,.T.);
#15921 = EDGE_CURVE('',#15922,#15922,#15924,.T.);
#15922 = VERTEX_POINT('',#15923);
#15923 = CARTESIAN_POINT('',(11.302944,11.052944,0.));
#15924 = CIRCLE('',#15925,0.25);
#15925 = AXIS2_PLACEMENT_3D('',#15926,#15927,#15928);
#15926 = CARTESIAN_POINT('',(11.302944,11.302944,0.));
#15927 = DIRECTION('',(-0.,0.,-1.));
#15928 = DIRECTION('',(-0.,-1.,0.));
#15929 = FACE_BOUND('',#15930,.F.);
#15930 = EDGE_LOOP('',(#15931));
#15931 = ORIENTED_EDGE('',*,*,#15932,.T.);
#15932 = EDGE_CURVE('',#15933,#15933,#15935,.T.);
#15933 = VERTEX_POINT('',#15934);
#15934 = CARTESIAN_POINT('',(13.,10.35,0.));
#15935 = CIRCLE('',#15936,0.25);
#15936 = AXIS2_PLACEMENT_3D('',#15937,#15938,#15939);
#15937 = CARTESIAN_POINT('',(13.,10.6,0.));
#15938 = DIRECTION('',(-0.,0.,-1.));
#15939 = DIRECTION('',(-0.,-1.,0.));
#15940 = FACE_BOUND('',#15941,.F.);
#15941 = EDGE_LOOP('',(#15942));
#15942 = ORIENTED_EDGE('',*,*,#15943,.T.);
#15943 = EDGE_CURVE('',#15944,#15944,#15946,.T.);
#15944 = VERTEX_POINT('',#15945);
#15945 = CARTESIAN_POINT('',(14.697056,11.052944,0.));
#15946 = CIRCLE('',#15947,0.25);
#15947 = AXIS2_PLACEMENT_3D('',#15948,#15949,#15950);
#15948 = CARTESIAN_POINT('',(14.697056,11.302944,0.));
#15949 = DIRECTION('',(-0.,0.,-1.));
#15950 = DIRECTION('',(-0.,-1.,0.));
#15951 = FACE_BOUND('',#15952,.F.);
#15952 = EDGE_LOOP('',(#15953));
#15953 = ORIENTED_EDGE('',*,*,#15954,.T.);
#15954 = EDGE_CURVE('',#15955,#15955,#15957,.T.);
#15955 = VERTEX_POINT('',#15956);
#15956 = CARTESIAN_POINT('',(10.6,12.75,0.));
#15957 = CIRCLE('',#15958,0.25);
#15958 = AXIS2_PLACEMENT_3D('',#15959,#15960,#15961);
#15959 = CARTESIAN_POINT('',(10.6,13.,0.));
#15960 = DIRECTION('',(-0.,0.,-1.));
#15961 = DIRECTION('',(-0.,-1.,0.));
#15962 = FACE_BOUND('',#15963,.F.);
#15963 = EDGE_LOOP('',(#15964));
#15964 = ORIENTED_EDGE('',*,*,#15965,.T.);
#15965 = EDGE_CURVE('',#15966,#15966,#15968,.T.);
#15966 = VERTEX_POINT('',#15967);
#15967 = CARTESIAN_POINT('',(11.302944,14.447056,0.));
#15968 = CIRCLE('',#15969,0.25);
#15969 = AXIS2_PLACEMENT_3D('',#15970,#15971,#15972);
#15970 = CARTESIAN_POINT('',(11.302944,14.697056,0.));
#15971 = DIRECTION('',(-0.,0.,-1.));
#15972 = DIRECTION('',(-0.,-1.,0.));
#15973 = FACE_BOUND('',#15974,.F.);
#15974 = EDGE_LOOP('',(#15975));
#15975 = ORIENTED_EDGE('',*,*,#15976,.T.);
#15976 = EDGE_CURVE('',#15977,#15977,#15979,.T.);
#15977 = VERTEX_POINT('',#15978);
#15978 = CARTESIAN_POINT('',(13.,11.4,0.));
#15979 = CIRCLE('',#15980,1.6);
#15980 = AXIS2_PLACEMENT_3D('',#15981,#15982,#15983);
#15981 = CARTESIAN_POINT('',(13.,13.,0.));
#15982 = DIRECTION('',(-0.,0.,-1.));
#15983 = DIRECTION('',(-0.,-1.,0.));
#15984 = FACE_BOUND('',#15985,.F.);
#15985 = EDGE_LOOP('',(#15986));
#15986 = ORIENTED_EDGE('',*,*,#15987,.T.);
#15987 = EDGE_CURVE('',#15988,#15988,#15990,.T.);
#15988 = VERTEX_POINT('',#15989);
#15989 = CARTESIAN_POINT('',(15.4,12.75,0.));
#15990 = CIRCLE('',#15991,0.25);
#15991 = AXIS2_PLACEMENT_3D('',#15992,#15993,#15994);
#15992 = CARTESIAN_POINT('',(15.4,13.,0.));
#15993 = DIRECTION('',(-0.,0.,-1.));
#15994 = DIRECTION('',(-0.,-1.,0.));
#15995 = FACE_BOUND('',#15996,.F.);
#15996 = EDGE_LOOP('',(#15997));
#15997 = ORIENTED_EDGE('',*,*,#15998,.T.);
#15998 = EDGE_CURVE('',#15999,#15999,#16001,.T.);
#15999 = VERTEX_POINT('',#16000);
#16000 = CARTESIAN_POINT('',(13.,15.15,0.));
#16001 = CIRCLE('',#16002,0.25);
#16002 = AXIS2_PLACEMENT_3D('',#16003,#16004,#16005);
#16003 = CARTESIAN_POINT('',(13.,15.4,0.));
#16004 = DIRECTION('',(-0.,0.,-1.));
#16005 = DIRECTION('',(-0.,-1.,0.));
#16006 = FACE_BOUND('',#16007,.F.);
#16007 = EDGE_LOOP('',(#16008));
#16008 = ORIENTED_EDGE('',*,*,#16009,.T.);
#16009 = EDGE_CURVE('',#16010,#16010,#16012,.T.);
#16010 = VERTEX_POINT('',#16011);
#16011 = CARTESIAN_POINT('',(14.697056,14.447056,0.));
#16012 = CIRCLE('',#16013,0.25);
#16013 = AXIS2_PLACEMENT_3D('',#16014,#16015,#16016);
#16014 = CARTESIAN_POINT('',(14.697056,14.697056,0.));
#16015 = DIRECTION('',(-0.,0.,-1.));
#16016 = DIRECTION('',(-0.,-1.,0.));
#16017 = PLANE('',#16018);
#16018 = AXIS2_PLACEMENT_3D('',#16019,#16020,#16021);
#16019 = CARTESIAN_POINT('',(0.,0.,0.));
#16020 = DIRECTION('',(0.,0.,1.));
#16021 = DIRECTION('',(1.,0.,-0.));
#16022 = ADVANCED_FACE('',(#16023,#16069,#16080,#16091,#16102,#16113,
    #16124,#16135,#16146,#16157,#16168,#16179,#16190,#16201,#16212,
    #16223,#16234,#16245,#16256,#16267,#16278,#16289,#16300,#16311,
    #16322,#16333,#16344,#16355,#16366,#16377,#16388,#16399,#16410,
    #16421,#16432,#16443,#16454,#16465,#16476,#16487,#16498,#16509,
    #16520,#16531,#16542,#16553),#16564,.T.);
#16023 = FACE_BOUND('',#16024,.T.);
#16024 = EDGE_LOOP('',(#16025,#16026,#16027,#16036,#16044,#16053,#16061,
    #16068));
#16025 = ORIENTED_EDGE('',*,*,#15385,.F.);
#16026 = ORIENTED_EDGE('',*,*,#15427,.F.);
#16027 = ORIENTED_EDGE('',*,*,#16028,.F.);
#16028 = EDGE_CURVE('',#16029,#15420,#16031,.T.);
#16029 = VERTEX_POINT('',#16030);
#16030 = CARTESIAN_POINT('',(-19.,13.,1.48));
#16031 = CIRCLE('',#16032,5.999998931759);
#16032 = AXIS2_PLACEMENT_3D('',#16033,#16034,#16035);
#16033 = CARTESIAN_POINT('',(-13.00000106824,13.000001068241,1.48));
#16034 = DIRECTION('',(0.,0.,-1.));
#16035 = DIRECTION('',(-1.,-1.780402560395E-07,-0.));
#16036 = ORIENTED_EDGE('',*,*,#16037,.F.);
#16037 = EDGE_CURVE('',#16038,#16029,#16040,.T.);
#16038 = VERTEX_POINT('',#16039);
#16039 = CARTESIAN_POINT('',(-19.,-13.,1.48));
#16040 = LINE('',#16041,#16042);
#16041 = CARTESIAN_POINT('',(-19.,-13.,1.48));
#16042 = VECTOR('',#16043,1.);
#16043 = DIRECTION('',(0.,1.,0.));
#16044 = ORIENTED_EDGE('',*,*,#16045,.F.);
#16045 = EDGE_CURVE('',#16046,#16038,#16048,.T.);
#16046 = VERTEX_POINT('',#16047);
#16047 = CARTESIAN_POINT('',(-13.,-19.,1.48));
#16048 = CIRCLE('',#16049,5.999998931759);
#16049 = AXIS2_PLACEMENT_3D('',#16050,#16051,#16052);
#16050 = CARTESIAN_POINT('',(-13.00000106824,-13.00000106824,1.48));
#16051 = DIRECTION('',(0.,0.,-1.));
#16052 = DIRECTION('',(1.780402560395E-07,-1.,0.));
#16053 = ORIENTED_EDGE('',*,*,#16054,.F.);
#16054 = EDGE_CURVE('',#16055,#16046,#16057,.T.);
#16055 = VERTEX_POINT('',#16056);
#16056 = CARTESIAN_POINT('',(13.,-19.,1.48));
#16057 = LINE('',#16058,#16059);
#16058 = CARTESIAN_POINT('',(13.,-19.,1.48));
#16059 = VECTOR('',#16060,1.);
#16060 = DIRECTION('',(-1.,0.,0.));
#16061 = ORIENTED_EDGE('',*,*,#16062,.F.);
#16062 = EDGE_CURVE('',#15450,#16055,#16063,.T.);
#16063 = CIRCLE('',#16064,5.999998931759);
#16064 = AXIS2_PLACEMENT_3D('',#16065,#16066,#16067);
#16065 = CARTESIAN_POINT('',(13.000001068241,-13.00000106824,1.48));
#16066 = DIRECTION('',(0.,0.,-1.));
#16067 = DIRECTION('',(1.,1.780402560395E-07,0.));
#16068 = ORIENTED_EDGE('',*,*,#15449,.F.);
#16069 = FACE_BOUND('',#16070,.T.);
#16070 = EDGE_LOOP('',(#16071));
#16071 = ORIENTED_EDGE('',*,*,#16072,.T.);
#16072 = EDGE_CURVE('',#16073,#16073,#16075,.T.);
#16073 = VERTEX_POINT('',#16074);
#16074 = CARTESIAN_POINT('',(-14.697056,-14.947056,1.48));
#16075 = CIRCLE('',#16076,0.25);
#16076 = AXIS2_PLACEMENT_3D('',#16077,#16078,#16079);
#16077 = CARTESIAN_POINT('',(-14.697056,-14.697056,1.48));
#16078 = DIRECTION('',(-0.,0.,-1.));
#16079 = DIRECTION('',(-0.,-1.,0.));
#16080 = FACE_BOUND('',#16081,.T.);
#16081 = EDGE_LOOP('',(#16082));
#16082 = ORIENTED_EDGE('',*,*,#16083,.T.);
#16083 = EDGE_CURVE('',#16084,#16084,#16086,.T.);
#16084 = VERTEX_POINT('',#16085);
#16085 = CARTESIAN_POINT('',(-13.,-15.65,1.48));
#16086 = CIRCLE('',#16087,0.25);
#16087 = AXIS2_PLACEMENT_3D('',#16088,#16089,#16090);
#16088 = CARTESIAN_POINT('',(-13.,-15.4,1.48));
#16089 = DIRECTION('',(-0.,0.,-1.));
#16090 = DIRECTION('',(-0.,-1.,0.));
#16091 = FACE_BOUND('',#16092,.T.);
#16092 = EDGE_LOOP('',(#16093));
#16093 = ORIENTED_EDGE('',*,*,#16094,.T.);
#16094 = EDGE_CURVE('',#16095,#16095,#16097,.T.);
#16095 = VERTEX_POINT('',#16096);
#16096 = CARTESIAN_POINT('',(-15.4,-13.25,1.48));
#16097 = CIRCLE('',#16098,0.25);
#16098 = AXIS2_PLACEMENT_3D('',#16099,#16100,#16101);
#16099 = CARTESIAN_POINT('',(-15.4,-13.,1.48));
#16100 = DIRECTION('',(-0.,0.,-1.));
#16101 = DIRECTION('',(-0.,-1.,0.));
#16102 = FACE_BOUND('',#16103,.T.);
#16103 = EDGE_LOOP('',(#16104));
#16104 = ORIENTED_EDGE('',*,*,#16105,.T.);
#16105 = EDGE_CURVE('',#16106,#16106,#16108,.T.);
#16106 = VERTEX_POINT('',#16107);
#16107 = CARTESIAN_POINT('',(-13.,-14.6,1.48));
#16108 = CIRCLE('',#16109,1.6);
#16109 = AXIS2_PLACEMENT_3D('',#16110,#16111,#16112);
#16110 = CARTESIAN_POINT('',(-13.,-13.,1.48));
#16111 = DIRECTION('',(-0.,0.,-1.));
#16112 = DIRECTION('',(-0.,-1.,0.));
#16113 = FACE_BOUND('',#16114,.T.);
#16114 = EDGE_LOOP('',(#16115));
#16115 = ORIENTED_EDGE('',*,*,#16116,.T.);
#16116 = EDGE_CURVE('',#16117,#16117,#16119,.T.);
#16117 = VERTEX_POINT('',#16118);
#16118 = CARTESIAN_POINT('',(-11.302944,-14.947056,1.48));
#16119 = CIRCLE('',#16120,0.25);
#16120 = AXIS2_PLACEMENT_3D('',#16121,#16122,#16123);
#16121 = CARTESIAN_POINT('',(-11.302944,-14.697056,1.48));
#16122 = DIRECTION('',(-0.,0.,-1.));
#16123 = DIRECTION('',(-0.,-1.,0.));
#16124 = FACE_BOUND('',#16125,.T.);
#16125 = EDGE_LOOP('',(#16126));
#16126 = ORIENTED_EDGE('',*,*,#16127,.T.);
#16127 = EDGE_CURVE('',#16128,#16128,#16130,.T.);
#16128 = VERTEX_POINT('',#16129);
#16129 = CARTESIAN_POINT('',(-10.6,-13.25,1.48));
#16130 = CIRCLE('',#16131,0.25);
#16131 = AXIS2_PLACEMENT_3D('',#16132,#16133,#16134);
#16132 = CARTESIAN_POINT('',(-10.6,-13.,1.48));
#16133 = DIRECTION('',(-0.,0.,-1.));
#16134 = DIRECTION('',(-0.,-1.,0.));
#16135 = FACE_BOUND('',#16136,.T.);
#16136 = EDGE_LOOP('',(#16137));
#16137 = ORIENTED_EDGE('',*,*,#16138,.T.);
#16138 = EDGE_CURVE('',#16139,#16139,#16141,.T.);
#16139 = VERTEX_POINT('',#16140);
#16140 = CARTESIAN_POINT('',(-14.697056,-11.552944,1.48));
#16141 = CIRCLE('',#16142,0.25);
#16142 = AXIS2_PLACEMENT_3D('',#16143,#16144,#16145);
#16143 = CARTESIAN_POINT('',(-14.697056,-11.302944,1.48));
#16144 = DIRECTION('',(-0.,0.,-1.));
#16145 = DIRECTION('',(-0.,-1.,0.));
#16146 = FACE_BOUND('',#16147,.T.);
#16147 = EDGE_LOOP('',(#16148));
#16148 = ORIENTED_EDGE('',*,*,#16149,.T.);
#16149 = EDGE_CURVE('',#16150,#16150,#16152,.T.);
#16150 = VERTEX_POINT('',#16151);
#16151 = CARTESIAN_POINT('',(-13.,-10.85,1.48));
#16152 = CIRCLE('',#16153,0.25);
#16153 = AXIS2_PLACEMENT_3D('',#16154,#16155,#16156);
#16154 = CARTESIAN_POINT('',(-13.,-10.6,1.48));
#16155 = DIRECTION('',(-0.,0.,-1.));
#16156 = DIRECTION('',(-0.,-1.,0.));
#16157 = FACE_BOUND('',#16158,.T.);
#16158 = EDGE_LOOP('',(#16159));
#16159 = ORIENTED_EDGE('',*,*,#16160,.T.);
#16160 = EDGE_CURVE('',#16161,#16161,#16163,.T.);
#16161 = VERTEX_POINT('',#16162);
#16162 = CARTESIAN_POINT('',(-11.302944,-11.552944,1.48));
#16163 = CIRCLE('',#16164,0.25);
#16164 = AXIS2_PLACEMENT_3D('',#16165,#16166,#16167);
#16165 = CARTESIAN_POINT('',(-11.302944,-11.302944,1.48));
#16166 = DIRECTION('',(-0.,0.,-1.));
#16167 = DIRECTION('',(-0.,-1.,0.));
#16168 = FACE_BOUND('',#16169,.T.);
#16169 = EDGE_LOOP('',(#16170));
#16170 = ORIENTED_EDGE('',*,*,#16171,.T.);
#16171 = EDGE_CURVE('',#16172,#16172,#16174,.T.);
#16172 = VERTEX_POINT('',#16173);
#16173 = CARTESIAN_POINT('',(-2.4,-10.25,1.48));
#16174 = CIRCLE('',#16175,0.25);
#16175 = AXIS2_PLACEMENT_3D('',#16176,#16177,#16178);
#16176 = CARTESIAN_POINT('',(-2.4,-10.,1.48));
#16177 = DIRECTION('',(-0.,0.,-1.));
#16178 = DIRECTION('',(-0.,-1.,0.));
#16179 = FACE_BOUND('',#16180,.T.);
#16180 = EDGE_LOOP('',(#16181));
#16181 = ORIENTED_EDGE('',*,*,#16182,.T.);
#16182 = EDGE_CURVE('',#16183,#16183,#16185,.T.);
#16183 = VERTEX_POINT('',#16184);
#16184 = CARTESIAN_POINT('',(-1.697056,-11.947056,1.48));
#16185 = CIRCLE('',#16186,0.25);
#16186 = AXIS2_PLACEMENT_3D('',#16187,#16188,#16189);
#16187 = CARTESIAN_POINT('',(-1.697056,-11.697056,1.48));
#16188 = DIRECTION('',(-0.,0.,-1.));
#16189 = DIRECTION('',(-0.,-1.,0.));
#16190 = FACE_BOUND('',#16191,.T.);
#16191 = EDGE_LOOP('',(#16192));
#16192 = ORIENTED_EDGE('',*,*,#16193,.T.);
#16193 = EDGE_CURVE('',#16194,#16194,#16196,.T.);
#16194 = VERTEX_POINT('',#16195);
#16195 = CARTESIAN_POINT('',(-1.697056,-8.552944,1.48));
#16196 = CIRCLE('',#16197,0.25);
#16197 = AXIS2_PLACEMENT_3D('',#16198,#16199,#16200);
#16198 = CARTESIAN_POINT('',(-1.697056,-8.302944,1.48));
#16199 = DIRECTION('',(-0.,0.,-1.));
#16200 = DIRECTION('',(-0.,-1.,0.));
#16201 = FACE_BOUND('',#16202,.T.);
#16202 = EDGE_LOOP('',(#16203));
#16203 = ORIENTED_EDGE('',*,*,#16204,.T.);
#16204 = EDGE_CURVE('',#16205,#16205,#16207,.T.);
#16205 = VERTEX_POINT('',#16206);
#16206 = CARTESIAN_POINT('',(0.,-12.65,1.48));
#16207 = CIRCLE('',#16208,0.25);
#16208 = AXIS2_PLACEMENT_3D('',#16209,#16210,#16211);
#16209 = CARTESIAN_POINT('',(-1.387778780781E-17,-12.4,1.48));
#16210 = DIRECTION('',(-0.,0.,-1.));
#16211 = DIRECTION('',(5.551115123126E-17,-1.,-0.));
#16212 = FACE_BOUND('',#16213,.T.);
#16213 = EDGE_LOOP('',(#16214));
#16214 = ORIENTED_EDGE('',*,*,#16215,.T.);
#16215 = EDGE_CURVE('',#16216,#16216,#16218,.T.);
#16216 = VERTEX_POINT('',#16217);
#16217 = CARTESIAN_POINT('',(1.697056,-11.947056,1.48));
#16218 = CIRCLE('',#16219,0.25);
#16219 = AXIS2_PLACEMENT_3D('',#16220,#16221,#16222);
#16220 = CARTESIAN_POINT('',(1.697056,-11.697056,1.48));
#16221 = DIRECTION('',(-0.,0.,-1.));
#16222 = DIRECTION('',(-0.,-1.,0.));
#16223 = FACE_BOUND('',#16224,.T.);
#16224 = EDGE_LOOP('',(#16225));
#16225 = ORIENTED_EDGE('',*,*,#16226,.T.);
#16226 = EDGE_CURVE('',#16227,#16227,#16229,.T.);
#16227 = VERTEX_POINT('',#16228);
#16228 = CARTESIAN_POINT('',(0.,-11.6,1.48));
#16229 = CIRCLE('',#16230,1.6);
#16230 = AXIS2_PLACEMENT_3D('',#16231,#16232,#16233);
#16231 = CARTESIAN_POINT('',(-1.110223024625E-16,-10.,1.48));
#16232 = DIRECTION('',(-0.,0.,-1.));
#16233 = DIRECTION('',(6.938893903907E-17,-1.,-0.));
#16234 = FACE_BOUND('',#16235,.T.);
#16235 = EDGE_LOOP('',(#16236));
#16236 = ORIENTED_EDGE('',*,*,#16237,.T.);
#16237 = EDGE_CURVE('',#16238,#16238,#16240,.T.);
#16238 = VERTEX_POINT('',#16239);
#16239 = CARTESIAN_POINT('',(2.4,-10.25,1.48));
#16240 = CIRCLE('',#16241,0.25);
#16241 = AXIS2_PLACEMENT_3D('',#16242,#16243,#16244);
#16242 = CARTESIAN_POINT('',(2.4,-10.,1.48));
#16243 = DIRECTION('',(-0.,0.,-1.));
#16244 = DIRECTION('',(-0.,-1.,0.));
#16245 = FACE_BOUND('',#16246,.T.);
#16246 = EDGE_LOOP('',(#16247));
#16247 = ORIENTED_EDGE('',*,*,#16248,.T.);
#16248 = EDGE_CURVE('',#16249,#16249,#16251,.T.);
#16249 = VERTEX_POINT('',#16250);
#16250 = CARTESIAN_POINT('',(1.697056,-8.552944,1.48));
#16251 = CIRCLE('',#16252,0.25);
#16252 = AXIS2_PLACEMENT_3D('',#16253,#16254,#16255);
#16253 = CARTESIAN_POINT('',(1.697056,-8.302944,1.48));
#16254 = DIRECTION('',(-0.,0.,-1.));
#16255 = DIRECTION('',(-0.,-1.,0.));
#16256 = FACE_BOUND('',#16257,.T.);
#16257 = EDGE_LOOP('',(#16258));
#16258 = ORIENTED_EDGE('',*,*,#16259,.T.);
#16259 = EDGE_CURVE('',#16260,#16260,#16262,.T.);
#16260 = VERTEX_POINT('',#16261);
#16261 = CARTESIAN_POINT('',(11.302944,-14.947056,1.48));
#16262 = CIRCLE('',#16263,0.25);
#16263 = AXIS2_PLACEMENT_3D('',#16264,#16265,#16266);
#16264 = CARTESIAN_POINT('',(11.302944,-14.697056,1.48));
#16265 = DIRECTION('',(-0.,0.,-1.));
#16266 = DIRECTION('',(-0.,-1.,0.));
#16267 = FACE_BOUND('',#16268,.T.);
#16268 = EDGE_LOOP('',(#16269));
#16269 = ORIENTED_EDGE('',*,*,#16270,.T.);
#16270 = EDGE_CURVE('',#16271,#16271,#16273,.T.);
#16271 = VERTEX_POINT('',#16272);
#16272 = CARTESIAN_POINT('',(10.6,-13.25,1.48));
#16273 = CIRCLE('',#16274,0.25);
#16274 = AXIS2_PLACEMENT_3D('',#16275,#16276,#16277);
#16275 = CARTESIAN_POINT('',(10.6,-13.,1.48));
#16276 = DIRECTION('',(-0.,0.,-1.));
#16277 = DIRECTION('',(-0.,-1.,0.));
#16278 = FACE_BOUND('',#16279,.T.);
#16279 = EDGE_LOOP('',(#16280));
#16280 = ORIENTED_EDGE('',*,*,#16281,.T.);
#16281 = EDGE_CURVE('',#16282,#16282,#16284,.T.);
#16282 = VERTEX_POINT('',#16283);
#16283 = CARTESIAN_POINT('',(13.,-15.65,1.48));
#16284 = CIRCLE('',#16285,0.25);
#16285 = AXIS2_PLACEMENT_3D('',#16286,#16287,#16288);
#16286 = CARTESIAN_POINT('',(13.,-15.4,1.48));
#16287 = DIRECTION('',(-0.,0.,-1.));
#16288 = DIRECTION('',(-0.,-1.,0.));
#16289 = FACE_BOUND('',#16290,.T.);
#16290 = EDGE_LOOP('',(#16291));
#16291 = ORIENTED_EDGE('',*,*,#16292,.T.);
#16292 = EDGE_CURVE('',#16293,#16293,#16295,.T.);
#16293 = VERTEX_POINT('',#16294);
#16294 = CARTESIAN_POINT('',(14.697056,-14.947056,1.48));
#16295 = CIRCLE('',#16296,0.25);
#16296 = AXIS2_PLACEMENT_3D('',#16297,#16298,#16299);
#16297 = CARTESIAN_POINT('',(14.697056,-14.697056,1.48));
#16298 = DIRECTION('',(-0.,0.,-1.));
#16299 = DIRECTION('',(-0.,-1.,0.));
#16300 = FACE_BOUND('',#16301,.T.);
#16301 = EDGE_LOOP('',(#16302));
#16302 = ORIENTED_EDGE('',*,*,#16303,.T.);
#16303 = EDGE_CURVE('',#16304,#16304,#16306,.T.);
#16304 = VERTEX_POINT('',#16305);
#16305 = CARTESIAN_POINT('',(13.,-14.6,1.48));
#16306 = CIRCLE('',#16307,1.6);
#16307 = AXIS2_PLACEMENT_3D('',#16308,#16309,#16310);
#16308 = CARTESIAN_POINT('',(13.,-13.,1.48));
#16309 = DIRECTION('',(-0.,0.,-1.));
#16310 = DIRECTION('',(-0.,-1.,0.));
#16311 = FACE_BOUND('',#16312,.T.);
#16312 = EDGE_LOOP('',(#16313));
#16313 = ORIENTED_EDGE('',*,*,#16314,.T.);
#16314 = EDGE_CURVE('',#16315,#16315,#16317,.T.);
#16315 = VERTEX_POINT('',#16316);
#16316 = CARTESIAN_POINT('',(15.4,-13.25,1.48));
#16317 = CIRCLE('',#16318,0.25);
#16318 = AXIS2_PLACEMENT_3D('',#16319,#16320,#16321);
#16319 = CARTESIAN_POINT('',(15.4,-13.,1.48));
#16320 = DIRECTION('',(-0.,0.,-1.));
#16321 = DIRECTION('',(-0.,-1.,0.));
#16322 = FACE_BOUND('',#16323,.T.);
#16323 = EDGE_LOOP('',(#16324));
#16324 = ORIENTED_EDGE('',*,*,#16325,.T.);
#16325 = EDGE_CURVE('',#16326,#16326,#16328,.T.);
#16326 = VERTEX_POINT('',#16327);
#16327 = CARTESIAN_POINT('',(11.302944,-11.552944,1.48));
#16328 = CIRCLE('',#16329,0.25);
#16329 = AXIS2_PLACEMENT_3D('',#16330,#16331,#16332);
#16330 = CARTESIAN_POINT('',(11.302944,-11.302944,1.48));
#16331 = DIRECTION('',(-0.,0.,-1.));
#16332 = DIRECTION('',(-0.,-1.,0.));
#16333 = FACE_BOUND('',#16334,.T.);
#16334 = EDGE_LOOP('',(#16335));
#16335 = ORIENTED_EDGE('',*,*,#16336,.T.);
#16336 = EDGE_CURVE('',#16337,#16337,#16339,.T.);
#16337 = VERTEX_POINT('',#16338);
#16338 = CARTESIAN_POINT('',(13.,-10.85,1.48));
#16339 = CIRCLE('',#16340,0.25);
#16340 = AXIS2_PLACEMENT_3D('',#16341,#16342,#16343);
#16341 = CARTESIAN_POINT('',(13.,-10.6,1.48));
#16342 = DIRECTION('',(-0.,0.,-1.));
#16343 = DIRECTION('',(-0.,-1.,0.));
#16344 = FACE_BOUND('',#16345,.T.);
#16345 = EDGE_LOOP('',(#16346));
#16346 = ORIENTED_EDGE('',*,*,#16347,.T.);
#16347 = EDGE_CURVE('',#16348,#16348,#16350,.T.);
#16348 = VERTEX_POINT('',#16349);
#16349 = CARTESIAN_POINT('',(14.697056,-11.552944,1.48));
#16350 = CIRCLE('',#16351,0.25);
#16351 = AXIS2_PLACEMENT_3D('',#16352,#16353,#16354);
#16352 = CARTESIAN_POINT('',(14.697056,-11.302944,1.48));
#16353 = DIRECTION('',(-0.,0.,-1.));
#16354 = DIRECTION('',(-0.,-1.,0.));
#16355 = FACE_BOUND('',#16356,.T.);
#16356 = EDGE_LOOP('',(#16357));
#16357 = ORIENTED_EDGE('',*,*,#16358,.T.);
#16358 = EDGE_CURVE('',#16359,#16359,#16361,.T.);
#16359 = VERTEX_POINT('',#16360);
#16360 = CARTESIAN_POINT('',(0.,-7.85,1.48));
#16361 = CIRCLE('',#16362,0.25);
#16362 = AXIS2_PLACEMENT_3D('',#16363,#16364,#16365);
#16363 = CARTESIAN_POINT('',(-1.387778780781E-17,-7.6,1.48));
#16364 = DIRECTION('',(-0.,0.,-1.));
#16365 = DIRECTION('',(5.551115123126E-17,-1.,-0.));
#16366 = FACE_BOUND('',#16367,.T.);
#16367 = EDGE_LOOP('',(#16368));
#16368 = ORIENTED_EDGE('',*,*,#16369,.T.);
#16369 = EDGE_CURVE('',#16370,#16370,#16372,.T.);
#16370 = VERTEX_POINT('',#16371);
#16371 = CARTESIAN_POINT('',(-14.697056,11.052944,1.48));
#16372 = CIRCLE('',#16373,0.25);
#16373 = AXIS2_PLACEMENT_3D('',#16374,#16375,#16376);
#16374 = CARTESIAN_POINT('',(-14.697056,11.302944,1.48));
#16375 = DIRECTION('',(-0.,0.,-1.));
#16376 = DIRECTION('',(-0.,-1.,0.));
#16377 = FACE_BOUND('',#16378,.T.);
#16378 = EDGE_LOOP('',(#16379));
#16379 = ORIENTED_EDGE('',*,*,#16380,.T.);
#16380 = EDGE_CURVE('',#16381,#16381,#16383,.T.);
#16381 = VERTEX_POINT('',#16382);
#16382 = CARTESIAN_POINT('',(-13.,10.35,1.48));
#16383 = CIRCLE('',#16384,0.25);
#16384 = AXIS2_PLACEMENT_3D('',#16385,#16386,#16387);
#16385 = CARTESIAN_POINT('',(-13.,10.6,1.48));
#16386 = DIRECTION('',(-0.,0.,-1.));
#16387 = DIRECTION('',(-0.,-1.,0.));
#16388 = FACE_BOUND('',#16389,.T.);
#16389 = EDGE_LOOP('',(#16390));
#16390 = ORIENTED_EDGE('',*,*,#16391,.T.);
#16391 = EDGE_CURVE('',#16392,#16392,#16394,.T.);
#16392 = VERTEX_POINT('',#16393);
#16393 = CARTESIAN_POINT('',(-11.302944,11.052944,1.48));
#16394 = CIRCLE('',#16395,0.25);
#16395 = AXIS2_PLACEMENT_3D('',#16396,#16397,#16398);
#16396 = CARTESIAN_POINT('',(-11.302944,11.302944,1.48));
#16397 = DIRECTION('',(-0.,0.,-1.));
#16398 = DIRECTION('',(-0.,-1.,0.));
#16399 = FACE_BOUND('',#16400,.T.);
#16400 = EDGE_LOOP('',(#16401));
#16401 = ORIENTED_EDGE('',*,*,#16402,.T.);
#16402 = EDGE_CURVE('',#16403,#16403,#16405,.T.);
#16403 = VERTEX_POINT('',#16404);
#16404 = CARTESIAN_POINT('',(-15.4,12.75,1.48));
#16405 = CIRCLE('',#16406,0.25);
#16406 = AXIS2_PLACEMENT_3D('',#16407,#16408,#16409);
#16407 = CARTESIAN_POINT('',(-15.4,13.,1.48));
#16408 = DIRECTION('',(-0.,0.,-1.));
#16409 = DIRECTION('',(-0.,-1.,0.));
#16410 = FACE_BOUND('',#16411,.T.);
#16411 = EDGE_LOOP('',(#16412));
#16412 = ORIENTED_EDGE('',*,*,#16413,.T.);
#16413 = EDGE_CURVE('',#16414,#16414,#16416,.T.);
#16414 = VERTEX_POINT('',#16415);
#16415 = CARTESIAN_POINT('',(-13.,11.4,1.48));
#16416 = CIRCLE('',#16417,1.6);
#16417 = AXIS2_PLACEMENT_3D('',#16418,#16419,#16420);
#16418 = CARTESIAN_POINT('',(-13.,13.,1.48));
#16419 = DIRECTION('',(-0.,0.,-1.));
#16420 = DIRECTION('',(-0.,-1.,0.));
#16421 = FACE_BOUND('',#16422,.T.);
#16422 = EDGE_LOOP('',(#16423));
#16423 = ORIENTED_EDGE('',*,*,#16424,.T.);
#16424 = EDGE_CURVE('',#16425,#16425,#16427,.T.);
#16425 = VERTEX_POINT('',#16426);
#16426 = CARTESIAN_POINT('',(-14.697056,14.447056,1.48));
#16427 = CIRCLE('',#16428,0.25);
#16428 = AXIS2_PLACEMENT_3D('',#16429,#16430,#16431);
#16429 = CARTESIAN_POINT('',(-14.697056,14.697056,1.48));
#16430 = DIRECTION('',(-0.,0.,-1.));
#16431 = DIRECTION('',(-0.,-1.,0.));
#16432 = FACE_BOUND('',#16433,.T.);
#16433 = EDGE_LOOP('',(#16434));
#16434 = ORIENTED_EDGE('',*,*,#16435,.T.);
#16435 = EDGE_CURVE('',#16436,#16436,#16438,.T.);
#16436 = VERTEX_POINT('',#16437);
#16437 = CARTESIAN_POINT('',(-13.,15.15,1.48));
#16438 = CIRCLE('',#16439,0.25);
#16439 = AXIS2_PLACEMENT_3D('',#16440,#16441,#16442);
#16440 = CARTESIAN_POINT('',(-13.,15.4,1.48));
#16441 = DIRECTION('',(-0.,0.,-1.));
#16442 = DIRECTION('',(-0.,-1.,0.));
#16443 = FACE_BOUND('',#16444,.T.);
#16444 = EDGE_LOOP('',(#16445));
#16445 = ORIENTED_EDGE('',*,*,#16446,.T.);
#16446 = EDGE_CURVE('',#16447,#16447,#16449,.T.);
#16447 = VERTEX_POINT('',#16448);
#16448 = CARTESIAN_POINT('',(-10.6,12.75,1.48));
#16449 = CIRCLE('',#16450,0.25);
#16450 = AXIS2_PLACEMENT_3D('',#16451,#16452,#16453);
#16451 = CARTESIAN_POINT('',(-10.6,13.,1.48));
#16452 = DIRECTION('',(-0.,0.,-1.));
#16453 = DIRECTION('',(-0.,-1.,0.));
#16454 = FACE_BOUND('',#16455,.T.);
#16455 = EDGE_LOOP('',(#16456));
#16456 = ORIENTED_EDGE('',*,*,#16457,.T.);
#16457 = EDGE_CURVE('',#16458,#16458,#16460,.T.);
#16458 = VERTEX_POINT('',#16459);
#16459 = CARTESIAN_POINT('',(-11.302944,14.447056,1.48));
#16460 = CIRCLE('',#16461,0.25);
#16461 = AXIS2_PLACEMENT_3D('',#16462,#16463,#16464);
#16462 = CARTESIAN_POINT('',(-11.302944,14.697056,1.48));
#16463 = DIRECTION('',(-0.,0.,-1.));
#16464 = DIRECTION('',(-0.,-1.,0.));
#16465 = FACE_BOUND('',#16466,.T.);
#16466 = EDGE_LOOP('',(#16467));
#16467 = ORIENTED_EDGE('',*,*,#16468,.T.);
#16468 = EDGE_CURVE('',#16469,#16469,#16471,.T.);
#16469 = VERTEX_POINT('',#16470);
#16470 = CARTESIAN_POINT('',(11.302944,11.052944,1.48));
#16471 = CIRCLE('',#16472,0.25);
#16472 = AXIS2_PLACEMENT_3D('',#16473,#16474,#16475);
#16473 = CARTESIAN_POINT('',(11.302944,11.302944,1.48));
#16474 = DIRECTION('',(-0.,0.,-1.));
#16475 = DIRECTION('',(-0.,-1.,0.));
#16476 = FACE_BOUND('',#16477,.T.);
#16477 = EDGE_LOOP('',(#16478));
#16478 = ORIENTED_EDGE('',*,*,#16479,.T.);
#16479 = EDGE_CURVE('',#16480,#16480,#16482,.T.);
#16480 = VERTEX_POINT('',#16481);
#16481 = CARTESIAN_POINT('',(13.,10.35,1.48));
#16482 = CIRCLE('',#16483,0.25);
#16483 = AXIS2_PLACEMENT_3D('',#16484,#16485,#16486);
#16484 = CARTESIAN_POINT('',(13.,10.6,1.48));
#16485 = DIRECTION('',(-0.,0.,-1.));
#16486 = DIRECTION('',(-0.,-1.,0.));
#16487 = FACE_BOUND('',#16488,.T.);
#16488 = EDGE_LOOP('',(#16489));
#16489 = ORIENTED_EDGE('',*,*,#16490,.T.);
#16490 = EDGE_CURVE('',#16491,#16491,#16493,.T.);
#16491 = VERTEX_POINT('',#16492);
#16492 = CARTESIAN_POINT('',(14.697056,11.052944,1.48));
#16493 = CIRCLE('',#16494,0.25);
#16494 = AXIS2_PLACEMENT_3D('',#16495,#16496,#16497);
#16495 = CARTESIAN_POINT('',(14.697056,11.302944,1.48));
#16496 = DIRECTION('',(-0.,0.,-1.));
#16497 = DIRECTION('',(-0.,-1.,0.));
#16498 = FACE_BOUND('',#16499,.T.);
#16499 = EDGE_LOOP('',(#16500));
#16500 = ORIENTED_EDGE('',*,*,#16501,.T.);
#16501 = EDGE_CURVE('',#16502,#16502,#16504,.T.);
#16502 = VERTEX_POINT('',#16503);
#16503 = CARTESIAN_POINT('',(10.6,12.75,1.48));
#16504 = CIRCLE('',#16505,0.25);
#16505 = AXIS2_PLACEMENT_3D('',#16506,#16507,#16508);
#16506 = CARTESIAN_POINT('',(10.6,13.,1.48));
#16507 = DIRECTION('',(-0.,0.,-1.));
#16508 = DIRECTION('',(-0.,-1.,0.));
#16509 = FACE_BOUND('',#16510,.T.);
#16510 = EDGE_LOOP('',(#16511));
#16511 = ORIENTED_EDGE('',*,*,#16512,.T.);
#16512 = EDGE_CURVE('',#16513,#16513,#16515,.T.);
#16513 = VERTEX_POINT('',#16514);
#16514 = CARTESIAN_POINT('',(11.302944,14.447056,1.48));
#16515 = CIRCLE('',#16516,0.25);
#16516 = AXIS2_PLACEMENT_3D('',#16517,#16518,#16519);
#16517 = CARTESIAN_POINT('',(11.302944,14.697056,1.48));
#16518 = DIRECTION('',(-0.,0.,-1.));
#16519 = DIRECTION('',(-0.,-1.,0.));
#16520 = FACE_BOUND('',#16521,.T.);
#16521 = EDGE_LOOP('',(#16522));
#16522 = ORIENTED_EDGE('',*,*,#16523,.T.);
#16523 = EDGE_CURVE('',#16524,#16524,#16526,.T.);
#16524 = VERTEX_POINT('',#16525);
#16525 = CARTESIAN_POINT('',(13.,11.4,1.48));
#16526 = CIRCLE('',#16527,1.6);
#16527 = AXIS2_PLACEMENT_3D('',#16528,#16529,#16530);
#16528 = CARTESIAN_POINT('',(13.,13.,1.48));
#16529 = DIRECTION('',(-0.,0.,-1.));
#16530 = DIRECTION('',(-0.,-1.,0.));
#16531 = FACE_BOUND('',#16532,.T.);
#16532 = EDGE_LOOP('',(#16533));
#16533 = ORIENTED_EDGE('',*,*,#16534,.T.);
#16534 = EDGE_CURVE('',#16535,#16535,#16537,.T.);
#16535 = VERTEX_POINT('',#16536);
#16536 = CARTESIAN_POINT('',(15.4,12.75,1.48));
#16537 = CIRCLE('',#16538,0.25);
#16538 = AXIS2_PLACEMENT_3D('',#16539,#16540,#16541);
#16539 = CARTESIAN_POINT('',(15.4,13.,1.48));
#16540 = DIRECTION('',(-0.,0.,-1.));
#16541 = DIRECTION('',(-0.,-1.,0.));
#16542 = FACE_BOUND('',#16543,.T.);
#16543 = EDGE_LOOP('',(#16544));
#16544 = ORIENTED_EDGE('',*,*,#16545,.T.);
#16545 = EDGE_CURVE('',#16546,#16546,#16548,.T.);
#16546 = VERTEX_POINT('',#16547);
#16547 = CARTESIAN_POINT('',(13.,15.15,1.48));
#16548 = CIRCLE('',#16549,0.25);
#16549 = AXIS2_PLACEMENT_3D('',#16550,#16551,#16552);
#16550 = CARTESIAN_POINT('',(13.,15.4,1.48));
#16551 = DIRECTION('',(-0.,0.,-1.));
#16552 = DIRECTION('',(-0.,-1.,0.));
#16553 = FACE_BOUND('',#16554,.T.);
#16554 = EDGE_LOOP('',(#16555));
#16555 = ORIENTED_EDGE('',*,*,#16556,.T.);
#16556 = EDGE_CURVE('',#16557,#16557,#16559,.T.);
#16557 = VERTEX_POINT('',#16558);
#16558 = CARTESIAN_POINT('',(14.697056,14.447056,1.48));
#16559 = CIRCLE('',#16560,0.25);
#16560 = AXIS2_PLACEMENT_3D('',#16561,#16562,#16563);
#16561 = CARTESIAN_POINT('',(14.697056,14.697056,1.48));
#16562 = DIRECTION('',(-0.,0.,-1.));
#16563 = DIRECTION('',(-0.,-1.,0.));
#16564 = PLANE('',#16565);
#16565 = AXIS2_PLACEMENT_3D('',#16566,#16567,#16568);
#16566 = CARTESIAN_POINT('',(0.,0.,1.48));
#16567 = DIRECTION('',(0.,0.,1.));
#16568 = DIRECTION('',(1.,0.,-0.));
#16569 = ADVANCED_FACE('',(#16570),#16581,.T.);
#16570 = FACE_BOUND('',#16571,.T.);
#16571 = EDGE_LOOP('',(#16572,#16578,#16579,#16580));
#16572 = ORIENTED_EDGE('',*,*,#16573,.T.);
#16573 = EDGE_CURVE('',#15482,#16029,#16574,.T.);
#16574 = LINE('',#16575,#16576);
#16575 = CARTESIAN_POINT('',(-19.,13.,0.));
#16576 = VECTOR('',#16577,1.);
#16577 = DIRECTION('',(0.,0.,1.));
#16578 = ORIENTED_EDGE('',*,*,#16028,.T.);
#16579 = ORIENTED_EDGE('',*,*,#15417,.F.);
#16580 = ORIENTED_EDGE('',*,*,#15481,.F.);
#16581 = CYLINDRICAL_SURFACE('',#16582,5.999998931759);
#16582 = AXIS2_PLACEMENT_3D('',#16583,#16584,#16585);
#16583 = CARTESIAN_POINT('',(-13.00000106824,13.000001068241,0.));
#16584 = DIRECTION('',(0.,0.,-1.));
#16585 = DIRECTION('',(-1.,-1.780402560395E-07,-0.));
#16586 = ADVANCED_FACE('',(#16587),#16598,.T.);
#16587 = FACE_BOUND('',#16588,.T.);
#16588 = EDGE_LOOP('',(#16589,#16590,#16591,#16597));
#16589 = ORIENTED_EDGE('',*,*,#15457,.T.);
#16590 = ORIENTED_EDGE('',*,*,#16062,.T.);
#16591 = ORIENTED_EDGE('',*,*,#16592,.F.);
#16592 = EDGE_CURVE('',#15508,#16055,#16593,.T.);
#16593 = LINE('',#16594,#16595);
#16594 = CARTESIAN_POINT('',(13.,-19.,0.));
#16595 = VECTOR('',#16596,1.);
#16596 = DIRECTION('',(0.,0.,1.));
#16597 = ORIENTED_EDGE('',*,*,#15515,.F.);
#16598 = CYLINDRICAL_SURFACE('',#16599,5.999998931759);
#16599 = AXIS2_PLACEMENT_3D('',#16600,#16601,#16602);
#16600 = CARTESIAN_POINT('',(13.000001068241,-13.00000106824,0.));
#16601 = DIRECTION('',(0.,0.,-1.));
#16602 = DIRECTION('',(1.,1.780402560395E-07,0.));
#16603 = ADVANCED_FACE('',(#16604),#16615,.T.);
#16604 = FACE_BOUND('',#16605,.T.);
#16605 = EDGE_LOOP('',(#16606,#16612,#16613,#16614));
#16606 = ORIENTED_EDGE('',*,*,#16607,.T.);
#16607 = EDGE_CURVE('',#15491,#16038,#16608,.T.);
#16608 = LINE('',#16609,#16610);
#16609 = CARTESIAN_POINT('',(-19.,-13.,0.));
#16610 = VECTOR('',#16611,1.);
#16611 = DIRECTION('',(0.,0.,1.));
#16612 = ORIENTED_EDGE('',*,*,#16037,.T.);
#16613 = ORIENTED_EDGE('',*,*,#16573,.F.);
#16614 = ORIENTED_EDGE('',*,*,#15490,.F.);
#16615 = PLANE('',#16616);
#16616 = AXIS2_PLACEMENT_3D('',#16617,#16618,#16619);
#16617 = CARTESIAN_POINT('',(-19.,-13.,0.));
#16618 = DIRECTION('',(-1.,0.,0.));
#16619 = DIRECTION('',(0.,1.,0.));
#16620 = ADVANCED_FACE('',(#16621),#16632,.T.);
#16621 = FACE_BOUND('',#16622,.T.);
#16622 = EDGE_LOOP('',(#16623,#16624,#16625,#16631));
#16623 = ORIENTED_EDGE('',*,*,#16592,.T.);
#16624 = ORIENTED_EDGE('',*,*,#16054,.T.);
#16625 = ORIENTED_EDGE('',*,*,#16626,.F.);
#16626 = EDGE_CURVE('',#15499,#16046,#16627,.T.);
#16627 = LINE('',#16628,#16629);
#16628 = CARTESIAN_POINT('',(-13.,-19.,0.));
#16629 = VECTOR('',#16630,1.);
#16630 = DIRECTION('',(0.,0.,1.));
#16631 = ORIENTED_EDGE('',*,*,#15507,.F.);
#16632 = PLANE('',#16633);
#16633 = AXIS2_PLACEMENT_3D('',#16634,#16635,#16636);
#16634 = CARTESIAN_POINT('',(13.,-19.,0.));
#16635 = DIRECTION('',(0.,-1.,0.));
#16636 = DIRECTION('',(-1.,0.,0.));
#16637 = ADVANCED_FACE('',(#16638),#16644,.T.);
#16638 = FACE_BOUND('',#16639,.T.);
#16639 = EDGE_LOOP('',(#16640,#16641,#16642,#16643));
#16640 = ORIENTED_EDGE('',*,*,#16626,.T.);
#16641 = ORIENTED_EDGE('',*,*,#16045,.T.);
#16642 = ORIENTED_EDGE('',*,*,#16607,.F.);
#16643 = ORIENTED_EDGE('',*,*,#15498,.F.);
#16644 = CYLINDRICAL_SURFACE('',#16645,5.999998931759);
#16645 = AXIS2_PLACEMENT_3D('',#16646,#16647,#16648);
#16646 = CARTESIAN_POINT('',(-13.00000106824,-13.00000106824,0.));
#16647 = DIRECTION('',(0.,0.,-1.));
#16648 = DIRECTION('',(1.780402560395E-07,-1.,0.));
#16649 = ADVANCED_FACE('',(#16650),#16661,.F.);
#16650 = FACE_BOUND('',#16651,.T.);
#16651 = EDGE_LOOP('',(#16652,#16653,#16659,#16660));
#16652 = ORIENTED_EDGE('',*,*,#15525,.T.);
#16653 = ORIENTED_EDGE('',*,*,#16654,.T.);
#16654 = EDGE_CURVE('',#15526,#16073,#16655,.T.);
#16655 = LINE('',#16656,#16657);
#16656 = CARTESIAN_POINT('',(-14.697056,-14.947056,-8.1E-02));
#16657 = VECTOR('',#16658,1.);
#16658 = DIRECTION('',(0.,0.,1.));
#16659 = ORIENTED_EDGE('',*,*,#16072,.F.);
#16660 = ORIENTED_EDGE('',*,*,#16654,.F.);
#16661 = CYLINDRICAL_SURFACE('',#16662,0.25);
#16662 = AXIS2_PLACEMENT_3D('',#16663,#16664,#16665);
#16663 = CARTESIAN_POINT('',(-14.697056,-14.697056,-8.1E-02));
#16664 = DIRECTION('',(-0.,-0.,-1.));
#16665 = DIRECTION('',(-0.,-1.,0.));
#16666 = ADVANCED_FACE('',(#16667),#16678,.F.);
#16667 = FACE_BOUND('',#16668,.T.);
#16668 = EDGE_LOOP('',(#16669,#16670,#16676,#16677));
#16669 = ORIENTED_EDGE('',*,*,#15536,.T.);
#16670 = ORIENTED_EDGE('',*,*,#16671,.T.);
#16671 = EDGE_CURVE('',#15537,#16084,#16672,.T.);
#16672 = LINE('',#16673,#16674);
#16673 = CARTESIAN_POINT('',(-13.,-15.65,-8.1E-02));
#16674 = VECTOR('',#16675,1.);
#16675 = DIRECTION('',(0.,0.,1.));
#16676 = ORIENTED_EDGE('',*,*,#16083,.F.);
#16677 = ORIENTED_EDGE('',*,*,#16671,.F.);
#16678 = CYLINDRICAL_SURFACE('',#16679,0.25);
#16679 = AXIS2_PLACEMENT_3D('',#16680,#16681,#16682);
#16680 = CARTESIAN_POINT('',(-13.,-15.4,-8.1E-02));
#16681 = DIRECTION('',(-0.,-0.,-1.));
#16682 = DIRECTION('',(-0.,-1.,0.));
#16683 = ADVANCED_FACE('',(#16684),#16695,.F.);
#16684 = FACE_BOUND('',#16685,.T.);
#16685 = EDGE_LOOP('',(#16686,#16687,#16693,#16694));
#16686 = ORIENTED_EDGE('',*,*,#15547,.T.);
#16687 = ORIENTED_EDGE('',*,*,#16688,.T.);
#16688 = EDGE_CURVE('',#15548,#16095,#16689,.T.);
#16689 = LINE('',#16690,#16691);
#16690 = CARTESIAN_POINT('',(-15.4,-13.25,-8.1E-02));
#16691 = VECTOR('',#16692,1.);
#16692 = DIRECTION('',(0.,0.,1.));
#16693 = ORIENTED_EDGE('',*,*,#16094,.F.);
#16694 = ORIENTED_EDGE('',*,*,#16688,.F.);
#16695 = CYLINDRICAL_SURFACE('',#16696,0.25);
#16696 = AXIS2_PLACEMENT_3D('',#16697,#16698,#16699);
#16697 = CARTESIAN_POINT('',(-15.4,-13.,-8.1E-02));
#16698 = DIRECTION('',(-0.,-0.,-1.));
#16699 = DIRECTION('',(-0.,-1.,0.));
#16700 = ADVANCED_FACE('',(#16701),#16712,.F.);
#16701 = FACE_BOUND('',#16702,.T.);
#16702 = EDGE_LOOP('',(#16703,#16704,#16710,#16711));
#16703 = ORIENTED_EDGE('',*,*,#15558,.T.);
#16704 = ORIENTED_EDGE('',*,*,#16705,.T.);
#16705 = EDGE_CURVE('',#15559,#16106,#16706,.T.);
#16706 = LINE('',#16707,#16708);
#16707 = CARTESIAN_POINT('',(-13.,-14.6,-8.1E-02));
#16708 = VECTOR('',#16709,1.);
#16709 = DIRECTION('',(0.,0.,1.));
#16710 = ORIENTED_EDGE('',*,*,#16105,.F.);
#16711 = ORIENTED_EDGE('',*,*,#16705,.F.);
#16712 = CYLINDRICAL_SURFACE('',#16713,1.6);
#16713 = AXIS2_PLACEMENT_3D('',#16714,#16715,#16716);
#16714 = CARTESIAN_POINT('',(-13.,-13.,-8.1E-02));
#16715 = DIRECTION('',(-0.,-0.,-1.));
#16716 = DIRECTION('',(-0.,-1.,0.));
#16717 = ADVANCED_FACE('',(#16718),#16729,.F.);
#16718 = FACE_BOUND('',#16719,.T.);
#16719 = EDGE_LOOP('',(#16720,#16721,#16727,#16728));
#16720 = ORIENTED_EDGE('',*,*,#15569,.T.);
#16721 = ORIENTED_EDGE('',*,*,#16722,.T.);
#16722 = EDGE_CURVE('',#15570,#16117,#16723,.T.);
#16723 = LINE('',#16724,#16725);
#16724 = CARTESIAN_POINT('',(-11.302944,-14.947056,-8.1E-02));
#16725 = VECTOR('',#16726,1.);
#16726 = DIRECTION('',(0.,0.,1.));
#16727 = ORIENTED_EDGE('',*,*,#16116,.F.);
#16728 = ORIENTED_EDGE('',*,*,#16722,.F.);
#16729 = CYLINDRICAL_SURFACE('',#16730,0.25);
#16730 = AXIS2_PLACEMENT_3D('',#16731,#16732,#16733);
#16731 = CARTESIAN_POINT('',(-11.302944,-14.697056,-8.1E-02));
#16732 = DIRECTION('',(-0.,-0.,-1.));
#16733 = DIRECTION('',(-0.,-1.,0.));
#16734 = ADVANCED_FACE('',(#16735),#16746,.F.);
#16735 = FACE_BOUND('',#16736,.T.);
#16736 = EDGE_LOOP('',(#16737,#16738,#16744,#16745));
#16737 = ORIENTED_EDGE('',*,*,#15580,.T.);
#16738 = ORIENTED_EDGE('',*,*,#16739,.T.);
#16739 = EDGE_CURVE('',#15581,#16128,#16740,.T.);
#16740 = LINE('',#16741,#16742);
#16741 = CARTESIAN_POINT('',(-10.6,-13.25,-8.1E-02));
#16742 = VECTOR('',#16743,1.);
#16743 = DIRECTION('',(0.,0.,1.));
#16744 = ORIENTED_EDGE('',*,*,#16127,.F.);
#16745 = ORIENTED_EDGE('',*,*,#16739,.F.);
#16746 = CYLINDRICAL_SURFACE('',#16747,0.25);
#16747 = AXIS2_PLACEMENT_3D('',#16748,#16749,#16750);
#16748 = CARTESIAN_POINT('',(-10.6,-13.,-8.1E-02));
#16749 = DIRECTION('',(-0.,-0.,-1.));
#16750 = DIRECTION('',(-0.,-1.,0.));
#16751 = ADVANCED_FACE('',(#16752),#16763,.F.);
#16752 = FACE_BOUND('',#16753,.T.);
#16753 = EDGE_LOOP('',(#16754,#16755,#16761,#16762));
#16754 = ORIENTED_EDGE('',*,*,#15591,.T.);
#16755 = ORIENTED_EDGE('',*,*,#16756,.T.);
#16756 = EDGE_CURVE('',#15592,#16139,#16757,.T.);
#16757 = LINE('',#16758,#16759);
#16758 = CARTESIAN_POINT('',(-14.697056,-11.552944,-8.1E-02));
#16759 = VECTOR('',#16760,1.);
#16760 = DIRECTION('',(0.,0.,1.));
#16761 = ORIENTED_EDGE('',*,*,#16138,.F.);
#16762 = ORIENTED_EDGE('',*,*,#16756,.F.);
#16763 = CYLINDRICAL_SURFACE('',#16764,0.25);
#16764 = AXIS2_PLACEMENT_3D('',#16765,#16766,#16767);
#16765 = CARTESIAN_POINT('',(-14.697056,-11.302944,-8.1E-02));
#16766 = DIRECTION('',(-0.,-0.,-1.));
#16767 = DIRECTION('',(-0.,-1.,0.));
#16768 = ADVANCED_FACE('',(#16769),#16780,.F.);
#16769 = FACE_BOUND('',#16770,.T.);
#16770 = EDGE_LOOP('',(#16771,#16772,#16778,#16779));
#16771 = ORIENTED_EDGE('',*,*,#15602,.T.);
#16772 = ORIENTED_EDGE('',*,*,#16773,.T.);
#16773 = EDGE_CURVE('',#15603,#16150,#16774,.T.);
#16774 = LINE('',#16775,#16776);
#16775 = CARTESIAN_POINT('',(-13.,-10.85,-8.1E-02));
#16776 = VECTOR('',#16777,1.);
#16777 = DIRECTION('',(0.,0.,1.));
#16778 = ORIENTED_EDGE('',*,*,#16149,.F.);
#16779 = ORIENTED_EDGE('',*,*,#16773,.F.);
#16780 = CYLINDRICAL_SURFACE('',#16781,0.25);
#16781 = AXIS2_PLACEMENT_3D('',#16782,#16783,#16784);
#16782 = CARTESIAN_POINT('',(-13.,-10.6,-8.1E-02));
#16783 = DIRECTION('',(-0.,-0.,-1.));
#16784 = DIRECTION('',(-0.,-1.,0.));
#16785 = ADVANCED_FACE('',(#16786),#16797,.F.);
#16786 = FACE_BOUND('',#16787,.T.);
#16787 = EDGE_LOOP('',(#16788,#16789,#16795,#16796));
#16788 = ORIENTED_EDGE('',*,*,#15613,.T.);
#16789 = ORIENTED_EDGE('',*,*,#16790,.T.);
#16790 = EDGE_CURVE('',#15614,#16161,#16791,.T.);
#16791 = LINE('',#16792,#16793);
#16792 = CARTESIAN_POINT('',(-11.302944,-11.552944,-8.1E-02));
#16793 = VECTOR('',#16794,1.);
#16794 = DIRECTION('',(0.,0.,1.));
#16795 = ORIENTED_EDGE('',*,*,#16160,.F.);
#16796 = ORIENTED_EDGE('',*,*,#16790,.F.);
#16797 = CYLINDRICAL_SURFACE('',#16798,0.25);
#16798 = AXIS2_PLACEMENT_3D('',#16799,#16800,#16801);
#16799 = CARTESIAN_POINT('',(-11.302944,-11.302944,-8.1E-02));
#16800 = DIRECTION('',(-0.,-0.,-1.));
#16801 = DIRECTION('',(-0.,-1.,0.));
#16802 = ADVANCED_FACE('',(#16803),#16814,.F.);
#16803 = FACE_BOUND('',#16804,.T.);
#16804 = EDGE_LOOP('',(#16805,#16806,#16812,#16813));
#16805 = ORIENTED_EDGE('',*,*,#15624,.T.);
#16806 = ORIENTED_EDGE('',*,*,#16807,.T.);
#16807 = EDGE_CURVE('',#15625,#16172,#16808,.T.);
#16808 = LINE('',#16809,#16810);
#16809 = CARTESIAN_POINT('',(-2.4,-10.25,-8.1E-02));
#16810 = VECTOR('',#16811,1.);
#16811 = DIRECTION('',(0.,0.,1.));
#16812 = ORIENTED_EDGE('',*,*,#16171,.F.);
#16813 = ORIENTED_EDGE('',*,*,#16807,.F.);
#16814 = CYLINDRICAL_SURFACE('',#16815,0.25);
#16815 = AXIS2_PLACEMENT_3D('',#16816,#16817,#16818);
#16816 = CARTESIAN_POINT('',(-2.4,-10.,-8.1E-02));
#16817 = DIRECTION('',(-0.,-0.,-1.));
#16818 = DIRECTION('',(-0.,-1.,0.));
#16819 = ADVANCED_FACE('',(#16820),#16831,.F.);
#16820 = FACE_BOUND('',#16821,.T.);
#16821 = EDGE_LOOP('',(#16822,#16823,#16829,#16830));
#16822 = ORIENTED_EDGE('',*,*,#15635,.T.);
#16823 = ORIENTED_EDGE('',*,*,#16824,.T.);
#16824 = EDGE_CURVE('',#15636,#16183,#16825,.T.);
#16825 = LINE('',#16826,#16827);
#16826 = CARTESIAN_POINT('',(-1.697056,-11.947056,-8.1E-02));
#16827 = VECTOR('',#16828,1.);
#16828 = DIRECTION('',(0.,0.,1.));
#16829 = ORIENTED_EDGE('',*,*,#16182,.F.);
#16830 = ORIENTED_EDGE('',*,*,#16824,.F.);
#16831 = CYLINDRICAL_SURFACE('',#16832,0.25);
#16832 = AXIS2_PLACEMENT_3D('',#16833,#16834,#16835);
#16833 = CARTESIAN_POINT('',(-1.697056,-11.697056,-8.1E-02));
#16834 = DIRECTION('',(-0.,-0.,-1.));
#16835 = DIRECTION('',(-0.,-1.,0.));
#16836 = ADVANCED_FACE('',(#16837),#16848,.F.);
#16837 = FACE_BOUND('',#16838,.T.);
#16838 = EDGE_LOOP('',(#16839,#16840,#16846,#16847));
#16839 = ORIENTED_EDGE('',*,*,#15646,.T.);
#16840 = ORIENTED_EDGE('',*,*,#16841,.T.);
#16841 = EDGE_CURVE('',#15647,#16194,#16842,.T.);
#16842 = LINE('',#16843,#16844);
#16843 = CARTESIAN_POINT('',(-1.697056,-8.552944,-8.1E-02));
#16844 = VECTOR('',#16845,1.);
#16845 = DIRECTION('',(0.,0.,1.));
#16846 = ORIENTED_EDGE('',*,*,#16193,.F.);
#16847 = ORIENTED_EDGE('',*,*,#16841,.F.);
#16848 = CYLINDRICAL_SURFACE('',#16849,0.25);
#16849 = AXIS2_PLACEMENT_3D('',#16850,#16851,#16852);
#16850 = CARTESIAN_POINT('',(-1.697056,-8.302944,-8.1E-02));
#16851 = DIRECTION('',(-0.,-0.,-1.));
#16852 = DIRECTION('',(-0.,-1.,0.));
#16853 = ADVANCED_FACE('',(#16854),#16865,.F.);
#16854 = FACE_BOUND('',#16855,.T.);
#16855 = EDGE_LOOP('',(#16856,#16857,#16863,#16864));
#16856 = ORIENTED_EDGE('',*,*,#15657,.T.);
#16857 = ORIENTED_EDGE('',*,*,#16858,.T.);
#16858 = EDGE_CURVE('',#15658,#16205,#16859,.T.);
#16859 = LINE('',#16860,#16861);
#16860 = CARTESIAN_POINT('',(0.,-12.65,-8.1E-02));
#16861 = VECTOR('',#16862,1.);
#16862 = DIRECTION('',(0.,0.,1.));
#16863 = ORIENTED_EDGE('',*,*,#16204,.F.);
#16864 = ORIENTED_EDGE('',*,*,#16858,.F.);
#16865 = CYLINDRICAL_SURFACE('',#16866,0.25);
#16866 = AXIS2_PLACEMENT_3D('',#16867,#16868,#16869);
#16867 = CARTESIAN_POINT('',(-1.387778780781E-17,-12.4,-8.1E-02));
#16868 = DIRECTION('',(-0.,0.,-1.));
#16869 = DIRECTION('',(5.551115123126E-17,-1.,-0.));
#16870 = ADVANCED_FACE('',(#16871),#16882,.F.);
#16871 = FACE_BOUND('',#16872,.T.);
#16872 = EDGE_LOOP('',(#16873,#16874,#16880,#16881));
#16873 = ORIENTED_EDGE('',*,*,#15668,.T.);
#16874 = ORIENTED_EDGE('',*,*,#16875,.T.);
#16875 = EDGE_CURVE('',#15669,#16216,#16876,.T.);
#16876 = LINE('',#16877,#16878);
#16877 = CARTESIAN_POINT('',(1.697056,-11.947056,-8.1E-02));
#16878 = VECTOR('',#16879,1.);
#16879 = DIRECTION('',(0.,0.,1.));
#16880 = ORIENTED_EDGE('',*,*,#16215,.F.);
#16881 = ORIENTED_EDGE('',*,*,#16875,.F.);
#16882 = CYLINDRICAL_SURFACE('',#16883,0.25);
#16883 = AXIS2_PLACEMENT_3D('',#16884,#16885,#16886);
#16884 = CARTESIAN_POINT('',(1.697056,-11.697056,-8.1E-02));
#16885 = DIRECTION('',(-0.,-0.,-1.));
#16886 = DIRECTION('',(-0.,-1.,0.));
#16887 = ADVANCED_FACE('',(#16888),#16899,.F.);
#16888 = FACE_BOUND('',#16889,.T.);
#16889 = EDGE_LOOP('',(#16890,#16891,#16897,#16898));
#16890 = ORIENTED_EDGE('',*,*,#15679,.T.);
#16891 = ORIENTED_EDGE('',*,*,#16892,.T.);
#16892 = EDGE_CURVE('',#15680,#16227,#16893,.T.);
#16893 = LINE('',#16894,#16895);
#16894 = CARTESIAN_POINT('',(0.,-11.6,-8.1E-02));
#16895 = VECTOR('',#16896,1.);
#16896 = DIRECTION('',(0.,0.,1.));
#16897 = ORIENTED_EDGE('',*,*,#16226,.F.);
#16898 = ORIENTED_EDGE('',*,*,#16892,.F.);
#16899 = CYLINDRICAL_SURFACE('',#16900,1.6);
#16900 = AXIS2_PLACEMENT_3D('',#16901,#16902,#16903);
#16901 = CARTESIAN_POINT('',(-1.110223024625E-16,-10.,-8.1E-02));
#16902 = DIRECTION('',(-0.,0.,-1.));
#16903 = DIRECTION('',(6.938893903907E-17,-1.,-0.));
#16904 = ADVANCED_FACE('',(#16905),#16916,.F.);
#16905 = FACE_BOUND('',#16906,.T.);
#16906 = EDGE_LOOP('',(#16907,#16908,#16914,#16915));
#16907 = ORIENTED_EDGE('',*,*,#15690,.T.);
#16908 = ORIENTED_EDGE('',*,*,#16909,.T.);
#16909 = EDGE_CURVE('',#15691,#16238,#16910,.T.);
#16910 = LINE('',#16911,#16912);
#16911 = CARTESIAN_POINT('',(2.4,-10.25,-8.1E-02));
#16912 = VECTOR('',#16913,1.);
#16913 = DIRECTION('',(0.,0.,1.));
#16914 = ORIENTED_EDGE('',*,*,#16237,.F.);
#16915 = ORIENTED_EDGE('',*,*,#16909,.F.);
#16916 = CYLINDRICAL_SURFACE('',#16917,0.25);
#16917 = AXIS2_PLACEMENT_3D('',#16918,#16919,#16920);
#16918 = CARTESIAN_POINT('',(2.4,-10.,-8.1E-02));
#16919 = DIRECTION('',(-0.,-0.,-1.));
#16920 = DIRECTION('',(-0.,-1.,0.));
#16921 = ADVANCED_FACE('',(#16922),#16933,.F.);
#16922 = FACE_BOUND('',#16923,.T.);
#16923 = EDGE_LOOP('',(#16924,#16925,#16931,#16932));
#16924 = ORIENTED_EDGE('',*,*,#15701,.T.);
#16925 = ORIENTED_EDGE('',*,*,#16926,.T.);
#16926 = EDGE_CURVE('',#15702,#16249,#16927,.T.);
#16927 = LINE('',#16928,#16929);
#16928 = CARTESIAN_POINT('',(1.697056,-8.552944,-8.1E-02));
#16929 = VECTOR('',#16930,1.);
#16930 = DIRECTION('',(0.,0.,1.));
#16931 = ORIENTED_EDGE('',*,*,#16248,.F.);
#16932 = ORIENTED_EDGE('',*,*,#16926,.F.);
#16933 = CYLINDRICAL_SURFACE('',#16934,0.25);
#16934 = AXIS2_PLACEMENT_3D('',#16935,#16936,#16937);
#16935 = CARTESIAN_POINT('',(1.697056,-8.302944,-8.1E-02));
#16936 = DIRECTION('',(-0.,-0.,-1.));
#16937 = DIRECTION('',(-0.,-1.,0.));
#16938 = ADVANCED_FACE('',(#16939),#16950,.F.);
#16939 = FACE_BOUND('',#16940,.T.);
#16940 = EDGE_LOOP('',(#16941,#16942,#16948,#16949));
#16941 = ORIENTED_EDGE('',*,*,#15712,.T.);
#16942 = ORIENTED_EDGE('',*,*,#16943,.T.);
#16943 = EDGE_CURVE('',#15713,#16260,#16944,.T.);
#16944 = LINE('',#16945,#16946);
#16945 = CARTESIAN_POINT('',(11.302944,-14.947056,-8.1E-02));
#16946 = VECTOR('',#16947,1.);
#16947 = DIRECTION('',(0.,0.,1.));
#16948 = ORIENTED_EDGE('',*,*,#16259,.F.);
#16949 = ORIENTED_EDGE('',*,*,#16943,.F.);
#16950 = CYLINDRICAL_SURFACE('',#16951,0.25);
#16951 = AXIS2_PLACEMENT_3D('',#16952,#16953,#16954);
#16952 = CARTESIAN_POINT('',(11.302944,-14.697056,-8.1E-02));
#16953 = DIRECTION('',(-0.,-0.,-1.));
#16954 = DIRECTION('',(-0.,-1.,0.));
#16955 = ADVANCED_FACE('',(#16956),#16967,.F.);
#16956 = FACE_BOUND('',#16957,.T.);
#16957 = EDGE_LOOP('',(#16958,#16959,#16965,#16966));
#16958 = ORIENTED_EDGE('',*,*,#15723,.T.);
#16959 = ORIENTED_EDGE('',*,*,#16960,.T.);
#16960 = EDGE_CURVE('',#15724,#16271,#16961,.T.);
#16961 = LINE('',#16962,#16963);
#16962 = CARTESIAN_POINT('',(10.6,-13.25,-8.1E-02));
#16963 = VECTOR('',#16964,1.);
#16964 = DIRECTION('',(0.,0.,1.));
#16965 = ORIENTED_EDGE('',*,*,#16270,.F.);
#16966 = ORIENTED_EDGE('',*,*,#16960,.F.);
#16967 = CYLINDRICAL_SURFACE('',#16968,0.25);
#16968 = AXIS2_PLACEMENT_3D('',#16969,#16970,#16971);
#16969 = CARTESIAN_POINT('',(10.6,-13.,-8.1E-02));
#16970 = DIRECTION('',(-0.,-0.,-1.));
#16971 = DIRECTION('',(-0.,-1.,0.));
#16972 = ADVANCED_FACE('',(#16973),#16984,.F.);
#16973 = FACE_BOUND('',#16974,.T.);
#16974 = EDGE_LOOP('',(#16975,#16976,#16982,#16983));
#16975 = ORIENTED_EDGE('',*,*,#15734,.T.);
#16976 = ORIENTED_EDGE('',*,*,#16977,.T.);
#16977 = EDGE_CURVE('',#15735,#16282,#16978,.T.);
#16978 = LINE('',#16979,#16980);
#16979 = CARTESIAN_POINT('',(13.,-15.65,-8.1E-02));
#16980 = VECTOR('',#16981,1.);
#16981 = DIRECTION('',(0.,0.,1.));
#16982 = ORIENTED_EDGE('',*,*,#16281,.F.);
#16983 = ORIENTED_EDGE('',*,*,#16977,.F.);
#16984 = CYLINDRICAL_SURFACE('',#16985,0.25);
#16985 = AXIS2_PLACEMENT_3D('',#16986,#16987,#16988);
#16986 = CARTESIAN_POINT('',(13.,-15.4,-8.1E-02));
#16987 = DIRECTION('',(-0.,-0.,-1.));
#16988 = DIRECTION('',(-0.,-1.,0.));
#16989 = ADVANCED_FACE('',(#16990),#17001,.F.);
#16990 = FACE_BOUND('',#16991,.T.);
#16991 = EDGE_LOOP('',(#16992,#16993,#16999,#17000));
#16992 = ORIENTED_EDGE('',*,*,#15745,.T.);
#16993 = ORIENTED_EDGE('',*,*,#16994,.T.);
#16994 = EDGE_CURVE('',#15746,#16293,#16995,.T.);
#16995 = LINE('',#16996,#16997);
#16996 = CARTESIAN_POINT('',(14.697056,-14.947056,-8.1E-02));
#16997 = VECTOR('',#16998,1.);
#16998 = DIRECTION('',(0.,0.,1.));
#16999 = ORIENTED_EDGE('',*,*,#16292,.F.);
#17000 = ORIENTED_EDGE('',*,*,#16994,.F.);
#17001 = CYLINDRICAL_SURFACE('',#17002,0.25);
#17002 = AXIS2_PLACEMENT_3D('',#17003,#17004,#17005);
#17003 = CARTESIAN_POINT('',(14.697056,-14.697056,-8.1E-02));
#17004 = DIRECTION('',(-0.,-0.,-1.));
#17005 = DIRECTION('',(-0.,-1.,0.));
#17006 = ADVANCED_FACE('',(#17007),#17018,.F.);
#17007 = FACE_BOUND('',#17008,.T.);
#17008 = EDGE_LOOP('',(#17009,#17010,#17016,#17017));
#17009 = ORIENTED_EDGE('',*,*,#15756,.T.);
#17010 = ORIENTED_EDGE('',*,*,#17011,.T.);
#17011 = EDGE_CURVE('',#15757,#16304,#17012,.T.);
#17012 = LINE('',#17013,#17014);
#17013 = CARTESIAN_POINT('',(13.,-14.6,-8.1E-02));
#17014 = VECTOR('',#17015,1.);
#17015 = DIRECTION('',(0.,0.,1.));
#17016 = ORIENTED_EDGE('',*,*,#16303,.F.);
#17017 = ORIENTED_EDGE('',*,*,#17011,.F.);
#17018 = CYLINDRICAL_SURFACE('',#17019,1.6);
#17019 = AXIS2_PLACEMENT_3D('',#17020,#17021,#17022);
#17020 = CARTESIAN_POINT('',(13.,-13.,-8.1E-02));
#17021 = DIRECTION('',(-0.,-0.,-1.));
#17022 = DIRECTION('',(-0.,-1.,0.));
#17023 = ADVANCED_FACE('',(#17024),#17035,.F.);
#17024 = FACE_BOUND('',#17025,.T.);
#17025 = EDGE_LOOP('',(#17026,#17027,#17033,#17034));
#17026 = ORIENTED_EDGE('',*,*,#15767,.T.);
#17027 = ORIENTED_EDGE('',*,*,#17028,.T.);
#17028 = EDGE_CURVE('',#15768,#16315,#17029,.T.);
#17029 = LINE('',#17030,#17031);
#17030 = CARTESIAN_POINT('',(15.4,-13.25,-8.1E-02));
#17031 = VECTOR('',#17032,1.);
#17032 = DIRECTION('',(0.,0.,1.));
#17033 = ORIENTED_EDGE('',*,*,#16314,.F.);
#17034 = ORIENTED_EDGE('',*,*,#17028,.F.);
#17035 = CYLINDRICAL_SURFACE('',#17036,0.25);
#17036 = AXIS2_PLACEMENT_3D('',#17037,#17038,#17039);
#17037 = CARTESIAN_POINT('',(15.4,-13.,-8.1E-02));
#17038 = DIRECTION('',(-0.,-0.,-1.));
#17039 = DIRECTION('',(-0.,-1.,0.));
#17040 = ADVANCED_FACE('',(#17041),#17052,.F.);
#17041 = FACE_BOUND('',#17042,.T.);
#17042 = EDGE_LOOP('',(#17043,#17044,#17050,#17051));
#17043 = ORIENTED_EDGE('',*,*,#15778,.T.);
#17044 = ORIENTED_EDGE('',*,*,#17045,.T.);
#17045 = EDGE_CURVE('',#15779,#16326,#17046,.T.);
#17046 = LINE('',#17047,#17048);
#17047 = CARTESIAN_POINT('',(11.302944,-11.552944,-8.1E-02));
#17048 = VECTOR('',#17049,1.);
#17049 = DIRECTION('',(0.,0.,1.));
#17050 = ORIENTED_EDGE('',*,*,#16325,.F.);
#17051 = ORIENTED_EDGE('',*,*,#17045,.F.);
#17052 = CYLINDRICAL_SURFACE('',#17053,0.25);
#17053 = AXIS2_PLACEMENT_3D('',#17054,#17055,#17056);
#17054 = CARTESIAN_POINT('',(11.302944,-11.302944,-8.1E-02));
#17055 = DIRECTION('',(-0.,-0.,-1.));
#17056 = DIRECTION('',(-0.,-1.,0.));
#17057 = ADVANCED_FACE('',(#17058),#17069,.F.);
#17058 = FACE_BOUND('',#17059,.T.);
#17059 = EDGE_LOOP('',(#17060,#17061,#17067,#17068));
#17060 = ORIENTED_EDGE('',*,*,#15789,.T.);
#17061 = ORIENTED_EDGE('',*,*,#17062,.T.);
#17062 = EDGE_CURVE('',#15790,#16337,#17063,.T.);
#17063 = LINE('',#17064,#17065);
#17064 = CARTESIAN_POINT('',(13.,-10.85,-8.1E-02));
#17065 = VECTOR('',#17066,1.);
#17066 = DIRECTION('',(0.,0.,1.));
#17067 = ORIENTED_EDGE('',*,*,#16336,.F.);
#17068 = ORIENTED_EDGE('',*,*,#17062,.F.);
#17069 = CYLINDRICAL_SURFACE('',#17070,0.25);
#17070 = AXIS2_PLACEMENT_3D('',#17071,#17072,#17073);
#17071 = CARTESIAN_POINT('',(13.,-10.6,-8.1E-02));
#17072 = DIRECTION('',(-0.,-0.,-1.));
#17073 = DIRECTION('',(-0.,-1.,0.));
#17074 = ADVANCED_FACE('',(#17075),#17086,.F.);
#17075 = FACE_BOUND('',#17076,.T.);
#17076 = EDGE_LOOP('',(#17077,#17078,#17084,#17085));
#17077 = ORIENTED_EDGE('',*,*,#15800,.T.);
#17078 = ORIENTED_EDGE('',*,*,#17079,.T.);
#17079 = EDGE_CURVE('',#15801,#16348,#17080,.T.);
#17080 = LINE('',#17081,#17082);
#17081 = CARTESIAN_POINT('',(14.697056,-11.552944,-8.1E-02));
#17082 = VECTOR('',#17083,1.);
#17083 = DIRECTION('',(0.,0.,1.));
#17084 = ORIENTED_EDGE('',*,*,#16347,.F.);
#17085 = ORIENTED_EDGE('',*,*,#17079,.F.);
#17086 = CYLINDRICAL_SURFACE('',#17087,0.25);
#17087 = AXIS2_PLACEMENT_3D('',#17088,#17089,#17090);
#17088 = CARTESIAN_POINT('',(14.697056,-11.302944,-8.1E-02));
#17089 = DIRECTION('',(-0.,-0.,-1.));
#17090 = DIRECTION('',(-0.,-1.,0.));
#17091 = ADVANCED_FACE('',(#17092),#17103,.F.);
#17092 = FACE_BOUND('',#17093,.T.);
#17093 = EDGE_LOOP('',(#17094,#17095,#17101,#17102));
#17094 = ORIENTED_EDGE('',*,*,#15811,.T.);
#17095 = ORIENTED_EDGE('',*,*,#17096,.T.);
#17096 = EDGE_CURVE('',#15812,#16359,#17097,.T.);
#17097 = LINE('',#17098,#17099);
#17098 = CARTESIAN_POINT('',(0.,-7.85,-8.1E-02));
#17099 = VECTOR('',#17100,1.);
#17100 = DIRECTION('',(0.,0.,1.));
#17101 = ORIENTED_EDGE('',*,*,#16358,.F.);
#17102 = ORIENTED_EDGE('',*,*,#17096,.F.);
#17103 = CYLINDRICAL_SURFACE('',#17104,0.25);
#17104 = AXIS2_PLACEMENT_3D('',#17105,#17106,#17107);
#17105 = CARTESIAN_POINT('',(-1.387778780781E-17,-7.6,-8.1E-02));
#17106 = DIRECTION('',(-0.,0.,-1.));
#17107 = DIRECTION('',(5.551115123126E-17,-1.,-0.));
#17108 = ADVANCED_FACE('',(#17109),#17120,.F.);
#17109 = FACE_BOUND('',#17110,.T.);
#17110 = EDGE_LOOP('',(#17111,#17112,#17118,#17119));
#17111 = ORIENTED_EDGE('',*,*,#15822,.T.);
#17112 = ORIENTED_EDGE('',*,*,#17113,.T.);
#17113 = EDGE_CURVE('',#15823,#16370,#17114,.T.);
#17114 = LINE('',#17115,#17116);
#17115 = CARTESIAN_POINT('',(-14.697056,11.052944,-8.1E-02));
#17116 = VECTOR('',#17117,1.);
#17117 = DIRECTION('',(0.,0.,1.));
#17118 = ORIENTED_EDGE('',*,*,#16369,.F.);
#17119 = ORIENTED_EDGE('',*,*,#17113,.F.);
#17120 = CYLINDRICAL_SURFACE('',#17121,0.25);
#17121 = AXIS2_PLACEMENT_3D('',#17122,#17123,#17124);
#17122 = CARTESIAN_POINT('',(-14.697056,11.302944,-8.1E-02));
#17123 = DIRECTION('',(-0.,-0.,-1.));
#17124 = DIRECTION('',(-0.,-1.,0.));
#17125 = ADVANCED_FACE('',(#17126),#17137,.F.);
#17126 = FACE_BOUND('',#17127,.T.);
#17127 = EDGE_LOOP('',(#17128,#17129,#17135,#17136));
#17128 = ORIENTED_EDGE('',*,*,#15833,.T.);
#17129 = ORIENTED_EDGE('',*,*,#17130,.T.);
#17130 = EDGE_CURVE('',#15834,#16381,#17131,.T.);
#17131 = LINE('',#17132,#17133);
#17132 = CARTESIAN_POINT('',(-13.,10.35,-8.1E-02));
#17133 = VECTOR('',#17134,1.);
#17134 = DIRECTION('',(0.,0.,1.));
#17135 = ORIENTED_EDGE('',*,*,#16380,.F.);
#17136 = ORIENTED_EDGE('',*,*,#17130,.F.);
#17137 = CYLINDRICAL_SURFACE('',#17138,0.25);
#17138 = AXIS2_PLACEMENT_3D('',#17139,#17140,#17141);
#17139 = CARTESIAN_POINT('',(-13.,10.6,-8.1E-02));
#17140 = DIRECTION('',(-0.,-0.,-1.));
#17141 = DIRECTION('',(-0.,-1.,0.));
#17142 = ADVANCED_FACE('',(#17143),#17154,.F.);
#17143 = FACE_BOUND('',#17144,.T.);
#17144 = EDGE_LOOP('',(#17145,#17146,#17152,#17153));
#17145 = ORIENTED_EDGE('',*,*,#15844,.T.);
#17146 = ORIENTED_EDGE('',*,*,#17147,.T.);
#17147 = EDGE_CURVE('',#15845,#16392,#17148,.T.);
#17148 = LINE('',#17149,#17150);
#17149 = CARTESIAN_POINT('',(-11.302944,11.052944,-8.1E-02));
#17150 = VECTOR('',#17151,1.);
#17151 = DIRECTION('',(0.,0.,1.));
#17152 = ORIENTED_EDGE('',*,*,#16391,.F.);
#17153 = ORIENTED_EDGE('',*,*,#17147,.F.);
#17154 = CYLINDRICAL_SURFACE('',#17155,0.25);
#17155 = AXIS2_PLACEMENT_3D('',#17156,#17157,#17158);
#17156 = CARTESIAN_POINT('',(-11.302944,11.302944,-8.1E-02));
#17157 = DIRECTION('',(-0.,-0.,-1.));
#17158 = DIRECTION('',(-0.,-1.,0.));
#17159 = ADVANCED_FACE('',(#17160),#17171,.F.);
#17160 = FACE_BOUND('',#17161,.T.);
#17161 = EDGE_LOOP('',(#17162,#17163,#17169,#17170));
#17162 = ORIENTED_EDGE('',*,*,#15855,.T.);
#17163 = ORIENTED_EDGE('',*,*,#17164,.T.);
#17164 = EDGE_CURVE('',#15856,#16403,#17165,.T.);
#17165 = LINE('',#17166,#17167);
#17166 = CARTESIAN_POINT('',(-15.4,12.75,-8.1E-02));
#17167 = VECTOR('',#17168,1.);
#17168 = DIRECTION('',(0.,0.,1.));
#17169 = ORIENTED_EDGE('',*,*,#16402,.F.);
#17170 = ORIENTED_EDGE('',*,*,#17164,.F.);
#17171 = CYLINDRICAL_SURFACE('',#17172,0.25);
#17172 = AXIS2_PLACEMENT_3D('',#17173,#17174,#17175);
#17173 = CARTESIAN_POINT('',(-15.4,13.,-8.1E-02));
#17174 = DIRECTION('',(-0.,-0.,-1.));
#17175 = DIRECTION('',(-0.,-1.,0.));
#17176 = ADVANCED_FACE('',(#17177),#17188,.F.);
#17177 = FACE_BOUND('',#17178,.T.);
#17178 = EDGE_LOOP('',(#17179,#17180,#17186,#17187));
#17179 = ORIENTED_EDGE('',*,*,#15866,.T.);
#17180 = ORIENTED_EDGE('',*,*,#17181,.T.);
#17181 = EDGE_CURVE('',#15867,#16414,#17182,.T.);
#17182 = LINE('',#17183,#17184);
#17183 = CARTESIAN_POINT('',(-13.,11.4,-8.1E-02));
#17184 = VECTOR('',#17185,1.);
#17185 = DIRECTION('',(0.,0.,1.));
#17186 = ORIENTED_EDGE('',*,*,#16413,.F.);
#17187 = ORIENTED_EDGE('',*,*,#17181,.F.);
#17188 = CYLINDRICAL_SURFACE('',#17189,1.6);
#17189 = AXIS2_PLACEMENT_3D('',#17190,#17191,#17192);
#17190 = CARTESIAN_POINT('',(-13.,13.,-8.1E-02));
#17191 = DIRECTION('',(-0.,-0.,-1.));
#17192 = DIRECTION('',(-0.,-1.,0.));
#17193 = ADVANCED_FACE('',(#17194),#17205,.F.);
#17194 = FACE_BOUND('',#17195,.T.);
#17195 = EDGE_LOOP('',(#17196,#17197,#17203,#17204));
#17196 = ORIENTED_EDGE('',*,*,#15877,.T.);
#17197 = ORIENTED_EDGE('',*,*,#17198,.T.);
#17198 = EDGE_CURVE('',#15878,#16425,#17199,.T.);
#17199 = LINE('',#17200,#17201);
#17200 = CARTESIAN_POINT('',(-14.697056,14.447056,-8.1E-02));
#17201 = VECTOR('',#17202,1.);
#17202 = DIRECTION('',(0.,0.,1.));
#17203 = ORIENTED_EDGE('',*,*,#16424,.F.);
#17204 = ORIENTED_EDGE('',*,*,#17198,.F.);
#17205 = CYLINDRICAL_SURFACE('',#17206,0.25);
#17206 = AXIS2_PLACEMENT_3D('',#17207,#17208,#17209);
#17207 = CARTESIAN_POINT('',(-14.697056,14.697056,-8.1E-02));
#17208 = DIRECTION('',(-0.,-0.,-1.));
#17209 = DIRECTION('',(-0.,-1.,0.));
#17210 = ADVANCED_FACE('',(#17211),#17222,.F.);
#17211 = FACE_BOUND('',#17212,.T.);
#17212 = EDGE_LOOP('',(#17213,#17214,#17220,#17221));
#17213 = ORIENTED_EDGE('',*,*,#15888,.T.);
#17214 = ORIENTED_EDGE('',*,*,#17215,.T.);
#17215 = EDGE_CURVE('',#15889,#16436,#17216,.T.);
#17216 = LINE('',#17217,#17218);
#17217 = CARTESIAN_POINT('',(-13.,15.15,-8.1E-02));
#17218 = VECTOR('',#17219,1.);
#17219 = DIRECTION('',(0.,0.,1.));
#17220 = ORIENTED_EDGE('',*,*,#16435,.F.);
#17221 = ORIENTED_EDGE('',*,*,#17215,.F.);
#17222 = CYLINDRICAL_SURFACE('',#17223,0.25);
#17223 = AXIS2_PLACEMENT_3D('',#17224,#17225,#17226);
#17224 = CARTESIAN_POINT('',(-13.,15.4,-8.1E-02));
#17225 = DIRECTION('',(-0.,-0.,-1.));
#17226 = DIRECTION('',(-0.,-1.,0.));
#17227 = ADVANCED_FACE('',(#17228),#17239,.F.);
#17228 = FACE_BOUND('',#17229,.T.);
#17229 = EDGE_LOOP('',(#17230,#17231,#17237,#17238));
#17230 = ORIENTED_EDGE('',*,*,#15899,.T.);
#17231 = ORIENTED_EDGE('',*,*,#17232,.T.);
#17232 = EDGE_CURVE('',#15900,#16447,#17233,.T.);
#17233 = LINE('',#17234,#17235);
#17234 = CARTESIAN_POINT('',(-10.6,12.75,-8.1E-02));
#17235 = VECTOR('',#17236,1.);
#17236 = DIRECTION('',(0.,0.,1.));
#17237 = ORIENTED_EDGE('',*,*,#16446,.F.);
#17238 = ORIENTED_EDGE('',*,*,#17232,.F.);
#17239 = CYLINDRICAL_SURFACE('',#17240,0.25);
#17240 = AXIS2_PLACEMENT_3D('',#17241,#17242,#17243);
#17241 = CARTESIAN_POINT('',(-10.6,13.,-8.1E-02));
#17242 = DIRECTION('',(-0.,-0.,-1.));
#17243 = DIRECTION('',(-0.,-1.,0.));
#17244 = ADVANCED_FACE('',(#17245),#17256,.F.);
#17245 = FACE_BOUND('',#17246,.T.);
#17246 = EDGE_LOOP('',(#17247,#17248,#17254,#17255));
#17247 = ORIENTED_EDGE('',*,*,#15910,.T.);
#17248 = ORIENTED_EDGE('',*,*,#17249,.T.);
#17249 = EDGE_CURVE('',#15911,#16458,#17250,.T.);
#17250 = LINE('',#17251,#17252);
#17251 = CARTESIAN_POINT('',(-11.302944,14.447056,-8.1E-02));
#17252 = VECTOR('',#17253,1.);
#17253 = DIRECTION('',(0.,0.,1.));
#17254 = ORIENTED_EDGE('',*,*,#16457,.F.);
#17255 = ORIENTED_EDGE('',*,*,#17249,.F.);
#17256 = CYLINDRICAL_SURFACE('',#17257,0.25);
#17257 = AXIS2_PLACEMENT_3D('',#17258,#17259,#17260);
#17258 = CARTESIAN_POINT('',(-11.302944,14.697056,-8.1E-02));
#17259 = DIRECTION('',(-0.,-0.,-1.));
#17260 = DIRECTION('',(-0.,-1.,0.));
#17261 = ADVANCED_FACE('',(#17262),#17273,.F.);
#17262 = FACE_BOUND('',#17263,.T.);
#17263 = EDGE_LOOP('',(#17264,#17265,#17271,#17272));
#17264 = ORIENTED_EDGE('',*,*,#15921,.T.);
#17265 = ORIENTED_EDGE('',*,*,#17266,.T.);
#17266 = EDGE_CURVE('',#15922,#16469,#17267,.T.);
#17267 = LINE('',#17268,#17269);
#17268 = CARTESIAN_POINT('',(11.302944,11.052944,-8.1E-02));
#17269 = VECTOR('',#17270,1.);
#17270 = DIRECTION('',(0.,0.,1.));
#17271 = ORIENTED_EDGE('',*,*,#16468,.F.);
#17272 = ORIENTED_EDGE('',*,*,#17266,.F.);
#17273 = CYLINDRICAL_SURFACE('',#17274,0.25);
#17274 = AXIS2_PLACEMENT_3D('',#17275,#17276,#17277);
#17275 = CARTESIAN_POINT('',(11.302944,11.302944,-8.1E-02));
#17276 = DIRECTION('',(-0.,-0.,-1.));
#17277 = DIRECTION('',(-0.,-1.,0.));
#17278 = ADVANCED_FACE('',(#17279),#17290,.F.);
#17279 = FACE_BOUND('',#17280,.T.);
#17280 = EDGE_LOOP('',(#17281,#17282,#17288,#17289));
#17281 = ORIENTED_EDGE('',*,*,#15932,.T.);
#17282 = ORIENTED_EDGE('',*,*,#17283,.T.);
#17283 = EDGE_CURVE('',#15933,#16480,#17284,.T.);
#17284 = LINE('',#17285,#17286);
#17285 = CARTESIAN_POINT('',(13.,10.35,-8.1E-02));
#17286 = VECTOR('',#17287,1.);
#17287 = DIRECTION('',(0.,0.,1.));
#17288 = ORIENTED_EDGE('',*,*,#16479,.F.);
#17289 = ORIENTED_EDGE('',*,*,#17283,.F.);
#17290 = CYLINDRICAL_SURFACE('',#17291,0.25);
#17291 = AXIS2_PLACEMENT_3D('',#17292,#17293,#17294);
#17292 = CARTESIAN_POINT('',(13.,10.6,-8.1E-02));
#17293 = DIRECTION('',(-0.,-0.,-1.));
#17294 = DIRECTION('',(-0.,-1.,0.));
#17295 = ADVANCED_FACE('',(#17296),#17307,.F.);
#17296 = FACE_BOUND('',#17297,.T.);
#17297 = EDGE_LOOP('',(#17298,#17299,#17305,#17306));
#17298 = ORIENTED_EDGE('',*,*,#15943,.T.);
#17299 = ORIENTED_EDGE('',*,*,#17300,.T.);
#17300 = EDGE_CURVE('',#15944,#16491,#17301,.T.);
#17301 = LINE('',#17302,#17303);
#17302 = CARTESIAN_POINT('',(14.697056,11.052944,-8.1E-02));
#17303 = VECTOR('',#17304,1.);
#17304 = DIRECTION('',(0.,0.,1.));
#17305 = ORIENTED_EDGE('',*,*,#16490,.F.);
#17306 = ORIENTED_EDGE('',*,*,#17300,.F.);
#17307 = CYLINDRICAL_SURFACE('',#17308,0.25);
#17308 = AXIS2_PLACEMENT_3D('',#17309,#17310,#17311);
#17309 = CARTESIAN_POINT('',(14.697056,11.302944,-8.1E-02));
#17310 = DIRECTION('',(-0.,-0.,-1.));
#17311 = DIRECTION('',(-0.,-1.,0.));
#17312 = ADVANCED_FACE('',(#17313),#17324,.F.);
#17313 = FACE_BOUND('',#17314,.T.);
#17314 = EDGE_LOOP('',(#17315,#17316,#17322,#17323));
#17315 = ORIENTED_EDGE('',*,*,#15954,.T.);
#17316 = ORIENTED_EDGE('',*,*,#17317,.T.);
#17317 = EDGE_CURVE('',#15955,#16502,#17318,.T.);
#17318 = LINE('',#17319,#17320);
#17319 = CARTESIAN_POINT('',(10.6,12.75,-8.1E-02));
#17320 = VECTOR('',#17321,1.);
#17321 = DIRECTION('',(0.,0.,1.));
#17322 = ORIENTED_EDGE('',*,*,#16501,.F.);
#17323 = ORIENTED_EDGE('',*,*,#17317,.F.);
#17324 = CYLINDRICAL_SURFACE('',#17325,0.25);
#17325 = AXIS2_PLACEMENT_3D('',#17326,#17327,#17328);
#17326 = CARTESIAN_POINT('',(10.6,13.,-8.1E-02));
#17327 = DIRECTION('',(-0.,-0.,-1.));
#17328 = DIRECTION('',(-0.,-1.,0.));
#17329 = ADVANCED_FACE('',(#17330),#17341,.F.);
#17330 = FACE_BOUND('',#17331,.T.);
#17331 = EDGE_LOOP('',(#17332,#17333,#17339,#17340));
#17332 = ORIENTED_EDGE('',*,*,#15965,.T.);
#17333 = ORIENTED_EDGE('',*,*,#17334,.T.);
#17334 = EDGE_CURVE('',#15966,#16513,#17335,.T.);
#17335 = LINE('',#17336,#17337);
#17336 = CARTESIAN_POINT('',(11.302944,14.447056,-8.1E-02));
#17337 = VECTOR('',#17338,1.);
#17338 = DIRECTION('',(0.,0.,1.));
#17339 = ORIENTED_EDGE('',*,*,#16512,.F.);
#17340 = ORIENTED_EDGE('',*,*,#17334,.F.);
#17341 = CYLINDRICAL_SURFACE('',#17342,0.25);
#17342 = AXIS2_PLACEMENT_3D('',#17343,#17344,#17345);
#17343 = CARTESIAN_POINT('',(11.302944,14.697056,-8.1E-02));
#17344 = DIRECTION('',(-0.,-0.,-1.));
#17345 = DIRECTION('',(-0.,-1.,0.));
#17346 = ADVANCED_FACE('',(#17347),#17358,.F.);
#17347 = FACE_BOUND('',#17348,.T.);
#17348 = EDGE_LOOP('',(#17349,#17350,#17356,#17357));
#17349 = ORIENTED_EDGE('',*,*,#15976,.T.);
#17350 = ORIENTED_EDGE('',*,*,#17351,.T.);
#17351 = EDGE_CURVE('',#15977,#16524,#17352,.T.);
#17352 = LINE('',#17353,#17354);
#17353 = CARTESIAN_POINT('',(13.,11.4,-8.1E-02));
#17354 = VECTOR('',#17355,1.);
#17355 = DIRECTION('',(0.,0.,1.));
#17356 = ORIENTED_EDGE('',*,*,#16523,.F.);
#17357 = ORIENTED_EDGE('',*,*,#17351,.F.);
#17358 = CYLINDRICAL_SURFACE('',#17359,1.6);
#17359 = AXIS2_PLACEMENT_3D('',#17360,#17361,#17362);
#17360 = CARTESIAN_POINT('',(13.,13.,-8.1E-02));
#17361 = DIRECTION('',(-0.,-0.,-1.));
#17362 = DIRECTION('',(-0.,-1.,0.));
#17363 = ADVANCED_FACE('',(#17364),#17375,.F.);
#17364 = FACE_BOUND('',#17365,.T.);
#17365 = EDGE_LOOP('',(#17366,#17367,#17373,#17374));
#17366 = ORIENTED_EDGE('',*,*,#15987,.T.);
#17367 = ORIENTED_EDGE('',*,*,#17368,.T.);
#17368 = EDGE_CURVE('',#15988,#16535,#17369,.T.);
#17369 = LINE('',#17370,#17371);
#17370 = CARTESIAN_POINT('',(15.4,12.75,-8.1E-02));
#17371 = VECTOR('',#17372,1.);
#17372 = DIRECTION('',(0.,0.,1.));
#17373 = ORIENTED_EDGE('',*,*,#16534,.F.);
#17374 = ORIENTED_EDGE('',*,*,#17368,.F.);
#17375 = CYLINDRICAL_SURFACE('',#17376,0.25);
#17376 = AXIS2_PLACEMENT_3D('',#17377,#17378,#17379);
#17377 = CARTESIAN_POINT('',(15.4,13.,-8.1E-02));
#17378 = DIRECTION('',(-0.,-0.,-1.));
#17379 = DIRECTION('',(-0.,-1.,0.));
#17380 = ADVANCED_FACE('',(#17381),#17392,.F.);
#17381 = FACE_BOUND('',#17382,.T.);
#17382 = EDGE_LOOP('',(#17383,#17384,#17390,#17391));
#17383 = ORIENTED_EDGE('',*,*,#15998,.T.);
#17384 = ORIENTED_EDGE('',*,*,#17385,.T.);
#17385 = EDGE_CURVE('',#15999,#16546,#17386,.T.);
#17386 = LINE('',#17387,#17388);
#17387 = CARTESIAN_POINT('',(13.,15.15,-8.1E-02));
#17388 = VECTOR('',#17389,1.);
#17389 = DIRECTION('',(0.,0.,1.));
#17390 = ORIENTED_EDGE('',*,*,#16545,.F.);
#17391 = ORIENTED_EDGE('',*,*,#17385,.F.);
#17392 = CYLINDRICAL_SURFACE('',#17393,0.25);
#17393 = AXIS2_PLACEMENT_3D('',#17394,#17395,#17396);
#17394 = CARTESIAN_POINT('',(13.,15.4,-8.1E-02));
#17395 = DIRECTION('',(-0.,-0.,-1.));
#17396 = DIRECTION('',(-0.,-1.,0.));
#17397 = ADVANCED_FACE('',(#17398),#17409,.F.);
#17398 = FACE_BOUND('',#17399,.T.);
#17399 = EDGE_LOOP('',(#17400,#17401,#17407,#17408));
#17400 = ORIENTED_EDGE('',*,*,#16009,.T.);
#17401 = ORIENTED_EDGE('',*,*,#17402,.T.);
#17402 = EDGE_CURVE('',#16010,#16557,#17403,.T.);
#17403 = LINE('',#17404,#17405);
#17404 = CARTESIAN_POINT('',(14.697056,14.447056,-8.1E-02));
#17405 = VECTOR('',#17406,1.);
#17406 = DIRECTION('',(0.,0.,1.));
#17407 = ORIENTED_EDGE('',*,*,#16556,.F.);
#17408 = ORIENTED_EDGE('',*,*,#17402,.F.);
#17409 = CYLINDRICAL_SURFACE('',#17410,0.25);
#17410 = AXIS2_PLACEMENT_3D('',#17411,#17412,#17413);
#17411 = CARTESIAN_POINT('',(14.697056,14.697056,-8.1E-02));
#17412 = DIRECTION('',(-0.,-0.,-1.));
#17413 = DIRECTION('',(-0.,-1.,0.));
#17414 = ( GEOMETRIC_REPRESENTATION_CONTEXT(3) 
GLOBAL_UNCERTAINTY_ASSIGNED_CONTEXT((#17418)) 
GLOBAL_UNIT_ASSIGNED_CONTEXT((#17415,#17416,#17417)) 
REPRESENTATION_CONTEXT('Context #1',
  '3D Context with UNIT and UNCERTAINTY') );
#17415 = ( LENGTH_UNIT() NAMED_UNIT(*) SI_UNIT(.MILLI.,.METRE.) );
#17416 = ( NAMED_UNIT(*) PLANE_ANGLE_UNIT() SI_UNIT($,.RADIAN.) );
#17417 = ( NAMED_UNIT(*) SI_UNIT($,.STERADIAN.) SOLID_ANGLE_UNIT() );
#17418 = UNCERTAINTY_MEASURE_WITH_UNIT(LENGTH_MEASURE(1.E-07),#17415,
  'distance_accuracy_value','confusion accuracy');
#17419 = CONTEXT_DEPENDENT_SHAPE_REPRESENTATION(#17420,#17422);
#17420 = ( REPRESENTATION_RELATIONSHIP('','',#15368,#10) 
REPRESENTATION_RELATIONSHIP_WITH_TRANSFORMATION(#17421) 
SHAPE_REPRESENTATION_RELATIONSHIP() );
#17421 = ITEM_DEFINED_TRANSFORMATION('','',#11,#91);
#17422 = PRODUCT_DEFINITION_SHAPE('Placement','Placement of an item',
  #17423);
#17423 = NEXT_ASSEMBLY_USAGE_OCCURRENCE('20','=>[0:1:1:6]','',#5,#15363,
  $);
#17424 = PRODUCT_RELATED_PRODUCT_CATEGORY('part',$,(#15365));
#17425 = MECHANICAL_DESIGN_GEOMETRIC_PRESENTATION_REPRESENTATION('',(
    #17426,#17434,#17441,#17448,#17455,#17462,#17469,#17476,#17484,
    #17491,#17498,#17505,#17512,#17519,#17527,#17534,#17541,#17548,
    #17555,#17562,#17569,#17576,#17583,#17590,#17597,#17604),#15350);
#17426 = STYLED_ITEM('color',(#17427),#14562);
#17427 = PRESENTATION_STYLE_ASSIGNMENT((#17428));
#17428 = SURFACE_STYLE_USAGE(.BOTH.,#17429);
#17429 = SURFACE_SIDE_STYLE('',(#17430));
#17430 = SURFACE_STYLE_FILL_AREA(#17431);
#17431 = FILL_AREA_STYLE('',(#17432));
#17432 = FILL_AREA_STYLE_COLOUR('',#17433);
#17433 = COLOUR_RGB('',0.823999987314,0.819999987296,0.781000009244);
#17434 = STYLED_ITEM('color',(#17435),#14602);
#17435 = PRESENTATION_STYLE_ASSIGNMENT((#17436));
#17436 = SURFACE_STYLE_USAGE(.BOTH.,#17437);
#17437 = SURFACE_SIDE_STYLE('',(#17438));
#17438 = SURFACE_STYLE_FILL_AREA(#17439);
#17439 = FILL_AREA_STYLE('',(#17440));
#17440 = FILL_AREA_STYLE_COLOUR('',#17433);
#17441 = STYLED_ITEM('color',(#17442),#14685);
#17442 = PRESENTATION_STYLE_ASSIGNMENT((#17443));
#17443 = SURFACE_STYLE_USAGE(.BOTH.,#17444);
#17444 = SURFACE_SIDE_STYLE('',(#17445));
#17445 = SURFACE_STYLE_FILL_AREA(#17446);
#17446 = FILL_AREA_STYLE('',(#17447));
#17447 = FILL_AREA_STYLE_COLOUR('',#17433);
#17448 = STYLED_ITEM('color',(#17449),#14710);
#17449 = PRESENTATION_STYLE_ASSIGNMENT((#17450));
#17450 = SURFACE_STYLE_USAGE(.BOTH.,#17451);
#17451 = SURFACE_SIDE_STYLE('',(#17452));
#17452 = SURFACE_STYLE_FILL_AREA(#17453);
#17453 = FILL_AREA_STYLE('',(#17454));
#17454 = FILL_AREA_STYLE_COLOUR('',#17433);
#17455 = STYLED_ITEM('color',(#17456),#14735);
#17456 = PRESENTATION_STYLE_ASSIGNMENT((#17457));
#17457 = SURFACE_STYLE_USAGE(.BOTH.,#17458);
#17458 = SURFACE_SIDE_STYLE('',(#17459));
#17459 = SURFACE_STYLE_FILL_AREA(#17460);
#17460 = FILL_AREA_STYLE('',(#17461));
#17461 = FILL_AREA_STYLE_COLOUR('',#17433);
#17462 = STYLED_ITEM('color',(#17463),#14802);
#17463 = PRESENTATION_STYLE_ASSIGNMENT((#17464));
#17464 = SURFACE_STYLE_USAGE(.BOTH.,#17465);
#17465 = SURFACE_SIDE_STYLE('',(#17466));
#17466 = SURFACE_STYLE_FILL_AREA(#17467);
#17467 = FILL_AREA_STYLE('',(#17468));
#17468 = FILL_AREA_STYLE_COLOUR('',#17433);
#17469 = STYLED_ITEM('color',(#17470),#14819);
#17470 = PRESENTATION_STYLE_ASSIGNMENT((#17471));
#17471 = SURFACE_STYLE_USAGE(.BOTH.,#17472);
#17472 = SURFACE_SIDE_STYLE('',(#17473));
#17473 = SURFACE_STYLE_FILL_AREA(#17474);
#17474 = FILL_AREA_STYLE('',(#17475));
#17475 = FILL_AREA_STYLE_COLOUR('',#17433);
#17476 = STYLED_ITEM('color',(#17477),#14836);
#17477 = PRESENTATION_STYLE_ASSIGNMENT((#17478));
#17478 = SURFACE_STYLE_USAGE(.BOTH.,#17479);
#17479 = SURFACE_SIDE_STYLE('',(#17480));
#17480 = SURFACE_STYLE_FILL_AREA(#17481);
#17481 = FILL_AREA_STYLE('',(#17482));
#17482 = FILL_AREA_STYLE_COLOUR('',#17483);
#17483 = COLOUR_RGB('',0.894999966383,0.890999961016,0.813000030345);
#17484 = STYLED_ITEM('color',(#17485),#14885);
#17485 = PRESENTATION_STYLE_ASSIGNMENT((#17486));
#17486 = SURFACE_STYLE_USAGE(.BOTH.,#17487);
#17487 = SURFACE_SIDE_STYLE('',(#17488));
#17488 = SURFACE_STYLE_FILL_AREA(#17489);
#17489 = FILL_AREA_STYLE('',(#17490));
#17490 = FILL_AREA_STYLE_COLOUR('',#17433);
#17491 = STYLED_ITEM('color',(#17492),#14902);
#17492 = PRESENTATION_STYLE_ASSIGNMENT((#17493));
#17493 = SURFACE_STYLE_USAGE(.BOTH.,#17494);
#17494 = SURFACE_SIDE_STYLE('',(#17495));
#17495 = SURFACE_STYLE_FILL_AREA(#17496);
#17496 = FILL_AREA_STYLE('',(#17497));
#17497 = FILL_AREA_STYLE_COLOUR('',#17433);
#17498 = STYLED_ITEM('color',(#17499),#14919);
#17499 = PRESENTATION_STYLE_ASSIGNMENT((#17500));
#17500 = SURFACE_STYLE_USAGE(.BOTH.,#17501);
#17501 = SURFACE_SIDE_STYLE('',(#17502));
#17502 = SURFACE_STYLE_FILL_AREA(#17503);
#17503 = FILL_AREA_STYLE('',(#17504));
#17504 = FILL_AREA_STYLE_COLOUR('',#17483);
#17505 = STYLED_ITEM('color',(#17506),#14968);
#17506 = PRESENTATION_STYLE_ASSIGNMENT((#17507));
#17507 = SURFACE_STYLE_USAGE(.BOTH.,#17508);
#17508 = SURFACE_SIDE_STYLE('',(#17509));
#17509 = SURFACE_STYLE_FILL_AREA(#17510);
#17510 = FILL_AREA_STYLE('',(#17511));
#17511 = FILL_AREA_STYLE_COLOUR('',#17483);
#17512 = STYLED_ITEM('color',(#17513),#14985);
#17513 = PRESENTATION_STYLE_ASSIGNMENT((#17514));
#17514 = SURFACE_STYLE_USAGE(.BOTH.,#17515);
#17515 = SURFACE_SIDE_STYLE('',(#17516));
#17516 = SURFACE_STYLE_FILL_AREA(#17517);
#17517 = FILL_AREA_STYLE('',(#17518));
#17518 = FILL_AREA_STYLE_COLOUR('',#17433);
#17519 = STYLED_ITEM('color',(#17520),#15054);
#17520 = PRESENTATION_STYLE_ASSIGNMENT((#17521));
#17521 = SURFACE_STYLE_USAGE(.BOTH.,#17522);
#17522 = SURFACE_SIDE_STYLE('',(#17523));
#17523 = SURFACE_STYLE_FILL_AREA(#17524);
#17524 = FILL_AREA_STYLE('',(#17525));
#17525 = FILL_AREA_STYLE_COLOUR('',#17526);
#17526 = COLOUR_RGB('',8.200000279077E-02,8.600000121357E-02,
  9.399999706163E-02);
#17527 = STYLED_ITEM('color',(#17528),#15085);
#17528 = PRESENTATION_STYLE_ASSIGNMENT((#17529));
#17529 = SURFACE_STYLE_USAGE(.BOTH.,#17530);
#17530 = SURFACE_SIDE_STYLE('',(#17531));
#17531 = SURFACE_STYLE_FILL_AREA(#17532);
#17532 = FILL_AREA_STYLE('',(#17533));
#17533 = FILL_AREA_STYLE_COLOUR('',#17526);
#17534 = STYLED_ITEM('color',(#17535),#15109);
#17535 = PRESENTATION_STYLE_ASSIGNMENT((#17536));
#17536 = SURFACE_STYLE_USAGE(.BOTH.,#17537);
#17537 = SURFACE_SIDE_STYLE('',(#17538));
#17538 = SURFACE_STYLE_FILL_AREA(#17539);
#17539 = FILL_AREA_STYLE('',(#17540));
#17540 = FILL_AREA_STYLE_COLOUR('',#17433);
#17541 = STYLED_ITEM('color',(#17542),#15178);
#17542 = PRESENTATION_STYLE_ASSIGNMENT((#17543));
#17543 = SURFACE_STYLE_USAGE(.BOTH.,#17544);
#17544 = SURFACE_SIDE_STYLE('',(#17545));
#17545 = SURFACE_STYLE_FILL_AREA(#17546);
#17546 = FILL_AREA_STYLE('',(#17547));
#17547 = FILL_AREA_STYLE_COLOUR('',#17526);
#17548 = STYLED_ITEM('color',(#17549),#15202);
#17549 = PRESENTATION_STYLE_ASSIGNMENT((#17550));
#17550 = SURFACE_STYLE_USAGE(.BOTH.,#17551);
#17551 = SURFACE_SIDE_STYLE('',(#17552));
#17552 = SURFACE_STYLE_FILL_AREA(#17553);
#17553 = FILL_AREA_STYLE('',(#17554));
#17554 = FILL_AREA_STYLE_COLOUR('',#17433);
#17555 = STYLED_ITEM('color',(#17556),#15219);
#17556 = PRESENTATION_STYLE_ASSIGNMENT((#17557));
#17557 = SURFACE_STYLE_USAGE(.BOTH.,#17558);
#17558 = SURFACE_SIDE_STYLE('',(#17559));
#17559 = SURFACE_STYLE_FILL_AREA(#17560);
#17560 = FILL_AREA_STYLE('',(#17561));
#17561 = FILL_AREA_STYLE_COLOUR('',#17433);
#17562 = STYLED_ITEM('color',(#17563),#15236);
#17563 = PRESENTATION_STYLE_ASSIGNMENT((#17564));
#17564 = SURFACE_STYLE_USAGE(.BOTH.,#17565);
#17565 = SURFACE_SIDE_STYLE('',(#17566));
#17566 = SURFACE_STYLE_FILL_AREA(#17567);
#17567 = FILL_AREA_STYLE('',(#17568));
#17568 = FILL_AREA_STYLE_COLOUR('',#17433);
#17569 = STYLED_ITEM('color',(#17570),#15253);
#17570 = PRESENTATION_STYLE_ASSIGNMENT((#17571));
#17571 = SURFACE_STYLE_USAGE(.BOTH.,#17572);
#17572 = SURFACE_SIDE_STYLE('',(#17573));
#17573 = SURFACE_STYLE_FILL_AREA(#17574);
#17574 = FILL_AREA_STYLE('',(#17575));
#17575 = FILL_AREA_STYLE_COLOUR('',#17433);
#17576 = STYLED_ITEM('color',(#17577),#15270);
#17577 = PRESENTATION_STYLE_ASSIGNMENT((#17578));
#17578 = SURFACE_STYLE_USAGE(.BOTH.,#17579);
#17579 = SURFACE_SIDE_STYLE('',(#17580));
#17580 = SURFACE_STYLE_FILL_AREA(#17581);
#17581 = FILL_AREA_STYLE('',(#17582));
#17582 = FILL_AREA_STYLE_COLOUR('',#17433);
#17583 = STYLED_ITEM('color',(#17584),#15287);
#17584 = PRESENTATION_STYLE_ASSIGNMENT((#17585));
#17585 = SURFACE_STYLE_USAGE(.BOTH.,#17586);
#17586 = SURFACE_SIDE_STYLE('',(#17587));
#17587 = SURFACE_STYLE_FILL_AREA(#17588);
#17588 = FILL_AREA_STYLE('',(#17589));
#17589 = FILL_AREA_STYLE_COLOUR('',#17433);
#17590 = STYLED_ITEM('color',(#17591),#15304);
#17591 = PRESENTATION_STYLE_ASSIGNMENT((#17592));
#17592 = SURFACE_STYLE_USAGE(.BOTH.,#17593);
#17593 = SURFACE_SIDE_STYLE('',(#17594));
#17594 = SURFACE_STYLE_FILL_AREA(#17595);
#17595 = FILL_AREA_STYLE('',(#17596));
#17596 = FILL_AREA_STYLE_COLOUR('',#17433);
#17597 = STYLED_ITEM('color',(#17598),#15321);
#17598 = PRESENTATION_STYLE_ASSIGNMENT((#17599));
#17599 = SURFACE_STYLE_USAGE(.BOTH.,#17600);
#17600 = SURFACE_SIDE_STYLE('',(#17601));
#17601 = SURFACE_STYLE_FILL_AREA(#17602);
#17602 = FILL_AREA_STYLE('',(#17603));
#17603 = FILL_AREA_STYLE_COLOUR('',#17526);
#17604 = STYLED_ITEM('color',(#17605),#15338);
#17605 = PRESENTATION_STYLE_ASSIGNMENT((#17606));
#17606 = SURFACE_STYLE_USAGE(.BOTH.,#17607);
#17607 = SURFACE_SIDE_STYLE('',(#17608));
#17608 = SURFACE_STYLE_FILL_AREA(#17609);
#17609 = FILL_AREA_STYLE('',(#17610));
#17610 = FILL_AREA_STYLE_COLOUR('',#17526);
#17611 = MECHANICAL_DESIGN_GEOMETRIC_PRESENTATION_REPRESENTATION('',(
    #17612,#17619,#17626,#17633,#17640,#17647,#17654,#17661,#17668,
    #17675,#17682,#17690,#17697,#17704,#17711,#17718,#17725,#17732,
    #17739,#17746,#17753,#17760,#17767,#17774,#17781,#17788,#17795,
    #17802),#14541);
#17612 = STYLED_ITEM('color',(#17613),#13689);
#17613 = PRESENTATION_STYLE_ASSIGNMENT((#17614));
#17614 = SURFACE_STYLE_USAGE(.BOTH.,#17615);
#17615 = SURFACE_SIDE_STYLE('',(#17616));
#17616 = SURFACE_STYLE_FILL_AREA(#17617);
#17617 = FILL_AREA_STYLE('',(#17618));
#17618 = FILL_AREA_STYLE_COLOUR('',#17433);
#17619 = STYLED_ITEM('color',(#17620),#13765);
#17620 = PRESENTATION_STYLE_ASSIGNMENT((#17621));
#17621 = SURFACE_STYLE_USAGE(.BOTH.,#17622);
#17622 = SURFACE_SIDE_STYLE('',(#17623));
#17623 = SURFACE_STYLE_FILL_AREA(#17624);
#17624 = FILL_AREA_STYLE('',(#17625));
#17625 = FILL_AREA_STYLE_COLOUR('',#17433);
#17626 = STYLED_ITEM('color',(#17627),#13796);
#17627 = PRESENTATION_STYLE_ASSIGNMENT((#17628));
#17628 = SURFACE_STYLE_USAGE(.BOTH.,#17629);
#17629 = SURFACE_SIDE_STYLE('',(#17630));
#17630 = SURFACE_STYLE_FILL_AREA(#17631);
#17631 = FILL_AREA_STYLE('',(#17632));
#17632 = FILL_AREA_STYLE_COLOUR('',#17433);
#17633 = STYLED_ITEM('color',(#17634),#13821);
#17634 = PRESENTATION_STYLE_ASSIGNMENT((#17635));
#17635 = SURFACE_STYLE_USAGE(.BOTH.,#17636);
#17636 = SURFACE_SIDE_STYLE('',(#17637));
#17637 = SURFACE_STYLE_FILL_AREA(#17638);
#17638 = FILL_AREA_STYLE('',(#17639));
#17639 = FILL_AREA_STYLE_COLOUR('',#17433);
#17640 = STYLED_ITEM('color',(#17641),#13846);
#17641 = PRESENTATION_STYLE_ASSIGNMENT((#17642));
#17642 = SURFACE_STYLE_USAGE(.BOTH.,#17643);
#17643 = SURFACE_SIDE_STYLE('',(#17644));
#17644 = SURFACE_STYLE_FILL_AREA(#17645);
#17645 = FILL_AREA_STYLE('',(#17646));
#17646 = FILL_AREA_STYLE_COLOUR('',#17433);
#17647 = STYLED_ITEM('color',(#17648),#13870);
#17648 = PRESENTATION_STYLE_ASSIGNMENT((#17649));
#17649 = SURFACE_STYLE_USAGE(.BOTH.,#17650);
#17650 = SURFACE_SIDE_STYLE('',(#17651));
#17651 = SURFACE_STYLE_FILL_AREA(#17652);
#17652 = FILL_AREA_STYLE('',(#17653));
#17653 = FILL_AREA_STYLE_COLOUR('',#17433);
#17654 = STYLED_ITEM('color',(#17655),#13894);
#17655 = PRESENTATION_STYLE_ASSIGNMENT((#17656));
#17656 = SURFACE_STYLE_USAGE(.BOTH.,#17657);
#17657 = SURFACE_SIDE_STYLE('',(#17658));
#17658 = SURFACE_STYLE_FILL_AREA(#17659);
#17659 = FILL_AREA_STYLE('',(#17660));
#17660 = FILL_AREA_STYLE_COLOUR('',#17433);
#17661 = STYLED_ITEM('color',(#17662),#13919);
#17662 = PRESENTATION_STYLE_ASSIGNMENT((#17663));
#17663 = SURFACE_STYLE_USAGE(.BOTH.,#17664);
#17664 = SURFACE_SIDE_STYLE('',(#17665));
#17665 = SURFACE_STYLE_FILL_AREA(#17666);
#17666 = FILL_AREA_STYLE('',(#17667));
#17667 = FILL_AREA_STYLE_COLOUR('',#17433);
#17668 = STYLED_ITEM('color',(#17669),#13944);
#17669 = PRESENTATION_STYLE_ASSIGNMENT((#17670));
#17670 = SURFACE_STYLE_USAGE(.BOTH.,#17671);
#17671 = SURFACE_SIDE_STYLE('',(#17672));
#17672 = SURFACE_STYLE_FILL_AREA(#17673);
#17673 = FILL_AREA_STYLE('',(#17674));
#17674 = FILL_AREA_STYLE_COLOUR('',#17433);
#17675 = STYLED_ITEM('color',(#17676),#13961);
#17676 = PRESENTATION_STYLE_ASSIGNMENT((#17677));
#17677 = SURFACE_STYLE_USAGE(.BOTH.,#17678);
#17678 = SURFACE_SIDE_STYLE('',(#17679));
#17679 = SURFACE_STYLE_FILL_AREA(#17680);
#17680 = FILL_AREA_STYLE('',(#17681));
#17681 = FILL_AREA_STYLE_COLOUR('',#17433);
#17682 = STYLED_ITEM('color',(#17683),#14047);
#17683 = PRESENTATION_STYLE_ASSIGNMENT((#17684));
#17684 = SURFACE_STYLE_USAGE(.BOTH.,#17685);
#17685 = SURFACE_SIDE_STYLE('',(#17686));
#17686 = SURFACE_STYLE_FILL_AREA(#17687);
#17687 = FILL_AREA_STYLE('',(#17688));
#17688 = FILL_AREA_STYLE_COLOUR('',#17689);
#17689 = COLOUR_RGB('',0.379000005575,0.270000008848,0.214999999939);
#17690 = STYLED_ITEM('color',(#17691),#14079);
#17691 = PRESENTATION_STYLE_ASSIGNMENT((#17692));
#17692 = SURFACE_STYLE_USAGE(.BOTH.,#17693);
#17693 = SURFACE_SIDE_STYLE('',(#17694));
#17694 = SURFACE_STYLE_FILL_AREA(#17695);
#17695 = FILL_AREA_STYLE('',(#17696));
#17696 = FILL_AREA_STYLE_COLOUR('',#17689);
#17697 = STYLED_ITEM('color',(#17698),#14103);
#17698 = PRESENTATION_STYLE_ASSIGNMENT((#17699));
#17699 = SURFACE_STYLE_USAGE(.BOTH.,#17700);
#17700 = SURFACE_SIDE_STYLE('',(#17701));
#17701 = SURFACE_STYLE_FILL_AREA(#17702);
#17702 = FILL_AREA_STYLE('',(#17703));
#17703 = FILL_AREA_STYLE_COLOUR('',#17689);
#17704 = STYLED_ITEM('color',(#17705),#14128);
#17705 = PRESENTATION_STYLE_ASSIGNMENT((#17706));
#17706 = SURFACE_STYLE_USAGE(.BOTH.,#17707);
#17707 = SURFACE_SIDE_STYLE('',(#17708));
#17708 = SURFACE_STYLE_FILL_AREA(#17709);
#17709 = FILL_AREA_STYLE('',(#17710));
#17710 = FILL_AREA_STYLE_COLOUR('',#17689);
#17711 = STYLED_ITEM('color',(#17712),#14152);
#17712 = PRESENTATION_STYLE_ASSIGNMENT((#17713));
#17713 = SURFACE_STYLE_USAGE(.BOTH.,#17714);
#17714 = SURFACE_SIDE_STYLE('',(#17715));
#17715 = SURFACE_STYLE_FILL_AREA(#17716);
#17716 = FILL_AREA_STYLE('',(#17717));
#17717 = FILL_AREA_STYLE_COLOUR('',#17689);
#17718 = STYLED_ITEM('color',(#17719),#14177);
#17719 = PRESENTATION_STYLE_ASSIGNMENT((#17720));
#17720 = SURFACE_STYLE_USAGE(.BOTH.,#17721);
#17721 = SURFACE_SIDE_STYLE('',(#17722));
#17722 = SURFACE_STYLE_FILL_AREA(#17723);
#17723 = FILL_AREA_STYLE('',(#17724));
#17724 = FILL_AREA_STYLE_COLOUR('',#17689);
#17725 = STYLED_ITEM('color',(#17726),#14201);
#17726 = PRESENTATION_STYLE_ASSIGNMENT((#17727));
#17727 = SURFACE_STYLE_USAGE(.BOTH.,#17728);
#17728 = SURFACE_SIDE_STYLE('',(#17729));
#17729 = SURFACE_STYLE_FILL_AREA(#17730);
#17730 = FILL_AREA_STYLE('',(#17731));
#17731 = FILL_AREA_STYLE_COLOUR('',#17689);
#17732 = STYLED_ITEM('color',(#17733),#14226);
#17733 = PRESENTATION_STYLE_ASSIGNMENT((#17734));
#17734 = SURFACE_STYLE_USAGE(.BOTH.,#17735);
#17735 = SURFACE_SIDE_STYLE('',(#17736));
#17736 = SURFACE_STYLE_FILL_AREA(#17737);
#17737 = FILL_AREA_STYLE('',(#17738));
#17738 = FILL_AREA_STYLE_COLOUR('',#17689);
#17739 = STYLED_ITEM('color',(#17740),#14243);
#17740 = PRESENTATION_STYLE_ASSIGNMENT((#17741));
#17741 = SURFACE_STYLE_USAGE(.BOTH.,#17742);
#17742 = SURFACE_SIDE_STYLE('',(#17743));
#17743 = SURFACE_STYLE_FILL_AREA(#17744);
#17744 = FILL_AREA_STYLE('',(#17745));
#17745 = FILL_AREA_STYLE_COLOUR('',#17433);
#17746 = STYLED_ITEM('color',(#17747),#14329);
#17747 = PRESENTATION_STYLE_ASSIGNMENT((#17748));
#17748 = SURFACE_STYLE_USAGE(.BOTH.,#17749);
#17749 = SURFACE_SIDE_STYLE('',(#17750));
#17750 = SURFACE_STYLE_FILL_AREA(#17751);
#17751 = FILL_AREA_STYLE('',(#17752));
#17752 = FILL_AREA_STYLE_COLOUR('',#17433);
#17753 = STYLED_ITEM('color',(#17754),#14360);
#17754 = PRESENTATION_STYLE_ASSIGNMENT((#17755));
#17755 = SURFACE_STYLE_USAGE(.BOTH.,#17756);
#17756 = SURFACE_SIDE_STYLE('',(#17757));
#17757 = SURFACE_STYLE_FILL_AREA(#17758);
#17758 = FILL_AREA_STYLE('',(#17759));
#17759 = FILL_AREA_STYLE_COLOUR('',#17433);
#17760 = STYLED_ITEM('color',(#17761),#14385);
#17761 = PRESENTATION_STYLE_ASSIGNMENT((#17762));
#17762 = SURFACE_STYLE_USAGE(.BOTH.,#17763);
#17763 = SURFACE_SIDE_STYLE('',(#17764));
#17764 = SURFACE_STYLE_FILL_AREA(#17765);
#17765 = FILL_AREA_STYLE('',(#17766));
#17766 = FILL_AREA_STYLE_COLOUR('',#17433);
#17767 = STYLED_ITEM('color',(#17768),#14410);
#17768 = PRESENTATION_STYLE_ASSIGNMENT((#17769));
#17769 = SURFACE_STYLE_USAGE(.BOTH.,#17770);
#17770 = SURFACE_SIDE_STYLE('',(#17771));
#17771 = SURFACE_STYLE_FILL_AREA(#17772);
#17772 = FILL_AREA_STYLE('',(#17773));
#17773 = FILL_AREA_STYLE_COLOUR('',#17433);
#17774 = STYLED_ITEM('color',(#17775),#14434);
#17775 = PRESENTATION_STYLE_ASSIGNMENT((#17776));
#17776 = SURFACE_STYLE_USAGE(.BOTH.,#17777);
#17777 = SURFACE_SIDE_STYLE('',(#17778));
#17778 = SURFACE_STYLE_FILL_AREA(#17779);
#17779 = FILL_AREA_STYLE('',(#17780));
#17780 = FILL_AREA_STYLE_COLOUR('',#17433);
#17781 = STYLED_ITEM('color',(#17782),#14458);
#17782 = PRESENTATION_STYLE_ASSIGNMENT((#17783));
#17783 = SURFACE_STYLE_USAGE(.BOTH.,#17784);
#17784 = SURFACE_SIDE_STYLE('',(#17785));
#17785 = SURFACE_STYLE_FILL_AREA(#17786);
#17786 = FILL_AREA_STYLE('',(#17787));
#17787 = FILL_AREA_STYLE_COLOUR('',#17433);
#17788 = STYLED_ITEM('color',(#17789),#14483);
#17789 = PRESENTATION_STYLE_ASSIGNMENT((#17790));
#17790 = SURFACE_STYLE_USAGE(.BOTH.,#17791);
#17791 = SURFACE_SIDE_STYLE('',(#17792));
#17792 = SURFACE_STYLE_FILL_AREA(#17793);
#17793 = FILL_AREA_STYLE('',(#17794));
#17794 = FILL_AREA_STYLE_COLOUR('',#17433);
#17795 = STYLED_ITEM('color',(#17796),#14508);
#17796 = PRESENTATION_STYLE_ASSIGNMENT((#17797));
#17797 = SURFACE_STYLE_USAGE(.BOTH.,#17798);
#17798 = SURFACE_SIDE_STYLE('',(#17799));
#17799 = SURFACE_STYLE_FILL_AREA(#17800);
#17800 = FILL_AREA_STYLE('',(#17801));
#17801 = FILL_AREA_STYLE_COLOUR('',#17433);
#17802 = STYLED_ITEM('color',(#17803),#14525);
#17803 = PRESENTATION_STYLE_ASSIGNMENT((#17804));
#17804 = SURFACE_STYLE_USAGE(.BOTH.,#17805);
#17805 = SURFACE_SIDE_STYLE('',(#17806));
#17806 = SURFACE_STYLE_FILL_AREA(#17807);
#17807 = FILL_AREA_STYLE('',(#17808));
#17808 = FILL_AREA_STYLE_COLOUR('',#17433);
#17809 = MECHANICAL_DESIGN_GEOMETRIC_PRESENTATION_REPRESENTATION('',(
    #17810),#17414);
#17810 = STYLED_ITEM('color',(#17811),#15369);
#17811 = PRESENTATION_STYLE_ASSIGNMENT((#17812));
#17812 = SURFACE_STYLE_USAGE(.BOTH.,#17813);
#17813 = SURFACE_SIDE_STYLE('',(#17814));
#17814 = SURFACE_STYLE_FILL_AREA(#17815);
#17815 = FILL_AREA_STYLE('',(#17816));
#17816 = FILL_AREA_STYLE_COLOUR('',#17817);
#17817 = COLOUR_RGB('',0.204454873135,0.204454873135,0.204454873135);
#17818 = MECHANICAL_DESIGN_GEOMETRIC_PRESENTATION_REPRESENTATION('',(
    #17819,#17826,#17833,#17840,#17847,#17854,#17861,#17868,#17876,
    #17883,#17890,#17897,#17904,#17911,#17918,#17925,#17932,#17939,
    #17946,#17953,#17960,#17967,#17974,#17981,#17988,#17995,#18002,
    #18009,#18016,#18023,#18030,#18037,#18044,#18051,#18058,#18065,
    #18073,#18080,#18087,#18094,#18101,#18108,#18115,#18122,#18129,
    #18136,#18143,#18150,#18157,#18164),#1632);
#17819 = STYLED_ITEM('color',(#17820),#111);
#17820 = PRESENTATION_STYLE_ASSIGNMENT((#17821));
#17821 = SURFACE_STYLE_USAGE(.BOTH.,#17822);
#17822 = SURFACE_SIDE_STYLE('',(#17823));
#17823 = SURFACE_STYLE_FILL_AREA(#17824);
#17824 = FILL_AREA_STYLE('',(#17825));
#17825 = FILL_AREA_STYLE_COLOUR('',#17483);
#17826 = STYLED_ITEM('color',(#17827),#151);
#17827 = PRESENTATION_STYLE_ASSIGNMENT((#17828));
#17828 = SURFACE_STYLE_USAGE(.BOTH.,#17829);
#17829 = SURFACE_SIDE_STYLE('',(#17830));
#17830 = SURFACE_STYLE_FILL_AREA(#17831);
#17831 = FILL_AREA_STYLE('',(#17832));
#17832 = FILL_AREA_STYLE_COLOUR('',#17483);
#17833 = STYLED_ITEM('color',(#17834),#198);
#17834 = PRESENTATION_STYLE_ASSIGNMENT((#17835));
#17835 = SURFACE_STYLE_USAGE(.BOTH.,#17836);
#17836 = SURFACE_SIDE_STYLE('',(#17837));
#17837 = SURFACE_STYLE_FILL_AREA(#17838);
#17838 = FILL_AREA_STYLE('',(#17839));
#17839 = FILL_AREA_STYLE_COLOUR('',#17483);
#17840 = STYLED_ITEM('color',(#17841),#277);
#17841 = PRESENTATION_STYLE_ASSIGNMENT((#17842));
#17842 = SURFACE_STYLE_USAGE(.BOTH.,#17843);
#17843 = SURFACE_SIDE_STYLE('',(#17844));
#17844 = SURFACE_STYLE_FILL_AREA(#17845);
#17845 = FILL_AREA_STYLE('',(#17846));
#17846 = FILL_AREA_STYLE_COLOUR('',#17483);
#17847 = STYLED_ITEM('color',(#17848),#301);
#17848 = PRESENTATION_STYLE_ASSIGNMENT((#17849));
#17849 = SURFACE_STYLE_USAGE(.BOTH.,#17850);
#17850 = SURFACE_SIDE_STYLE('',(#17851));
#17851 = SURFACE_STYLE_FILL_AREA(#17852);
#17852 = FILL_AREA_STYLE('',(#17853));
#17853 = FILL_AREA_STYLE_COLOUR('',#17483);
#17854 = STYLED_ITEM('color',(#17855),#341);
#17855 = PRESENTATION_STYLE_ASSIGNMENT((#17856));
#17856 = SURFACE_STYLE_USAGE(.BOTH.,#17857);
#17857 = SURFACE_SIDE_STYLE('',(#17858));
#17858 = SURFACE_STYLE_FILL_AREA(#17859);
#17859 = FILL_AREA_STYLE('',(#17860));
#17860 = FILL_AREA_STYLE_COLOUR('',#17483);
#17861 = STYLED_ITEM('color',(#17862),#372);
#17862 = PRESENTATION_STYLE_ASSIGNMENT((#17863));
#17863 = SURFACE_STYLE_USAGE(.BOTH.,#17864);
#17864 = SURFACE_SIDE_STYLE('',(#17865));
#17865 = SURFACE_STYLE_FILL_AREA(#17866);
#17866 = FILL_AREA_STYLE('',(#17867));
#17867 = FILL_AREA_STYLE_COLOUR('',#17483);
#17868 = STYLED_ITEM('color',(#17869),#389);
#17869 = PRESENTATION_STYLE_ASSIGNMENT((#17870));
#17870 = SURFACE_STYLE_USAGE(.BOTH.,#17871);
#17871 = SURFACE_SIDE_STYLE('',(#17872));
#17872 = SURFACE_STYLE_FILL_AREA(#17873);
#17873 = FILL_AREA_STYLE('',(#17874));
#17874 = FILL_AREA_STYLE_COLOUR('',#17875);
#17875 = COLOUR_RGB('',0.859000020776,0.737999965183,0.495999988746);
#17876 = STYLED_ITEM('color',(#17877),#422);
#17877 = PRESENTATION_STYLE_ASSIGNMENT((#17878));
#17878 = SURFACE_STYLE_USAGE(.BOTH.,#17879);
#17879 = SURFACE_SIDE_STYLE('',(#17880));
#17880 = SURFACE_STYLE_FILL_AREA(#17881);
#17881 = FILL_AREA_STYLE('',(#17882));
#17882 = FILL_AREA_STYLE_COLOUR('',#17483);
#17883 = STYLED_ITEM('color',(#17884),#446);
#17884 = PRESENTATION_STYLE_ASSIGNMENT((#17885));
#17885 = SURFACE_STYLE_USAGE(.BOTH.,#17886);
#17886 = SURFACE_SIDE_STYLE('',(#17887));
#17887 = SURFACE_STYLE_FILL_AREA(#17888);
#17888 = FILL_AREA_STYLE('',(#17889));
#17889 = FILL_AREA_STYLE_COLOUR('',#17875);
#17890 = STYLED_ITEM('color',(#17891),#513);
#17891 = PRESENTATION_STYLE_ASSIGNMENT((#17892));
#17892 = SURFACE_STYLE_USAGE(.BOTH.,#17893);
#17893 = SURFACE_SIDE_STYLE('',(#17894));
#17894 = SURFACE_STYLE_FILL_AREA(#17895);
#17895 = FILL_AREA_STYLE('',(#17896));
#17896 = FILL_AREA_STYLE_COLOUR('',#17483);
#17897 = STYLED_ITEM('color',(#17898),#634);
#17898 = PRESENTATION_STYLE_ASSIGNMENT((#17899));
#17899 = SURFACE_STYLE_USAGE(.BOTH.,#17900);
#17900 = SURFACE_SIDE_STYLE('',(#17901));
#17901 = SURFACE_STYLE_FILL_AREA(#17902);
#17902 = FILL_AREA_STYLE('',(#17903));
#17903 = FILL_AREA_STYLE_COLOUR('',#17875);
#17904 = STYLED_ITEM('color',(#17905),#701);
#17905 = PRESENTATION_STYLE_ASSIGNMENT((#17906));
#17906 = SURFACE_STYLE_USAGE(.BOTH.,#17907);
#17907 = SURFACE_SIDE_STYLE('',(#17908));
#17908 = SURFACE_STYLE_FILL_AREA(#17909);
#17909 = FILL_AREA_STYLE('',(#17910));
#17910 = FILL_AREA_STYLE_COLOUR('',#17483);
#17911 = STYLED_ITEM('color',(#17912),#725);
#17912 = PRESENTATION_STYLE_ASSIGNMENT((#17913));
#17913 = SURFACE_STYLE_USAGE(.BOTH.,#17914);
#17914 = SURFACE_SIDE_STYLE('',(#17915));
#17915 = SURFACE_STYLE_FILL_AREA(#17916);
#17916 = FILL_AREA_STYLE('',(#17917));
#17917 = FILL_AREA_STYLE_COLOUR('',#17483);
#17918 = STYLED_ITEM('color',(#17919),#756);
#17919 = PRESENTATION_STYLE_ASSIGNMENT((#17920));
#17920 = SURFACE_STYLE_USAGE(.BOTH.,#17921);
#17921 = SURFACE_SIDE_STYLE('',(#17922));
#17922 = SURFACE_STYLE_FILL_AREA(#17923);
#17923 = FILL_AREA_STYLE('',(#17924));
#17924 = FILL_AREA_STYLE_COLOUR('',#17875);
#17925 = STYLED_ITEM('color',(#17926),#789);
#17926 = PRESENTATION_STYLE_ASSIGNMENT((#17927));
#17927 = SURFACE_STYLE_USAGE(.BOTH.,#17928);
#17928 = SURFACE_SIDE_STYLE('',(#17929));
#17929 = SURFACE_STYLE_FILL_AREA(#17930);
#17930 = FILL_AREA_STYLE('',(#17931));
#17931 = FILL_AREA_STYLE_COLOUR('',#17483);
#17932 = STYLED_ITEM('color',(#17933),#845);
#17933 = PRESENTATION_STYLE_ASSIGNMENT((#17934));
#17934 = SURFACE_STYLE_USAGE(.BOTH.,#17935);
#17935 = SURFACE_SIDE_STYLE('',(#17936));
#17936 = SURFACE_STYLE_FILL_AREA(#17937);
#17937 = FILL_AREA_STYLE('',(#17938));
#17938 = FILL_AREA_STYLE_COLOUR('',#17875);
#17939 = STYLED_ITEM('color',(#17940),#869);
#17940 = PRESENTATION_STYLE_ASSIGNMENT((#17941));
#17941 = SURFACE_STYLE_USAGE(.BOTH.,#17942);
#17942 = SURFACE_SIDE_STYLE('',(#17943));
#17943 = SURFACE_STYLE_FILL_AREA(#17944);
#17944 = FILL_AREA_STYLE('',(#17945));
#17945 = FILL_AREA_STYLE_COLOUR('',#17875);
#17946 = STYLED_ITEM('color',(#17947),#893);
#17947 = PRESENTATION_STYLE_ASSIGNMENT((#17948));
#17948 = SURFACE_STYLE_USAGE(.BOTH.,#17949);
#17949 = SURFACE_SIDE_STYLE('',(#17950));
#17950 = SURFACE_STYLE_FILL_AREA(#17951);
#17951 = FILL_AREA_STYLE('',(#17952));
#17952 = FILL_AREA_STYLE_COLOUR('',#17875);
#17953 = STYLED_ITEM('color',(#17954),#917);
#17954 = PRESENTATION_STYLE_ASSIGNMENT((#17955));
#17955 = SURFACE_STYLE_USAGE(.BOTH.,#17956);
#17956 = SURFACE_SIDE_STYLE('',(#17957));
#17957 = SURFACE_STYLE_FILL_AREA(#17958);
#17958 = FILL_AREA_STYLE('',(#17959));
#17959 = FILL_AREA_STYLE_COLOUR('',#17875);
#17960 = STYLED_ITEM('color',(#17961),#950);
#17961 = PRESENTATION_STYLE_ASSIGNMENT((#17962));
#17962 = SURFACE_STYLE_USAGE(.BOTH.,#17963);
#17963 = SURFACE_SIDE_STYLE('',(#17964));
#17964 = SURFACE_STYLE_FILL_AREA(#17965);
#17965 = FILL_AREA_STYLE('',(#17966));
#17966 = FILL_AREA_STYLE_COLOUR('',#17875);
#17967 = STYLED_ITEM('color',(#17968),#962);
#17968 = PRESENTATION_STYLE_ASSIGNMENT((#17969));
#17969 = SURFACE_STYLE_USAGE(.BOTH.,#17970);
#17970 = SURFACE_SIDE_STYLE('',(#17971));
#17971 = SURFACE_STYLE_FILL_AREA(#17972);
#17972 = FILL_AREA_STYLE('',(#17973));
#17973 = FILL_AREA_STYLE_COLOUR('',#17875);
#17974 = STYLED_ITEM('color',(#17975),#1025);
#17975 = PRESENTATION_STYLE_ASSIGNMENT((#17976));
#17976 = SURFACE_STYLE_USAGE(.BOTH.,#17977);
#17977 = SURFACE_SIDE_STYLE('',(#17978));
#17978 = SURFACE_STYLE_FILL_AREA(#17979);
#17979 = FILL_AREA_STYLE('',(#17980));
#17980 = FILL_AREA_STYLE_COLOUR('',#17875);
#17981 = STYLED_ITEM('color',(#17982),#1050);
#17982 = PRESENTATION_STYLE_ASSIGNMENT((#17983));
#17983 = SURFACE_STYLE_USAGE(.BOTH.,#17984);
#17984 = SURFACE_SIDE_STYLE('',(#17985));
#17985 = SURFACE_STYLE_FILL_AREA(#17986);
#17986 = FILL_AREA_STYLE('',(#17987));
#17987 = FILL_AREA_STYLE_COLOUR('',#17875);
#17988 = STYLED_ITEM('color',(#17989),#1067);
#17989 = PRESENTATION_STYLE_ASSIGNMENT((#17990));
#17990 = SURFACE_STYLE_USAGE(.BOTH.,#17991);
#17991 = SURFACE_SIDE_STYLE('',(#17992));
#17992 = SURFACE_STYLE_FILL_AREA(#17993);
#17993 = FILL_AREA_STYLE('',(#17994));
#17994 = FILL_AREA_STYLE_COLOUR('',#17875);
#17995 = STYLED_ITEM('color',(#17996),#1091);
#17996 = PRESENTATION_STYLE_ASSIGNMENT((#17997));
#17997 = SURFACE_STYLE_USAGE(.BOTH.,#17998);
#17998 = SURFACE_SIDE_STYLE('',(#17999));
#17999 = SURFACE_STYLE_FILL_AREA(#18000);
#18000 = FILL_AREA_STYLE('',(#18001));
#18001 = FILL_AREA_STYLE_COLOUR('',#17875);
#18002 = STYLED_ITEM('color',(#18003),#1109);
#18003 = PRESENTATION_STYLE_ASSIGNMENT((#18004));
#18004 = SURFACE_STYLE_USAGE(.BOTH.,#18005);
#18005 = SURFACE_SIDE_STYLE('',(#18006));
#18006 = SURFACE_STYLE_FILL_AREA(#18007);
#18007 = FILL_AREA_STYLE('',(#18008));
#18008 = FILL_AREA_STYLE_COLOUR('',#17875);
#18009 = STYLED_ITEM('color',(#18010),#1127);
#18010 = PRESENTATION_STYLE_ASSIGNMENT((#18011));
#18011 = SURFACE_STYLE_USAGE(.BOTH.,#18012);
#18012 = SURFACE_SIDE_STYLE('',(#18013));
#18013 = SURFACE_STYLE_FILL_AREA(#18014);
#18014 = FILL_AREA_STYLE('',(#18015));
#18015 = FILL_AREA_STYLE_COLOUR('',#17875);
#18016 = STYLED_ITEM('color',(#18017),#1145);
#18017 = PRESENTATION_STYLE_ASSIGNMENT((#18018));
#18018 = SURFACE_STYLE_USAGE(.BOTH.,#18019);
#18019 = SURFACE_SIDE_STYLE('',(#18020));
#18020 = SURFACE_STYLE_FILL_AREA(#18021);
#18021 = FILL_AREA_STYLE('',(#18022));
#18022 = FILL_AREA_STYLE_COLOUR('',#17875);
#18023 = STYLED_ITEM('color',(#18024),#1162);
#18024 = PRESENTATION_STYLE_ASSIGNMENT((#18025));
#18025 = SURFACE_STYLE_USAGE(.BOTH.,#18026);
#18026 = SURFACE_SIDE_STYLE('',(#18027));
#18027 = SURFACE_STYLE_FILL_AREA(#18028);
#18028 = FILL_AREA_STYLE('',(#18029));
#18029 = FILL_AREA_STYLE_COLOUR('',#17875);
#18030 = STYLED_ITEM('color',(#18031),#1179);
#18031 = PRESENTATION_STYLE_ASSIGNMENT((#18032));
#18032 = SURFACE_STYLE_USAGE(.BOTH.,#18033);
#18033 = SURFACE_SIDE_STYLE('',(#18034));
#18034 = SURFACE_STYLE_FILL_AREA(#18035);
#18035 = FILL_AREA_STYLE('',(#18036));
#18036 = FILL_AREA_STYLE_COLOUR('',#17875);
#18037 = STYLED_ITEM('color',(#18038),#1210);
#18038 = PRESENTATION_STYLE_ASSIGNMENT((#18039));
#18039 = SURFACE_STYLE_USAGE(.BOTH.,#18040);
#18040 = SURFACE_SIDE_STYLE('',(#18041));
#18041 = SURFACE_STYLE_FILL_AREA(#18042);
#18042 = FILL_AREA_STYLE('',(#18043));
#18043 = FILL_AREA_STYLE_COLOUR('',#17875);
#18044 = STYLED_ITEM('color',(#18045),#1235);
#18045 = PRESENTATION_STYLE_ASSIGNMENT((#18046));
#18046 = SURFACE_STYLE_USAGE(.BOTH.,#18047);
#18047 = SURFACE_SIDE_STYLE('',(#18048));
#18048 = SURFACE_STYLE_FILL_AREA(#18049);
#18049 = FILL_AREA_STYLE('',(#18050));
#18050 = FILL_AREA_STYLE_COLOUR('',#17875);
#18051 = STYLED_ITEM('color',(#18052),#1260);
#18052 = PRESENTATION_STYLE_ASSIGNMENT((#18053));
#18053 = SURFACE_STYLE_USAGE(.BOTH.,#18054);
#18054 = SURFACE_SIDE_STYLE('',(#18055));
#18055 = SURFACE_STYLE_FILL_AREA(#18056);
#18056 = FILL_AREA_STYLE('',(#18057));
#18057 = FILL_AREA_STYLE_COLOUR('',#17875);
#18058 = STYLED_ITEM('color',(#18059),#1284);
#18059 = PRESENTATION_STYLE_ASSIGNMENT((#18060));
#18060 = SURFACE_STYLE_USAGE(.BOTH.,#18061);
#18061 = SURFACE_SIDE_STYLE('',(#18062));
#18062 = SURFACE_STYLE_FILL_AREA(#18063);
#18063 = FILL_AREA_STYLE('',(#18064));
#18064 = FILL_AREA_STYLE_COLOUR('',#17875);
#18065 = STYLED_ITEM('color',(#18066),#1301);
#18066 = PRESENTATION_STYLE_ASSIGNMENT((#18067));
#18067 = SURFACE_STYLE_USAGE(.BOTH.,#18068);
#18068 = SURFACE_SIDE_STYLE('',(#18069));
#18069 = SURFACE_STYLE_FILL_AREA(#18070);
#18070 = FILL_AREA_STYLE('',(#18071));
#18071 = FILL_AREA_STYLE_COLOUR('',#18072);
#18072 = COLOUR_RGB('',0.340000006699,0.68000001254,0.444999988852);
#18073 = STYLED_ITEM('color',(#18074),#1332);
#18074 = PRESENTATION_STYLE_ASSIGNMENT((#18075));
#18075 = SURFACE_STYLE_USAGE(.BOTH.,#18076);
#18076 = SURFACE_SIDE_STYLE('',(#18077));
#18077 = SURFACE_STYLE_FILL_AREA(#18078);
#18078 = FILL_AREA_STYLE('',(#18079));
#18079 = FILL_AREA_STYLE_COLOUR('',#18072);
#18080 = STYLED_ITEM('color',(#18081),#1356);
#18081 = PRESENTATION_STYLE_ASSIGNMENT((#18082));
#18082 = SURFACE_STYLE_USAGE(.BOTH.,#18083);
#18083 = SURFACE_SIDE_STYLE('',(#18084));
#18084 = SURFACE_STYLE_FILL_AREA(#18085);
#18085 = FILL_AREA_STYLE('',(#18086));
#18086 = FILL_AREA_STYLE_COLOUR('',#18072);
#18087 = STYLED_ITEM('color',(#18088),#1373);
#18088 = PRESENTATION_STYLE_ASSIGNMENT((#18089));
#18089 = SURFACE_STYLE_USAGE(.BOTH.,#18090);
#18090 = SURFACE_SIDE_STYLE('',(#18091));
#18091 = SURFACE_STYLE_FILL_AREA(#18092);
#18092 = FILL_AREA_STYLE('',(#18093));
#18093 = FILL_AREA_STYLE_COLOUR('',#17875);
#18094 = STYLED_ITEM('color',(#18095),#1401);
#18095 = PRESENTATION_STYLE_ASSIGNMENT((#18096));
#18096 = SURFACE_STYLE_USAGE(.BOTH.,#18097);
#18097 = SURFACE_SIDE_STYLE('',(#18098));
#18098 = SURFACE_STYLE_FILL_AREA(#18099);
#18099 = FILL_AREA_STYLE('',(#18100));
#18100 = FILL_AREA_STYLE_COLOUR('',#17875);
#18101 = STYLED_ITEM('color',(#18102),#1426);
#18102 = PRESENTATION_STYLE_ASSIGNMENT((#18103));
#18103 = SURFACE_STYLE_USAGE(.BOTH.,#18104);
#18104 = SURFACE_SIDE_STYLE('',(#18105));
#18105 = SURFACE_STYLE_FILL_AREA(#18106);
#18106 = FILL_AREA_STYLE('',(#18107));
#18107 = FILL_AREA_STYLE_COLOUR('',#17875);
#18108 = STYLED_ITEM('color',(#18109),#1450);
#18109 = PRESENTATION_STYLE_ASSIGNMENT((#18110));
#18110 = SURFACE_STYLE_USAGE(.BOTH.,#18111);
#18111 = SURFACE_SIDE_STYLE('',(#18112));
#18112 = SURFACE_STYLE_FILL_AREA(#18113);
#18113 = FILL_AREA_STYLE('',(#18114));
#18114 = FILL_AREA_STYLE_COLOUR('',#17875);
#18115 = STYLED_ITEM('color',(#18116),#1475);
#18116 = PRESENTATION_STYLE_ASSIGNMENT((#18117));
#18117 = SURFACE_STYLE_USAGE(.BOTH.,#18118);
#18118 = SURFACE_SIDE_STYLE('',(#18119));
#18119 = SURFACE_STYLE_FILL_AREA(#18120);
#18120 = FILL_AREA_STYLE('',(#18121));
#18121 = FILL_AREA_STYLE_COLOUR('',#17875);
#18122 = STYLED_ITEM('color',(#18123),#1522);
#18123 = PRESENTATION_STYLE_ASSIGNMENT((#18124));
#18124 = SURFACE_STYLE_USAGE(.BOTH.,#18125);
#18125 = SURFACE_SIDE_STYLE('',(#18126));
#18126 = SURFACE_STYLE_FILL_AREA(#18127);
#18127 = FILL_AREA_STYLE('',(#18128));
#18128 = FILL_AREA_STYLE_COLOUR('',#17875);
#18129 = STYLED_ITEM('color',(#18130),#1539);
#18130 = PRESENTATION_STYLE_ASSIGNMENT((#18131));
#18131 = SURFACE_STYLE_USAGE(.BOTH.,#18132);
#18132 = SURFACE_SIDE_STYLE('',(#18133));
#18133 = SURFACE_STYLE_FILL_AREA(#18134);
#18134 = FILL_AREA_STYLE('',(#18135));
#18135 = FILL_AREA_STYLE_COLOUR('',#17875);
#18136 = STYLED_ITEM('color',(#18137),#1551);
#18137 = PRESENTATION_STYLE_ASSIGNMENT((#18138));
#18138 = SURFACE_STYLE_USAGE(.BOTH.,#18139);
#18139 = SURFACE_SIDE_STYLE('',(#18140));
#18140 = SURFACE_STYLE_FILL_AREA(#18141);
#18141 = FILL_AREA_STYLE('',(#18142));
#18142 = FILL_AREA_STYLE_COLOUR('',#17875);
#18143 = STYLED_ITEM('color',(#18144),#1573);
#18144 = PRESENTATION_STYLE_ASSIGNMENT((#18145));
#18145 = SURFACE_STYLE_USAGE(.BOTH.,#18146);
#18146 = SURFACE_SIDE_STYLE('',(#18147));
#18147 = SURFACE_STYLE_FILL_AREA(#18148);
#18148 = FILL_AREA_STYLE('',(#18149));
#18149 = FILL_AREA_STYLE_COLOUR('',#17875);
#18150 = STYLED_ITEM('color',(#18151),#1585);
#18151 = PRESENTATION_STYLE_ASSIGNMENT((#18152));
#18152 = SURFACE_STYLE_USAGE(.BOTH.,#18153);
#18153 = SURFACE_SIDE_STYLE('',(#18154));
#18154 = SURFACE_STYLE_FILL_AREA(#18155);
#18155 = FILL_AREA_STYLE('',(#18156));
#18156 = FILL_AREA_STYLE_COLOUR('',#17875);
#18157 = STYLED_ITEM('color',(#18158),#1603);
#18158 = PRESENTATION_STYLE_ASSIGNMENT((#18159));
#18159 = SURFACE_STYLE_USAGE(.BOTH.,#18160);
#18160 = SURFACE_SIDE_STYLE('',(#18161));
#18161 = SURFACE_STYLE_FILL_AREA(#18162);
#18162 = FILL_AREA_STYLE('',(#18163));
#18163 = FILL_AREA_STYLE_COLOUR('',#17875);
#18164 = STYLED_ITEM('color',(#18165),#1621);
#18165 = PRESENTATION_STYLE_ASSIGNMENT((#18166));
#18166 = SURFACE_STYLE_USAGE(.BOTH.,#18167);
#18167 = SURFACE_SIDE_STYLE('',(#18168));
#18168 = SURFACE_STYLE_FILL_AREA(#18169);
#18169 = FILL_AREA_STYLE('',(#18170));
#18170 = FILL_AREA_STYLE_COLOUR('',#18072);
#18171 = MECHANICAL_DESIGN_GEOMETRIC_PRESENTATION_REPRESENTATION('',(
    #18172,#18182,#18191,#18200,#18209,#18218,#18227,#18236,#18245,
    #18254,#18263,#18272,#18281,#18290,#18299,#18308,#18317,#18326,
    #18335,#18344,#18353,#18362,#18371,#18380,#18389,#18398,#18407,
    #18416,#18425,#18434,#18443,#18452,#18461,#18470,#18479,#18488,
    #18497,#18506,#18515,#18524,#18533,#18542,#18551,#18560,#18569,
    #18578,#18587,#18596,#18605,#18614,#18623,#18632,#18641,#18650,
    #18659,#18668,#18677,#18686,#18695,#18704,#18713,#18722,#18731,
    #18740,#18749,#18758,#18767,#18776,#18785,#18794,#18803,#18812,
    #18821,#18830,#18839,#18848,#18857,#18866,#18875,#18884,#18893,
    #18902,#18911,#18920,#18929,#18938,#18947,#18956,#18965,#18974,
    #18983,#18992,#19001,#19010,#19019,#19028,#19037,#19046,#19055,
    #19064,#19073,#19082,#19091,#19100,#19109,#19118,#19127,#19136,
    #19145,#19154,#19163,#19172,#19181,#19190,#19199,#19208,#19217,
    #19226,#19235,#19244,#19253,#19262,#19271,#19280,#19289,#19298,
    #19307,#19316,#19325,#19334,#19343,#19352,#19361,#19370,#19379,
    #19388,#19397,#19406,#19415,#19424,#19433,#19442,#19451,#19460,
    #19469,#19478,#19487,#19496,#19505,#19514,#19523,#19532,#19541,
    #19550,#19559,#19568,#19577,#19586,#19595,#19604,#19613,#19622,
    #19631,#19640,#19649,#19658,#19667,#19676,#19685,#19694,#19703,
    #19712,#19721,#19730,#19739,#19748,#19757,#19766,#19775,#19784,
    #19793,#19802,#19811,#19820,#19829,#19838,#19847,#19856,#19865,
    #19874,#19883,#19892,#19901,#19910,#19919,#19928,#19937,#19946,
    #19955,#19964,#19973,#19982,#19991,#20000,#20009,#20018,#20027,
    #20036,#20045,#20054,#20063,#20072,#20081,#20090,#20099,#20108,
    #20117,#20126,#20135,#20144,#20153,#20162,#20171,#20180,#20189,
    #20198,#20207,#20216,#20225,#20234,#20243,#20252,#20261,#20270,
    #20279,#20288,#20297,#20306,#20315,#20324,#20333,#20342,#20351,
    #20360,#20369,#20378,#20387,#20396,#20405,#20414,#20423,#20432,
    #20441,#20450,#20459,#20468,#20477,#20486,#20495,#20504,#20513,
    #20522,#20531,#20540,#20549,#20558,#20567,#20576,#20585,#20594,
    #20603,#20612,#20621,#20630,#20639,#20648,#20657,#20666,#20675,
    #20684,#20693,#20702,#20711,#20720,#20729,#20738,#20747,#20756,
    #20765,#20774,#20783,#20792,#20801,#20810,#20819,#20828,#20837,
    #20846,#20855,#20864,#20873,#20882,#20891,#20900,#20909,#20918,
    #20927,#20936,#20945,#20954,#20963,#20972,#20981,#20990,#20999,
    #21008,#21017,#21026,#21035,#21044,#21053,#21062,#21071,#21080,
    #21089,#21098,#21107,#21116,#21125,#21134,#21143,#21152,#21161,
    #21170,#21179,#21188,#21197,#21206,#21215,#21224,#21233,#21242,
    #21251,#21260,#21269,#21278,#21287,#21296,#21305,#21314,#21323,
    #21332,#21341,#21350,#21359,#21368,#21377,#21386,#21395,#21404,
    #21413,#21422,#21431,#21440,#21449,#21458,#21467,#21476,#21485,
    #21494,#21503,#21512,#21521,#21530,#21539,#21548,#21557,#21566,
    #21575,#21584,#21593,#21602,#21611,#21620,#21629,#21638,#21647),
  #13668);
#18172 = STYLED_ITEM('color',(#18173),#1728);
#18173 = PRESENTATION_STYLE_ASSIGNMENT((#18174,#18180));
#18174 = SURFACE_STYLE_USAGE(.BOTH.,#18175);
#18175 = SURFACE_SIDE_STYLE('',(#18176));
#18176 = SURFACE_STYLE_FILL_AREA(#18177);
#18177 = FILL_AREA_STYLE('',(#18178));
#18178 = FILL_AREA_STYLE_COLOUR('',#18179);
#18179 = COLOUR_RGB('',0.147999998088,0.145000001626,0.145000001626);
#18180 = CURVE_STYLE('',#18181,POSITIVE_LENGTH_MEASURE(0.1),#18179);
#18181 = DRAUGHTING_PRE_DEFINED_CURVE_FONT('continuous');
#18182 = STYLED_ITEM('color',(#18183),#1766);
#18183 = PRESENTATION_STYLE_ASSIGNMENT((#18184,#18189));
#18184 = SURFACE_STYLE_USAGE(.BOTH.,#18185);
#18185 = SURFACE_SIDE_STYLE('',(#18186));
#18186 = SURFACE_STYLE_FILL_AREA(#18187);
#18187 = FILL_AREA_STYLE('',(#18188));
#18188 = FILL_AREA_STYLE_COLOUR('',#18179);
#18189 = CURVE_STYLE('',#18190,POSITIVE_LENGTH_MEASURE(0.1),#18179);
#18190 = DRAUGHTING_PRE_DEFINED_CURVE_FONT('continuous');
#18191 = STYLED_ITEM('color',(#18192),#1829);
#18192 = PRESENTATION_STYLE_ASSIGNMENT((#18193,#18198));
#18193 = SURFACE_STYLE_USAGE(.BOTH.,#18194);
#18194 = SURFACE_SIDE_STYLE('',(#18195));
#18195 = SURFACE_STYLE_FILL_AREA(#18196);
#18196 = FILL_AREA_STYLE('',(#18197));
#18197 = FILL_AREA_STYLE_COLOUR('',#18179);
#18198 = CURVE_STYLE('',#18199,POSITIVE_LENGTH_MEASURE(0.1),#18179);
#18199 = DRAUGHTING_PRE_DEFINED_CURVE_FONT('continuous');
#18200 = STYLED_ITEM('color',(#18201),#1852);
#18201 = PRESENTATION_STYLE_ASSIGNMENT((#18202,#18207));
#18202 = SURFACE_STYLE_USAGE(.BOTH.,#18203);
#18203 = SURFACE_SIDE_STYLE('',(#18204));
#18204 = SURFACE_STYLE_FILL_AREA(#18205);
#18205 = FILL_AREA_STYLE('',(#18206));
#18206 = FILL_AREA_STYLE_COLOUR('',#18179);
#18207 = CURVE_STYLE('',#18208,POSITIVE_LENGTH_MEASURE(0.1),#18179);
#18208 = DRAUGHTING_PRE_DEFINED_CURVE_FONT('continuous');
#18209 = STYLED_ITEM('color',(#18210),#1881);
#18210 = PRESENTATION_STYLE_ASSIGNMENT((#18211,#18216));
#18211 = SURFACE_STYLE_USAGE(.BOTH.,#18212);
#18212 = SURFACE_SIDE_STYLE('',(#18213));
#18213 = SURFACE_STYLE_FILL_AREA(#18214);
#18214 = FILL_AREA_STYLE('',(#18215));
#18215 = FILL_AREA_STYLE_COLOUR('',#18179);
#18216 = CURVE_STYLE('',#18217,POSITIVE_LENGTH_MEASURE(0.1),#18179);
#18217 = DRAUGHTING_PRE_DEFINED_CURVE_FONT('continuous');
#18218 = STYLED_ITEM('color',(#18219),#1904);
#18219 = PRESENTATION_STYLE_ASSIGNMENT((#18220,#18225));
#18220 = SURFACE_STYLE_USAGE(.BOTH.,#18221);
#18221 = SURFACE_SIDE_STYLE('',(#18222));
#18222 = SURFACE_STYLE_FILL_AREA(#18223);
#18223 = FILL_AREA_STYLE('',(#18224));
#18224 = FILL_AREA_STYLE_COLOUR('',#18179);
#18225 = CURVE_STYLE('',#18226,POSITIVE_LENGTH_MEASURE(0.1),#18179);
#18226 = DRAUGHTING_PRE_DEFINED_CURVE_FONT('continuous');
#18227 = STYLED_ITEM('color',(#18228),#2119);
#18228 = PRESENTATION_STYLE_ASSIGNMENT((#18229,#18234));
#18229 = SURFACE_STYLE_USAGE(.BOTH.,#18230);
#18230 = SURFACE_SIDE_STYLE('',(#18231));
#18231 = SURFACE_STYLE_FILL_AREA(#18232);
#18232 = FILL_AREA_STYLE('',(#18233));
#18233 = FILL_AREA_STYLE_COLOUR('',#18179);
#18234 = CURVE_STYLE('',#18235,POSITIVE_LENGTH_MEASURE(0.1),#18179);
#18235 = DRAUGHTING_PRE_DEFINED_CURVE_FONT('continuous');
#18236 = STYLED_ITEM('color',(#18237),#2334);
#18237 = PRESENTATION_STYLE_ASSIGNMENT((#18238,#18243));
#18238 = SURFACE_STYLE_USAGE(.BOTH.,#18239);
#18239 = SURFACE_SIDE_STYLE('',(#18240));
#18240 = SURFACE_STYLE_FILL_AREA(#18241);
#18241 = FILL_AREA_STYLE('',(#18242));
#18242 = FILL_AREA_STYLE_COLOUR('',#18179);
#18243 = CURVE_STYLE('',#18244,POSITIVE_LENGTH_MEASURE(0.1),#18179);
#18244 = DRAUGHTING_PRE_DEFINED_CURVE_FONT('continuous');
#18245 = STYLED_ITEM('color',(#18246),#2357);
#18246 = PRESENTATION_STYLE_ASSIGNMENT((#18247,#18252));
#18247 = SURFACE_STYLE_USAGE(.BOTH.,#18248);
#18248 = SURFACE_SIDE_STYLE('',(#18249));
#18249 = SURFACE_STYLE_FILL_AREA(#18250);
#18250 = FILL_AREA_STYLE('',(#18251));
#18251 = FILL_AREA_STYLE_COLOUR('',#18179);
#18252 = CURVE_STYLE('',#18253,POSITIVE_LENGTH_MEASURE(0.1),#18179);
#18253 = DRAUGHTING_PRE_DEFINED_CURVE_FONT('continuous');
#18254 = STYLED_ITEM('color',(#18255),#2380);
#18255 = PRESENTATION_STYLE_ASSIGNMENT((#18256,#18261));
#18256 = SURFACE_STYLE_USAGE(.BOTH.,#18257);
#18257 = SURFACE_SIDE_STYLE('',(#18258));
#18258 = SURFACE_STYLE_FILL_AREA(#18259);
#18259 = FILL_AREA_STYLE('',(#18260));
#18260 = FILL_AREA_STYLE_COLOUR('',#18179);
#18261 = CURVE_STYLE('',#18262,POSITIVE_LENGTH_MEASURE(0.1),#18179);
#18262 = DRAUGHTING_PRE_DEFINED_CURVE_FONT('continuous');
#18263 = STYLED_ITEM('color',(#18264),#2397);
#18264 = PRESENTATION_STYLE_ASSIGNMENT((#18265,#18270));
#18265 = SURFACE_STYLE_USAGE(.BOTH.,#18266);
#18266 = SURFACE_SIDE_STYLE('',(#18267));
#18267 = SURFACE_STYLE_FILL_AREA(#18268);
#18268 = FILL_AREA_STYLE('',(#18269));
#18269 = FILL_AREA_STYLE_COLOUR('',#18179);
#18270 = CURVE_STYLE('',#18271,POSITIVE_LENGTH_MEASURE(0.1),#18179);
#18271 = DRAUGHTING_PRE_DEFINED_CURVE_FONT('continuous');
#18272 = STYLED_ITEM('color',(#18273),#2420);
#18273 = PRESENTATION_STYLE_ASSIGNMENT((#18274,#18279));
#18274 = SURFACE_STYLE_USAGE(.BOTH.,#18275);
#18275 = SURFACE_SIDE_STYLE('',(#18276));
#18276 = SURFACE_STYLE_FILL_AREA(#18277);
#18277 = FILL_AREA_STYLE('',(#18278));
#18278 = FILL_AREA_STYLE_COLOUR('',#18179);
#18279 = CURVE_STYLE('',#18280,POSITIVE_LENGTH_MEASURE(0.1),#18179);
#18280 = DRAUGHTING_PRE_DEFINED_CURVE_FONT('continuous');
#18281 = STYLED_ITEM('color',(#18282),#2508);
#18282 = PRESENTATION_STYLE_ASSIGNMENT((#18283,#18288));
#18283 = SURFACE_STYLE_USAGE(.BOTH.,#18284);
#18284 = SURFACE_SIDE_STYLE('',(#18285));
#18285 = SURFACE_STYLE_FILL_AREA(#18286);
#18286 = FILL_AREA_STYLE('',(#18287));
#18287 = FILL_AREA_STYLE_COLOUR('',#18179);
#18288 = CURVE_STYLE('',#18289,POSITIVE_LENGTH_MEASURE(0.1),#18179);
#18289 = DRAUGHTING_PRE_DEFINED_CURVE_FONT('continuous');
#18290 = STYLED_ITEM('color',(#18291),#2524);
#18291 = PRESENTATION_STYLE_ASSIGNMENT((#18292,#18297));
#18292 = SURFACE_STYLE_USAGE(.BOTH.,#18293);
#18293 = SURFACE_SIDE_STYLE('',(#18294));
#18294 = SURFACE_STYLE_FILL_AREA(#18295);
#18295 = FILL_AREA_STYLE('',(#18296));
#18296 = FILL_AREA_STYLE_COLOUR('',#18179);
#18297 = CURVE_STYLE('',#18298,POSITIVE_LENGTH_MEASURE(0.1),#18179);
#18298 = DRAUGHTING_PRE_DEFINED_CURVE_FONT('continuous');
#18299 = STYLED_ITEM('color',(#18300),#2554);
#18300 = PRESENTATION_STYLE_ASSIGNMENT((#18301,#18306));
#18301 = SURFACE_STYLE_USAGE(.BOTH.,#18302);
#18302 = SURFACE_SIDE_STYLE('',(#18303));
#18303 = SURFACE_STYLE_FILL_AREA(#18304);
#18304 = FILL_AREA_STYLE('',(#18305));
#18305 = FILL_AREA_STYLE_COLOUR('',#17433);
#18306 = CURVE_STYLE('',#18307,POSITIVE_LENGTH_MEASURE(0.1),#17433);
#18307 = DRAUGHTING_PRE_DEFINED_CURVE_FONT('continuous');
#18308 = STYLED_ITEM('color',(#18309),#2585);
#18309 = PRESENTATION_STYLE_ASSIGNMENT((#18310,#18315));
#18310 = SURFACE_STYLE_USAGE(.BOTH.,#18311);
#18311 = SURFACE_SIDE_STYLE('',(#18312));
#18312 = SURFACE_STYLE_FILL_AREA(#18313);
#18313 = FILL_AREA_STYLE('',(#18314));
#18314 = FILL_AREA_STYLE_COLOUR('',#18179);
#18315 = CURVE_STYLE('',#18316,POSITIVE_LENGTH_MEASURE(0.1),#18179);
#18316 = DRAUGHTING_PRE_DEFINED_CURVE_FONT('continuous');
#18317 = STYLED_ITEM('color',(#18318),#2616);
#18318 = PRESENTATION_STYLE_ASSIGNMENT((#18319,#18324));
#18319 = SURFACE_STYLE_USAGE(.BOTH.,#18320);
#18320 = SURFACE_SIDE_STYLE('',(#18321));
#18321 = SURFACE_STYLE_FILL_AREA(#18322);
#18322 = FILL_AREA_STYLE('',(#18323));
#18323 = FILL_AREA_STYLE_COLOUR('',#17433);
#18324 = CURVE_STYLE('',#18325,POSITIVE_LENGTH_MEASURE(0.1),#17433);
#18325 = DRAUGHTING_PRE_DEFINED_CURVE_FONT('continuous');
#18326 = STYLED_ITEM('color',(#18327),#2647);
#18327 = PRESENTATION_STYLE_ASSIGNMENT((#18328,#18333));
#18328 = SURFACE_STYLE_USAGE(.BOTH.,#18329);
#18329 = SURFACE_SIDE_STYLE('',(#18330));
#18330 = SURFACE_STYLE_FILL_AREA(#18331);
#18331 = FILL_AREA_STYLE('',(#18332));
#18332 = FILL_AREA_STYLE_COLOUR('',#18179);
#18333 = CURVE_STYLE('',#18334,POSITIVE_LENGTH_MEASURE(0.1),#18179);
#18334 = DRAUGHTING_PRE_DEFINED_CURVE_FONT('continuous');
#18335 = STYLED_ITEM('color',(#18336),#2678);
#18336 = PRESENTATION_STYLE_ASSIGNMENT((#18337,#18342));
#18337 = SURFACE_STYLE_USAGE(.BOTH.,#18338);
#18338 = SURFACE_SIDE_STYLE('',(#18339));
#18339 = SURFACE_STYLE_FILL_AREA(#18340);
#18340 = FILL_AREA_STYLE('',(#18341));
#18341 = FILL_AREA_STYLE_COLOUR('',#17433);
#18342 = CURVE_STYLE('',#18343,POSITIVE_LENGTH_MEASURE(0.1),#17433);
#18343 = DRAUGHTING_PRE_DEFINED_CURVE_FONT('continuous');
#18344 = STYLED_ITEM('color',(#18345),#2709);
#18345 = PRESENTATION_STYLE_ASSIGNMENT((#18346,#18351));
#18346 = SURFACE_STYLE_USAGE(.BOTH.,#18347);
#18347 = SURFACE_SIDE_STYLE('',(#18348));
#18348 = SURFACE_STYLE_FILL_AREA(#18349);
#18349 = FILL_AREA_STYLE('',(#18350));
#18350 = FILL_AREA_STYLE_COLOUR('',#18179);
#18351 = CURVE_STYLE('',#18352,POSITIVE_LENGTH_MEASURE(0.1),#18179);
#18352 = DRAUGHTING_PRE_DEFINED_CURVE_FONT('continuous');
#18353 = STYLED_ITEM('color',(#18354),#2740);
#18354 = PRESENTATION_STYLE_ASSIGNMENT((#18355,#18360));
#18355 = SURFACE_STYLE_USAGE(.BOTH.,#18356);
#18356 = SURFACE_SIDE_STYLE('',(#18357));
#18357 = SURFACE_STYLE_FILL_AREA(#18358);
#18358 = FILL_AREA_STYLE('',(#18359));
#18359 = FILL_AREA_STYLE_COLOUR('',#17433);
#18360 = CURVE_STYLE('',#18361,POSITIVE_LENGTH_MEASURE(0.1),#17433);
#18361 = DRAUGHTING_PRE_DEFINED_CURVE_FONT('continuous');
#18362 = STYLED_ITEM('color',(#18363),#2771);
#18363 = PRESENTATION_STYLE_ASSIGNMENT((#18364,#18369));
#18364 = SURFACE_STYLE_USAGE(.BOTH.,#18365);
#18365 = SURFACE_SIDE_STYLE('',(#18366));
#18366 = SURFACE_STYLE_FILL_AREA(#18367);
#18367 = FILL_AREA_STYLE('',(#18368));
#18368 = FILL_AREA_STYLE_COLOUR('',#18179);
#18369 = CURVE_STYLE('',#18370,POSITIVE_LENGTH_MEASURE(0.1),#18179);
#18370 = DRAUGHTING_PRE_DEFINED_CURVE_FONT('continuous');
#18371 = STYLED_ITEM('color',(#18372),#2802);
#18372 = PRESENTATION_STYLE_ASSIGNMENT((#18373,#18378));
#18373 = SURFACE_STYLE_USAGE(.BOTH.,#18374);
#18374 = SURFACE_SIDE_STYLE('',(#18375));
#18375 = SURFACE_STYLE_FILL_AREA(#18376);
#18376 = FILL_AREA_STYLE('',(#18377));
#18377 = FILL_AREA_STYLE_COLOUR('',#17433);
#18378 = CURVE_STYLE('',#18379,POSITIVE_LENGTH_MEASURE(0.1),#17433);
#18379 = DRAUGHTING_PRE_DEFINED_CURVE_FONT('continuous');
#18380 = STYLED_ITEM('color',(#18381),#2833);
#18381 = PRESENTATION_STYLE_ASSIGNMENT((#18382,#18387));
#18382 = SURFACE_STYLE_USAGE(.BOTH.,#18383);
#18383 = SURFACE_SIDE_STYLE('',(#18384));
#18384 = SURFACE_STYLE_FILL_AREA(#18385);
#18385 = FILL_AREA_STYLE('',(#18386));
#18386 = FILL_AREA_STYLE_COLOUR('',#18179);
#18387 = CURVE_STYLE('',#18388,POSITIVE_LENGTH_MEASURE(0.1),#18179);
#18388 = DRAUGHTING_PRE_DEFINED_CURVE_FONT('continuous');
#18389 = STYLED_ITEM('color',(#18390),#2864);
#18390 = PRESENTATION_STYLE_ASSIGNMENT((#18391,#18396));
#18391 = SURFACE_STYLE_USAGE(.BOTH.,#18392);
#18392 = SURFACE_SIDE_STYLE('',(#18393));
#18393 = SURFACE_STYLE_FILL_AREA(#18394);
#18394 = FILL_AREA_STYLE('',(#18395));
#18395 = FILL_AREA_STYLE_COLOUR('',#17433);
#18396 = CURVE_STYLE('',#18397,POSITIVE_LENGTH_MEASURE(0.1),#17433);
#18397 = DRAUGHTING_PRE_DEFINED_CURVE_FONT('continuous');
#18398 = STYLED_ITEM('color',(#18399),#2895);
#18399 = PRESENTATION_STYLE_ASSIGNMENT((#18400,#18405));
#18400 = SURFACE_STYLE_USAGE(.BOTH.,#18401);
#18401 = SURFACE_SIDE_STYLE('',(#18402));
#18402 = SURFACE_STYLE_FILL_AREA(#18403);
#18403 = FILL_AREA_STYLE('',(#18404));
#18404 = FILL_AREA_STYLE_COLOUR('',#18179);
#18405 = CURVE_STYLE('',#18406,POSITIVE_LENGTH_MEASURE(0.1),#18179);
#18406 = DRAUGHTING_PRE_DEFINED_CURVE_FONT('continuous');
#18407 = STYLED_ITEM('color',(#18408),#2926);
#18408 = PRESENTATION_STYLE_ASSIGNMENT((#18409,#18414));
#18409 = SURFACE_STYLE_USAGE(.BOTH.,#18410);
#18410 = SURFACE_SIDE_STYLE('',(#18411));
#18411 = SURFACE_STYLE_FILL_AREA(#18412);
#18412 = FILL_AREA_STYLE('',(#18413));
#18413 = FILL_AREA_STYLE_COLOUR('',#17433);
#18414 = CURVE_STYLE('',#18415,POSITIVE_LENGTH_MEASURE(0.1),#17433);
#18415 = DRAUGHTING_PRE_DEFINED_CURVE_FONT('continuous');
#18416 = STYLED_ITEM('color',(#18417),#2957);
#18417 = PRESENTATION_STYLE_ASSIGNMENT((#18418,#18423));
#18418 = SURFACE_STYLE_USAGE(.BOTH.,#18419);
#18419 = SURFACE_SIDE_STYLE('',(#18420));
#18420 = SURFACE_STYLE_FILL_AREA(#18421);
#18421 = FILL_AREA_STYLE('',(#18422));
#18422 = FILL_AREA_STYLE_COLOUR('',#18179);
#18423 = CURVE_STYLE('',#18424,POSITIVE_LENGTH_MEASURE(0.1),#18179);
#18424 = DRAUGHTING_PRE_DEFINED_CURVE_FONT('continuous');
#18425 = STYLED_ITEM('color',(#18426),#2988);
#18426 = PRESENTATION_STYLE_ASSIGNMENT((#18427,#18432));
#18427 = SURFACE_STYLE_USAGE(.BOTH.,#18428);
#18428 = SURFACE_SIDE_STYLE('',(#18429));
#18429 = SURFACE_STYLE_FILL_AREA(#18430);
#18430 = FILL_AREA_STYLE('',(#18431));
#18431 = FILL_AREA_STYLE_COLOUR('',#17433);
#18432 = CURVE_STYLE('',#18433,POSITIVE_LENGTH_MEASURE(0.1),#17433);
#18433 = DRAUGHTING_PRE_DEFINED_CURVE_FONT('continuous');
#18434 = STYLED_ITEM('color',(#18435),#3019);
#18435 = PRESENTATION_STYLE_ASSIGNMENT((#18436,#18441));
#18436 = SURFACE_STYLE_USAGE(.BOTH.,#18437);
#18437 = SURFACE_SIDE_STYLE('',(#18438));
#18438 = SURFACE_STYLE_FILL_AREA(#18439);
#18439 = FILL_AREA_STYLE('',(#18440));
#18440 = FILL_AREA_STYLE_COLOUR('',#18179);
#18441 = CURVE_STYLE('',#18442,POSITIVE_LENGTH_MEASURE(0.1),#18179);
#18442 = DRAUGHTING_PRE_DEFINED_CURVE_FONT('continuous');
#18443 = STYLED_ITEM('color',(#18444),#3050);
#18444 = PRESENTATION_STYLE_ASSIGNMENT((#18445,#18450));
#18445 = SURFACE_STYLE_USAGE(.BOTH.,#18446);
#18446 = SURFACE_SIDE_STYLE('',(#18447));
#18447 = SURFACE_STYLE_FILL_AREA(#18448);
#18448 = FILL_AREA_STYLE('',(#18449));
#18449 = FILL_AREA_STYLE_COLOUR('',#17433);
#18450 = CURVE_STYLE('',#18451,POSITIVE_LENGTH_MEASURE(0.1),#17433);
#18451 = DRAUGHTING_PRE_DEFINED_CURVE_FONT('continuous');
#18452 = STYLED_ITEM('color',(#18453),#3081);
#18453 = PRESENTATION_STYLE_ASSIGNMENT((#18454,#18459));
#18454 = SURFACE_STYLE_USAGE(.BOTH.,#18455);
#18455 = SURFACE_SIDE_STYLE('',(#18456));
#18456 = SURFACE_STYLE_FILL_AREA(#18457);
#18457 = FILL_AREA_STYLE('',(#18458));
#18458 = FILL_AREA_STYLE_COLOUR('',#18179);
#18459 = CURVE_STYLE('',#18460,POSITIVE_LENGTH_MEASURE(0.1),#18179);
#18460 = DRAUGHTING_PRE_DEFINED_CURVE_FONT('continuous');
#18461 = STYLED_ITEM('color',(#18462),#3112);
#18462 = PRESENTATION_STYLE_ASSIGNMENT((#18463,#18468));
#18463 = SURFACE_STYLE_USAGE(.BOTH.,#18464);
#18464 = SURFACE_SIDE_STYLE('',(#18465));
#18465 = SURFACE_STYLE_FILL_AREA(#18466);
#18466 = FILL_AREA_STYLE('',(#18467));
#18467 = FILL_AREA_STYLE_COLOUR('',#17433);
#18468 = CURVE_STYLE('',#18469,POSITIVE_LENGTH_MEASURE(0.1),#17433);
#18469 = DRAUGHTING_PRE_DEFINED_CURVE_FONT('continuous');
#18470 = STYLED_ITEM('color',(#18471),#3143);
#18471 = PRESENTATION_STYLE_ASSIGNMENT((#18472,#18477));
#18472 = SURFACE_STYLE_USAGE(.BOTH.,#18473);
#18473 = SURFACE_SIDE_STYLE('',(#18474));
#18474 = SURFACE_STYLE_FILL_AREA(#18475);
#18475 = FILL_AREA_STYLE('',(#18476));
#18476 = FILL_AREA_STYLE_COLOUR('',#18179);
#18477 = CURVE_STYLE('',#18478,POSITIVE_LENGTH_MEASURE(0.1),#18179);
#18478 = DRAUGHTING_PRE_DEFINED_CURVE_FONT('continuous');
#18479 = STYLED_ITEM('color',(#18480),#3174);
#18480 = PRESENTATION_STYLE_ASSIGNMENT((#18481,#18486));
#18481 = SURFACE_STYLE_USAGE(.BOTH.,#18482);
#18482 = SURFACE_SIDE_STYLE('',(#18483));
#18483 = SURFACE_STYLE_FILL_AREA(#18484);
#18484 = FILL_AREA_STYLE('',(#18485));
#18485 = FILL_AREA_STYLE_COLOUR('',#17433);
#18486 = CURVE_STYLE('',#18487,POSITIVE_LENGTH_MEASURE(0.1),#17433);
#18487 = DRAUGHTING_PRE_DEFINED_CURVE_FONT('continuous');
#18488 = STYLED_ITEM('color',(#18489),#3205);
#18489 = PRESENTATION_STYLE_ASSIGNMENT((#18490,#18495));
#18490 = SURFACE_STYLE_USAGE(.BOTH.,#18491);
#18491 = SURFACE_SIDE_STYLE('',(#18492));
#18492 = SURFACE_STYLE_FILL_AREA(#18493);
#18493 = FILL_AREA_STYLE('',(#18494));
#18494 = FILL_AREA_STYLE_COLOUR('',#18179);
#18495 = CURVE_STYLE('',#18496,POSITIVE_LENGTH_MEASURE(0.1),#18179);
#18496 = DRAUGHTING_PRE_DEFINED_CURVE_FONT('continuous');
#18497 = STYLED_ITEM('color',(#18498),#3236);
#18498 = PRESENTATION_STYLE_ASSIGNMENT((#18499,#18504));
#18499 = SURFACE_STYLE_USAGE(.BOTH.,#18500);
#18500 = SURFACE_SIDE_STYLE('',(#18501));
#18501 = SURFACE_STYLE_FILL_AREA(#18502);
#18502 = FILL_AREA_STYLE('',(#18503));
#18503 = FILL_AREA_STYLE_COLOUR('',#17433);
#18504 = CURVE_STYLE('',#18505,POSITIVE_LENGTH_MEASURE(0.1),#17433);
#18505 = DRAUGHTING_PRE_DEFINED_CURVE_FONT('continuous');
#18506 = STYLED_ITEM('color',(#18507),#3267);
#18507 = PRESENTATION_STYLE_ASSIGNMENT((#18508,#18513));
#18508 = SURFACE_STYLE_USAGE(.BOTH.,#18509);
#18509 = SURFACE_SIDE_STYLE('',(#18510));
#18510 = SURFACE_STYLE_FILL_AREA(#18511);
#18511 = FILL_AREA_STYLE('',(#18512));
#18512 = FILL_AREA_STYLE_COLOUR('',#18179);
#18513 = CURVE_STYLE('',#18514,POSITIVE_LENGTH_MEASURE(0.1),#18179);
#18514 = DRAUGHTING_PRE_DEFINED_CURVE_FONT('continuous');
#18515 = STYLED_ITEM('color',(#18516),#3284);
#18516 = PRESENTATION_STYLE_ASSIGNMENT((#18517,#18522));
#18517 = SURFACE_STYLE_USAGE(.BOTH.,#18518);
#18518 = SURFACE_SIDE_STYLE('',(#18519));
#18519 = SURFACE_STYLE_FILL_AREA(#18520);
#18520 = FILL_AREA_STYLE('',(#18521));
#18521 = FILL_AREA_STYLE_COLOUR('',#18179);
#18522 = CURVE_STYLE('',#18523,POSITIVE_LENGTH_MEASURE(0.1),#18179);
#18523 = DRAUGHTING_PRE_DEFINED_CURVE_FONT('continuous');
#18524 = STYLED_ITEM('color',(#18525),#3301);
#18525 = PRESENTATION_STYLE_ASSIGNMENT((#18526,#18531));
#18526 = SURFACE_STYLE_USAGE(.BOTH.,#18527);
#18527 = SURFACE_SIDE_STYLE('',(#18528));
#18528 = SURFACE_STYLE_FILL_AREA(#18529);
#18529 = FILL_AREA_STYLE('',(#18530));
#18530 = FILL_AREA_STYLE_COLOUR('',#17433);
#18531 = CURVE_STYLE('',#18532,POSITIVE_LENGTH_MEASURE(0.1),#17433);
#18532 = DRAUGHTING_PRE_DEFINED_CURVE_FONT('continuous');
#18533 = STYLED_ITEM('color',(#18534),#3332);
#18534 = PRESENTATION_STYLE_ASSIGNMENT((#18535,#18540));
#18535 = SURFACE_STYLE_USAGE(.BOTH.,#18536);
#18536 = SURFACE_SIDE_STYLE('',(#18537));
#18537 = SURFACE_STYLE_FILL_AREA(#18538);
#18538 = FILL_AREA_STYLE('',(#18539));
#18539 = FILL_AREA_STYLE_COLOUR('',#18179);
#18540 = CURVE_STYLE('',#18541,POSITIVE_LENGTH_MEASURE(0.1),#18179);
#18541 = DRAUGHTING_PRE_DEFINED_CURVE_FONT('continuous');
#18542 = STYLED_ITEM('color',(#18543),#3363);
#18543 = PRESENTATION_STYLE_ASSIGNMENT((#18544,#18549));
#18544 = SURFACE_STYLE_USAGE(.BOTH.,#18545);
#18545 = SURFACE_SIDE_STYLE('',(#18546));
#18546 = SURFACE_STYLE_FILL_AREA(#18547);
#18547 = FILL_AREA_STYLE('',(#18548));
#18548 = FILL_AREA_STYLE_COLOUR('',#17433);
#18549 = CURVE_STYLE('',#18550,POSITIVE_LENGTH_MEASURE(0.1),#17433);
#18550 = DRAUGHTING_PRE_DEFINED_CURVE_FONT('continuous');
#18551 = STYLED_ITEM('color',(#18552),#3394);
#18552 = PRESENTATION_STYLE_ASSIGNMENT((#18553,#18558));
#18553 = SURFACE_STYLE_USAGE(.BOTH.,#18554);
#18554 = SURFACE_SIDE_STYLE('',(#18555));
#18555 = SURFACE_STYLE_FILL_AREA(#18556);
#18556 = FILL_AREA_STYLE('',(#18557));
#18557 = FILL_AREA_STYLE_COLOUR('',#18179);
#18558 = CURVE_STYLE('',#18559,POSITIVE_LENGTH_MEASURE(0.1),#18179);
#18559 = DRAUGHTING_PRE_DEFINED_CURVE_FONT('continuous');
#18560 = STYLED_ITEM('color',(#18561),#3425);
#18561 = PRESENTATION_STYLE_ASSIGNMENT((#18562,#18567));
#18562 = SURFACE_STYLE_USAGE(.BOTH.,#18563);
#18563 = SURFACE_SIDE_STYLE('',(#18564));
#18564 = SURFACE_STYLE_FILL_AREA(#18565);
#18565 = FILL_AREA_STYLE('',(#18566));
#18566 = FILL_AREA_STYLE_COLOUR('',#17433);
#18567 = CURVE_STYLE('',#18568,POSITIVE_LENGTH_MEASURE(0.1),#17433);
#18568 = DRAUGHTING_PRE_DEFINED_CURVE_FONT('continuous');
#18569 = STYLED_ITEM('color',(#18570),#3456);
#18570 = PRESENTATION_STYLE_ASSIGNMENT((#18571,#18576));
#18571 = SURFACE_STYLE_USAGE(.BOTH.,#18572);
#18572 = SURFACE_SIDE_STYLE('',(#18573));
#18573 = SURFACE_STYLE_FILL_AREA(#18574);
#18574 = FILL_AREA_STYLE('',(#18575));
#18575 = FILL_AREA_STYLE_COLOUR('',#18179);
#18576 = CURVE_STYLE('',#18577,POSITIVE_LENGTH_MEASURE(0.1),#18179);
#18577 = DRAUGHTING_PRE_DEFINED_CURVE_FONT('continuous');
#18578 = STYLED_ITEM('color',(#18579),#3487);
#18579 = PRESENTATION_STYLE_ASSIGNMENT((#18580,#18585));
#18580 = SURFACE_STYLE_USAGE(.BOTH.,#18581);
#18581 = SURFACE_SIDE_STYLE('',(#18582));
#18582 = SURFACE_STYLE_FILL_AREA(#18583);
#18583 = FILL_AREA_STYLE('',(#18584));
#18584 = FILL_AREA_STYLE_COLOUR('',#17433);
#18585 = CURVE_STYLE('',#18586,POSITIVE_LENGTH_MEASURE(0.1),#17433);
#18586 = DRAUGHTING_PRE_DEFINED_CURVE_FONT('continuous');
#18587 = STYLED_ITEM('color',(#18588),#3518);
#18588 = PRESENTATION_STYLE_ASSIGNMENT((#18589,#18594));
#18589 = SURFACE_STYLE_USAGE(.BOTH.,#18590);
#18590 = SURFACE_SIDE_STYLE('',(#18591));
#18591 = SURFACE_STYLE_FILL_AREA(#18592);
#18592 = FILL_AREA_STYLE('',(#18593));
#18593 = FILL_AREA_STYLE_COLOUR('',#18179);
#18594 = CURVE_STYLE('',#18595,POSITIVE_LENGTH_MEASURE(0.1),#18179);
#18595 = DRAUGHTING_PRE_DEFINED_CURVE_FONT('continuous');
#18596 = STYLED_ITEM('color',(#18597),#3549);
#18597 = PRESENTATION_STYLE_ASSIGNMENT((#18598,#18603));
#18598 = SURFACE_STYLE_USAGE(.BOTH.,#18599);
#18599 = SURFACE_SIDE_STYLE('',(#18600));
#18600 = SURFACE_STYLE_FILL_AREA(#18601);
#18601 = FILL_AREA_STYLE('',(#18602));
#18602 = FILL_AREA_STYLE_COLOUR('',#17433);
#18603 = CURVE_STYLE('',#18604,POSITIVE_LENGTH_MEASURE(0.1),#17433);
#18604 = DRAUGHTING_PRE_DEFINED_CURVE_FONT('continuous');
#18605 = STYLED_ITEM('color',(#18606),#3580);
#18606 = PRESENTATION_STYLE_ASSIGNMENT((#18607,#18612));
#18607 = SURFACE_STYLE_USAGE(.BOTH.,#18608);
#18608 = SURFACE_SIDE_STYLE('',(#18609));
#18609 = SURFACE_STYLE_FILL_AREA(#18610);
#18610 = FILL_AREA_STYLE('',(#18611));
#18611 = FILL_AREA_STYLE_COLOUR('',#18179);
#18612 = CURVE_STYLE('',#18613,POSITIVE_LENGTH_MEASURE(0.1),#18179);
#18613 = DRAUGHTING_PRE_DEFINED_CURVE_FONT('continuous');
#18614 = STYLED_ITEM('color',(#18615),#3611);
#18615 = PRESENTATION_STYLE_ASSIGNMENT((#18616,#18621));
#18616 = SURFACE_STYLE_USAGE(.BOTH.,#18617);
#18617 = SURFACE_SIDE_STYLE('',(#18618));
#18618 = SURFACE_STYLE_FILL_AREA(#18619);
#18619 = FILL_AREA_STYLE('',(#18620));
#18620 = FILL_AREA_STYLE_COLOUR('',#17433);
#18621 = CURVE_STYLE('',#18622,POSITIVE_LENGTH_MEASURE(0.1),#17433);
#18622 = DRAUGHTING_PRE_DEFINED_CURVE_FONT('continuous');
#18623 = STYLED_ITEM('color',(#18624),#3642);
#18624 = PRESENTATION_STYLE_ASSIGNMENT((#18625,#18630));
#18625 = SURFACE_STYLE_USAGE(.BOTH.,#18626);
#18626 = SURFACE_SIDE_STYLE('',(#18627));
#18627 = SURFACE_STYLE_FILL_AREA(#18628);
#18628 = FILL_AREA_STYLE('',(#18629));
#18629 = FILL_AREA_STYLE_COLOUR('',#18179);
#18630 = CURVE_STYLE('',#18631,POSITIVE_LENGTH_MEASURE(0.1),#18179);
#18631 = DRAUGHTING_PRE_DEFINED_CURVE_FONT('continuous');
#18632 = STYLED_ITEM('color',(#18633),#3673);
#18633 = PRESENTATION_STYLE_ASSIGNMENT((#18634,#18639));
#18634 = SURFACE_STYLE_USAGE(.BOTH.,#18635);
#18635 = SURFACE_SIDE_STYLE('',(#18636));
#18636 = SURFACE_STYLE_FILL_AREA(#18637);
#18637 = FILL_AREA_STYLE('',(#18638));
#18638 = FILL_AREA_STYLE_COLOUR('',#17433);
#18639 = CURVE_STYLE('',#18640,POSITIVE_LENGTH_MEASURE(0.1),#17433);
#18640 = DRAUGHTING_PRE_DEFINED_CURVE_FONT('continuous');
#18641 = STYLED_ITEM('color',(#18642),#3704);
#18642 = PRESENTATION_STYLE_ASSIGNMENT((#18643,#18648));
#18643 = SURFACE_STYLE_USAGE(.BOTH.,#18644);
#18644 = SURFACE_SIDE_STYLE('',(#18645));
#18645 = SURFACE_STYLE_FILL_AREA(#18646);
#18646 = FILL_AREA_STYLE('',(#18647));
#18647 = FILL_AREA_STYLE_COLOUR('',#18179);
#18648 = CURVE_STYLE('',#18649,POSITIVE_LENGTH_MEASURE(0.1),#18179);
#18649 = DRAUGHTING_PRE_DEFINED_CURVE_FONT('continuous');
#18650 = STYLED_ITEM('color',(#18651),#3735);
#18651 = PRESENTATION_STYLE_ASSIGNMENT((#18652,#18657));
#18652 = SURFACE_STYLE_USAGE(.BOTH.,#18653);
#18653 = SURFACE_SIDE_STYLE('',(#18654));
#18654 = SURFACE_STYLE_FILL_AREA(#18655);
#18655 = FILL_AREA_STYLE('',(#18656));
#18656 = FILL_AREA_STYLE_COLOUR('',#17433);
#18657 = CURVE_STYLE('',#18658,POSITIVE_LENGTH_MEASURE(0.1),#17433);
#18658 = DRAUGHTING_PRE_DEFINED_CURVE_FONT('continuous');
#18659 = STYLED_ITEM('color',(#18660),#3766);
#18660 = PRESENTATION_STYLE_ASSIGNMENT((#18661,#18666));
#18661 = SURFACE_STYLE_USAGE(.BOTH.,#18662);
#18662 = SURFACE_SIDE_STYLE('',(#18663));
#18663 = SURFACE_STYLE_FILL_AREA(#18664);
#18664 = FILL_AREA_STYLE('',(#18665));
#18665 = FILL_AREA_STYLE_COLOUR('',#18179);
#18666 = CURVE_STYLE('',#18667,POSITIVE_LENGTH_MEASURE(0.1),#18179);
#18667 = DRAUGHTING_PRE_DEFINED_CURVE_FONT('continuous');
#18668 = STYLED_ITEM('color',(#18669),#3797);
#18669 = PRESENTATION_STYLE_ASSIGNMENT((#18670,#18675));
#18670 = SURFACE_STYLE_USAGE(.BOTH.,#18671);
#18671 = SURFACE_SIDE_STYLE('',(#18672));
#18672 = SURFACE_STYLE_FILL_AREA(#18673);
#18673 = FILL_AREA_STYLE('',(#18674));
#18674 = FILL_AREA_STYLE_COLOUR('',#17433);
#18675 = CURVE_STYLE('',#18676,POSITIVE_LENGTH_MEASURE(0.1),#17433);
#18676 = DRAUGHTING_PRE_DEFINED_CURVE_FONT('continuous');
#18677 = STYLED_ITEM('color',(#18678),#3828);
#18678 = PRESENTATION_STYLE_ASSIGNMENT((#18679,#18684));
#18679 = SURFACE_STYLE_USAGE(.BOTH.,#18680);
#18680 = SURFACE_SIDE_STYLE('',(#18681));
#18681 = SURFACE_STYLE_FILL_AREA(#18682);
#18682 = FILL_AREA_STYLE('',(#18683));
#18683 = FILL_AREA_STYLE_COLOUR('',#18179);
#18684 = CURVE_STYLE('',#18685,POSITIVE_LENGTH_MEASURE(0.1),#18179);
#18685 = DRAUGHTING_PRE_DEFINED_CURVE_FONT('continuous');
#18686 = STYLED_ITEM('color',(#18687),#3859);
#18687 = PRESENTATION_STYLE_ASSIGNMENT((#18688,#18693));
#18688 = SURFACE_STYLE_USAGE(.BOTH.,#18689);
#18689 = SURFACE_SIDE_STYLE('',(#18690));
#18690 = SURFACE_STYLE_FILL_AREA(#18691);
#18691 = FILL_AREA_STYLE('',(#18692));
#18692 = FILL_AREA_STYLE_COLOUR('',#17433);
#18693 = CURVE_STYLE('',#18694,POSITIVE_LENGTH_MEASURE(0.1),#17433);
#18694 = DRAUGHTING_PRE_DEFINED_CURVE_FONT('continuous');
#18695 = STYLED_ITEM('color',(#18696),#3890);
#18696 = PRESENTATION_STYLE_ASSIGNMENT((#18697,#18702));
#18697 = SURFACE_STYLE_USAGE(.BOTH.,#18698);
#18698 = SURFACE_SIDE_STYLE('',(#18699));
#18699 = SURFACE_STYLE_FILL_AREA(#18700);
#18700 = FILL_AREA_STYLE('',(#18701));
#18701 = FILL_AREA_STYLE_COLOUR('',#18179);
#18702 = CURVE_STYLE('',#18703,POSITIVE_LENGTH_MEASURE(0.1),#18179);
#18703 = DRAUGHTING_PRE_DEFINED_CURVE_FONT('continuous');
#18704 = STYLED_ITEM('color',(#18705),#3921);
#18705 = PRESENTATION_STYLE_ASSIGNMENT((#18706,#18711));
#18706 = SURFACE_STYLE_USAGE(.BOTH.,#18707);
#18707 = SURFACE_SIDE_STYLE('',(#18708));
#18708 = SURFACE_STYLE_FILL_AREA(#18709);
#18709 = FILL_AREA_STYLE('',(#18710));
#18710 = FILL_AREA_STYLE_COLOUR('',#17433);
#18711 = CURVE_STYLE('',#18712,POSITIVE_LENGTH_MEASURE(0.1),#17433);
#18712 = DRAUGHTING_PRE_DEFINED_CURVE_FONT('continuous');
#18713 = STYLED_ITEM('color',(#18714),#3952);
#18714 = PRESENTATION_STYLE_ASSIGNMENT((#18715,#18720));
#18715 = SURFACE_STYLE_USAGE(.BOTH.,#18716);
#18716 = SURFACE_SIDE_STYLE('',(#18717));
#18717 = SURFACE_STYLE_FILL_AREA(#18718);
#18718 = FILL_AREA_STYLE('',(#18719));
#18719 = FILL_AREA_STYLE_COLOUR('',#18179);
#18720 = CURVE_STYLE('',#18721,POSITIVE_LENGTH_MEASURE(0.1),#18179);
#18721 = DRAUGHTING_PRE_DEFINED_CURVE_FONT('continuous');
#18722 = STYLED_ITEM('color',(#18723),#3983);
#18723 = PRESENTATION_STYLE_ASSIGNMENT((#18724,#18729));
#18724 = SURFACE_STYLE_USAGE(.BOTH.,#18725);
#18725 = SURFACE_SIDE_STYLE('',(#18726));
#18726 = SURFACE_STYLE_FILL_AREA(#18727);
#18727 = FILL_AREA_STYLE('',(#18728));
#18728 = FILL_AREA_STYLE_COLOUR('',#17433);
#18729 = CURVE_STYLE('',#18730,POSITIVE_LENGTH_MEASURE(0.1),#17433);
#18730 = DRAUGHTING_PRE_DEFINED_CURVE_FONT('continuous');
#18731 = STYLED_ITEM('color',(#18732),#4014);
#18732 = PRESENTATION_STYLE_ASSIGNMENT((#18733,#18738));
#18733 = SURFACE_STYLE_USAGE(.BOTH.,#18734);
#18734 = SURFACE_SIDE_STYLE('',(#18735));
#18735 = SURFACE_STYLE_FILL_AREA(#18736);
#18736 = FILL_AREA_STYLE('',(#18737));
#18737 = FILL_AREA_STYLE_COLOUR('',#18179);
#18738 = CURVE_STYLE('',#18739,POSITIVE_LENGTH_MEASURE(0.1),#18179);
#18739 = DRAUGHTING_PRE_DEFINED_CURVE_FONT('continuous');
#18740 = STYLED_ITEM('color',(#18741),#4044);
#18741 = PRESENTATION_STYLE_ASSIGNMENT((#18742,#18747));
#18742 = SURFACE_STYLE_USAGE(.BOTH.,#18743);
#18743 = SURFACE_SIDE_STYLE('',(#18744));
#18744 = SURFACE_STYLE_FILL_AREA(#18745);
#18745 = FILL_AREA_STYLE('',(#18746));
#18746 = FILL_AREA_STYLE_COLOUR('',#18179);
#18747 = CURVE_STYLE('',#18748,POSITIVE_LENGTH_MEASURE(0.1),#18179);
#18748 = DRAUGHTING_PRE_DEFINED_CURVE_FONT('continuous');
#18749 = STYLED_ITEM('color',(#18750),#4067);
#18750 = PRESENTATION_STYLE_ASSIGNMENT((#18751,#18756));
#18751 = SURFACE_STYLE_USAGE(.BOTH.,#18752);
#18752 = SURFACE_SIDE_STYLE('',(#18753));
#18753 = SURFACE_STYLE_FILL_AREA(#18754);
#18754 = FILL_AREA_STYLE('',(#18755));
#18755 = FILL_AREA_STYLE_COLOUR('',#18179);
#18756 = CURVE_STYLE('',#18757,POSITIVE_LENGTH_MEASURE(0.1),#18179);
#18757 = DRAUGHTING_PRE_DEFINED_CURVE_FONT('continuous');
#18758 = STYLED_ITEM('color',(#18759),#4090);
#18759 = PRESENTATION_STYLE_ASSIGNMENT((#18760,#18765));
#18760 = SURFACE_STYLE_USAGE(.BOTH.,#18761);
#18761 = SURFACE_SIDE_STYLE('',(#18762));
#18762 = SURFACE_STYLE_FILL_AREA(#18763);
#18763 = FILL_AREA_STYLE('',(#18764));
#18764 = FILL_AREA_STYLE_COLOUR('',#18179);
#18765 = CURVE_STYLE('',#18766,POSITIVE_LENGTH_MEASURE(0.1),#18179);
#18766 = DRAUGHTING_PRE_DEFINED_CURVE_FONT('continuous');
#18767 = STYLED_ITEM('color',(#18768),#4107);
#18768 = PRESENTATION_STYLE_ASSIGNMENT((#18769,#18774));
#18769 = SURFACE_STYLE_USAGE(.BOTH.,#18770);
#18770 = SURFACE_SIDE_STYLE('',(#18771));
#18771 = SURFACE_STYLE_FILL_AREA(#18772);
#18772 = FILL_AREA_STYLE('',(#18773));
#18773 = FILL_AREA_STYLE_COLOUR('',#17433);
#18774 = CURVE_STYLE('',#18775,POSITIVE_LENGTH_MEASURE(0.1),#17433);
#18775 = DRAUGHTING_PRE_DEFINED_CURVE_FONT('continuous');
#18776 = STYLED_ITEM('color',(#18777),#4152);
#18777 = PRESENTATION_STYLE_ASSIGNMENT((#18778,#18783));
#18778 = SURFACE_STYLE_USAGE(.BOTH.,#18779);
#18779 = SURFACE_SIDE_STYLE('',(#18780));
#18780 = SURFACE_STYLE_FILL_AREA(#18781);
#18781 = FILL_AREA_STYLE('',(#18782));
#18782 = FILL_AREA_STYLE_COLOUR('',#18179);
#18783 = CURVE_STYLE('',#18784,POSITIVE_LENGTH_MEASURE(0.1),#18179);
#18784 = DRAUGHTING_PRE_DEFINED_CURVE_FONT('continuous');
#18785 = STYLED_ITEM('color',(#18786),#4366);
#18786 = PRESENTATION_STYLE_ASSIGNMENT((#18787,#18792));
#18787 = SURFACE_STYLE_USAGE(.BOTH.,#18788);
#18788 = SURFACE_SIDE_STYLE('',(#18789));
#18789 = SURFACE_STYLE_FILL_AREA(#18790);
#18790 = FILL_AREA_STYLE('',(#18791));
#18791 = FILL_AREA_STYLE_COLOUR('',#18179);
#18792 = CURVE_STYLE('',#18793,POSITIVE_LENGTH_MEASURE(0.1),#18179);
#18793 = DRAUGHTING_PRE_DEFINED_CURVE_FONT('continuous');
#18794 = STYLED_ITEM('color',(#18795),#4389);
#18795 = PRESENTATION_STYLE_ASSIGNMENT((#18796,#18801));
#18796 = SURFACE_STYLE_USAGE(.BOTH.,#18797);
#18797 = SURFACE_SIDE_STYLE('',(#18798));
#18798 = SURFACE_STYLE_FILL_AREA(#18799);
#18799 = FILL_AREA_STYLE('',(#18800));
#18800 = FILL_AREA_STYLE_COLOUR('',#18179);
#18801 = CURVE_STYLE('',#18802,POSITIVE_LENGTH_MEASURE(0.1),#18179);
#18802 = DRAUGHTING_PRE_DEFINED_CURVE_FONT('continuous');
#18803 = STYLED_ITEM('color',(#18804),#4412);
#18804 = PRESENTATION_STYLE_ASSIGNMENT((#18805,#18810));
#18805 = SURFACE_STYLE_USAGE(.BOTH.,#18806);
#18806 = SURFACE_SIDE_STYLE('',(#18807));
#18807 = SURFACE_STYLE_FILL_AREA(#18808);
#18808 = FILL_AREA_STYLE('',(#18809));
#18809 = FILL_AREA_STYLE_COLOUR('',#18179);
#18810 = CURVE_STYLE('',#18811,POSITIVE_LENGTH_MEASURE(0.1),#18179);
#18811 = DRAUGHTING_PRE_DEFINED_CURVE_FONT('continuous');
#18812 = STYLED_ITEM('color',(#18813),#4435);
#18813 = PRESENTATION_STYLE_ASSIGNMENT((#18814,#18819));
#18814 = SURFACE_STYLE_USAGE(.BOTH.,#18815);
#18815 = SURFACE_SIDE_STYLE('',(#18816));
#18816 = SURFACE_STYLE_FILL_AREA(#18817);
#18817 = FILL_AREA_STYLE('',(#18818));
#18818 = FILL_AREA_STYLE_COLOUR('',#18179);
#18819 = CURVE_STYLE('',#18820,POSITIVE_LENGTH_MEASURE(0.1),#18179);
#18820 = DRAUGHTING_PRE_DEFINED_CURVE_FONT('continuous');
#18821 = STYLED_ITEM('color',(#18822),#4650);
#18822 = PRESENTATION_STYLE_ASSIGNMENT((#18823,#18828));
#18823 = SURFACE_STYLE_USAGE(.BOTH.,#18824);
#18824 = SURFACE_SIDE_STYLE('',(#18825));
#18825 = SURFACE_STYLE_FILL_AREA(#18826);
#18826 = FILL_AREA_STYLE('',(#18827));
#18827 = FILL_AREA_STYLE_COLOUR('',#17433);
#18828 = CURVE_STYLE('',#18829,POSITIVE_LENGTH_MEASURE(0.1),#17433);
#18829 = DRAUGHTING_PRE_DEFINED_CURVE_FONT('continuous');
#18830 = STYLED_ITEM('color',(#18831),#4688);
#18831 = PRESENTATION_STYLE_ASSIGNMENT((#18832,#18837));
#18832 = SURFACE_STYLE_USAGE(.BOTH.,#18833);
#18833 = SURFACE_SIDE_STYLE('',(#18834));
#18834 = SURFACE_STYLE_FILL_AREA(#18835);
#18835 = FILL_AREA_STYLE('',(#18836));
#18836 = FILL_AREA_STYLE_COLOUR('',#18179);
#18837 = CURVE_STYLE('',#18838,POSITIVE_LENGTH_MEASURE(0.1),#18179);
#18838 = DRAUGHTING_PRE_DEFINED_CURVE_FONT('continuous');
#18839 = STYLED_ITEM('color',(#18840),#4737);
#18840 = PRESENTATION_STYLE_ASSIGNMENT((#18841,#18846));
#18841 = SURFACE_STYLE_USAGE(.BOTH.,#18842);
#18842 = SURFACE_SIDE_STYLE('',(#18843));
#18843 = SURFACE_STYLE_FILL_AREA(#18844);
#18844 = FILL_AREA_STYLE('',(#18845));
#18845 = FILL_AREA_STYLE_COLOUR('',#17433);
#18846 = CURVE_STYLE('',#18847,POSITIVE_LENGTH_MEASURE(0.1),#17433);
#18847 = DRAUGHTING_PRE_DEFINED_CURVE_FONT('continuous');
#18848 = STYLED_ITEM('color',(#18849),#4829);
#18849 = PRESENTATION_STYLE_ASSIGNMENT((#18850,#18855));
#18850 = SURFACE_STYLE_USAGE(.BOTH.,#18851);
#18851 = SURFACE_SIDE_STYLE('',(#18852));
#18852 = SURFACE_STYLE_FILL_AREA(#18853);
#18853 = FILL_AREA_STYLE('',(#18854));
#18854 = FILL_AREA_STYLE_COLOUR('',#17433);
#18855 = CURVE_STYLE('',#18856,POSITIVE_LENGTH_MEASURE(0.1),#17433);
#18856 = DRAUGHTING_PRE_DEFINED_CURVE_FONT('continuous');
#18857 = STYLED_ITEM('color',(#18858),#4854);
#18858 = PRESENTATION_STYLE_ASSIGNMENT((#18859,#18864));
#18859 = SURFACE_STYLE_USAGE(.BOTH.,#18860);
#18860 = SURFACE_SIDE_STYLE('',(#18861));
#18861 = SURFACE_STYLE_FILL_AREA(#18862);
#18862 = FILL_AREA_STYLE('',(#18863));
#18863 = FILL_AREA_STYLE_COLOUR('',#17433);
#18864 = CURVE_STYLE('',#18865,POSITIVE_LENGTH_MEASURE(0.1),#17433);
#18865 = DRAUGHTING_PRE_DEFINED_CURVE_FONT('continuous');
#18866 = STYLED_ITEM('color',(#18867),#4938);
#18867 = PRESENTATION_STYLE_ASSIGNMENT((#18868,#18873));
#18868 = SURFACE_STYLE_USAGE(.BOTH.,#18869);
#18869 = SURFACE_SIDE_STYLE('',(#18870));
#18870 = SURFACE_STYLE_FILL_AREA(#18871);
#18871 = FILL_AREA_STYLE('',(#18872));
#18872 = FILL_AREA_STYLE_COLOUR('',#18179);
#18873 = CURVE_STYLE('',#18874,POSITIVE_LENGTH_MEASURE(0.1),#18179);
#18874 = DRAUGHTING_PRE_DEFINED_CURVE_FONT('continuous');
#18875 = STYLED_ITEM('color',(#18876),#4960);
#18876 = PRESENTATION_STYLE_ASSIGNMENT((#18877,#18882));
#18877 = SURFACE_STYLE_USAGE(.BOTH.,#18878);
#18878 = SURFACE_SIDE_STYLE('',(#18879));
#18879 = SURFACE_STYLE_FILL_AREA(#18880);
#18880 = FILL_AREA_STYLE('',(#18881));
#18881 = FILL_AREA_STYLE_COLOUR('',#17433);
#18882 = CURVE_STYLE('',#18883,POSITIVE_LENGTH_MEASURE(0.1),#17433);
#18883 = DRAUGHTING_PRE_DEFINED_CURVE_FONT('continuous');
#18884 = STYLED_ITEM('color',(#18885),#5052);
#18885 = PRESENTATION_STYLE_ASSIGNMENT((#18886,#18891));
#18886 = SURFACE_STYLE_USAGE(.BOTH.,#18887);
#18887 = SURFACE_SIDE_STYLE('',(#18888));
#18888 = SURFACE_STYLE_FILL_AREA(#18889);
#18889 = FILL_AREA_STYLE('',(#18890));
#18890 = FILL_AREA_STYLE_COLOUR('',#17433);
#18891 = CURVE_STYLE('',#18892,POSITIVE_LENGTH_MEASURE(0.1),#17433);
#18892 = DRAUGHTING_PRE_DEFINED_CURVE_FONT('continuous');
#18893 = STYLED_ITEM('color',(#18894),#5077);
#18894 = PRESENTATION_STYLE_ASSIGNMENT((#18895,#18900));
#18895 = SURFACE_STYLE_USAGE(.BOTH.,#18896);
#18896 = SURFACE_SIDE_STYLE('',(#18897));
#18897 = SURFACE_STYLE_FILL_AREA(#18898);
#18898 = FILL_AREA_STYLE('',(#18899));
#18899 = FILL_AREA_STYLE_COLOUR('',#17433);
#18900 = CURVE_STYLE('',#18901,POSITIVE_LENGTH_MEASURE(0.1),#17433);
#18901 = DRAUGHTING_PRE_DEFINED_CURVE_FONT('continuous');
#18902 = STYLED_ITEM('color',(#18903),#5161);
#18903 = PRESENTATION_STYLE_ASSIGNMENT((#18904,#18909));
#18904 = SURFACE_STYLE_USAGE(.BOTH.,#18905);
#18905 = SURFACE_SIDE_STYLE('',(#18906));
#18906 = SURFACE_STYLE_FILL_AREA(#18907);
#18907 = FILL_AREA_STYLE('',(#18908));
#18908 = FILL_AREA_STYLE_COLOUR('',#18179);
#18909 = CURVE_STYLE('',#18910,POSITIVE_LENGTH_MEASURE(0.1),#18179);
#18910 = DRAUGHTING_PRE_DEFINED_CURVE_FONT('continuous');
#18911 = STYLED_ITEM('color',(#18912),#5183);
#18912 = PRESENTATION_STYLE_ASSIGNMENT((#18913,#18918));
#18913 = SURFACE_STYLE_USAGE(.BOTH.,#18914);
#18914 = SURFACE_SIDE_STYLE('',(#18915));
#18915 = SURFACE_STYLE_FILL_AREA(#18916);
#18916 = FILL_AREA_STYLE('',(#18917));
#18917 = FILL_AREA_STYLE_COLOUR('',#17433);
#18918 = CURVE_STYLE('',#18919,POSITIVE_LENGTH_MEASURE(0.1),#17433);
#18919 = DRAUGHTING_PRE_DEFINED_CURVE_FONT('continuous');
#18920 = STYLED_ITEM('color',(#18921),#5275);
#18921 = PRESENTATION_STYLE_ASSIGNMENT((#18922,#18927));
#18922 = SURFACE_STYLE_USAGE(.BOTH.,#18923);
#18923 = SURFACE_SIDE_STYLE('',(#18924));
#18924 = SURFACE_STYLE_FILL_AREA(#18925);
#18925 = FILL_AREA_STYLE('',(#18926));
#18926 = FILL_AREA_STYLE_COLOUR('',#17433);
#18927 = CURVE_STYLE('',#18928,POSITIVE_LENGTH_MEASURE(0.1),#17433);
#18928 = DRAUGHTING_PRE_DEFINED_CURVE_FONT('continuous');
#18929 = STYLED_ITEM('color',(#18930),#5300);
#18930 = PRESENTATION_STYLE_ASSIGNMENT((#18931,#18936));
#18931 = SURFACE_STYLE_USAGE(.BOTH.,#18932);
#18932 = SURFACE_SIDE_STYLE('',(#18933));
#18933 = SURFACE_STYLE_FILL_AREA(#18934);
#18934 = FILL_AREA_STYLE('',(#18935));
#18935 = FILL_AREA_STYLE_COLOUR('',#17433);
#18936 = CURVE_STYLE('',#18937,POSITIVE_LENGTH_MEASURE(0.1),#17433);
#18937 = DRAUGHTING_PRE_DEFINED_CURVE_FONT('continuous');
#18938 = STYLED_ITEM('color',(#18939),#5384);
#18939 = PRESENTATION_STYLE_ASSIGNMENT((#18940,#18945));
#18940 = SURFACE_STYLE_USAGE(.BOTH.,#18941);
#18941 = SURFACE_SIDE_STYLE('',(#18942));
#18942 = SURFACE_STYLE_FILL_AREA(#18943);
#18943 = FILL_AREA_STYLE('',(#18944));
#18944 = FILL_AREA_STYLE_COLOUR('',#18179);
#18945 = CURVE_STYLE('',#18946,POSITIVE_LENGTH_MEASURE(0.1),#18179);
#18946 = DRAUGHTING_PRE_DEFINED_CURVE_FONT('continuous');
#18947 = STYLED_ITEM('color',(#18948),#5406);
#18948 = PRESENTATION_STYLE_ASSIGNMENT((#18949,#18954));
#18949 = SURFACE_STYLE_USAGE(.BOTH.,#18950);
#18950 = SURFACE_SIDE_STYLE('',(#18951));
#18951 = SURFACE_STYLE_FILL_AREA(#18952);
#18952 = FILL_AREA_STYLE('',(#18953));
#18953 = FILL_AREA_STYLE_COLOUR('',#17433);
#18954 = CURVE_STYLE('',#18955,POSITIVE_LENGTH_MEASURE(0.1),#17433);
#18955 = DRAUGHTING_PRE_DEFINED_CURVE_FONT('continuous');
#18956 = STYLED_ITEM('color',(#18957),#5498);
#18957 = PRESENTATION_STYLE_ASSIGNMENT((#18958,#18963));
#18958 = SURFACE_STYLE_USAGE(.BOTH.,#18959);
#18959 = SURFACE_SIDE_STYLE('',(#18960));
#18960 = SURFACE_STYLE_FILL_AREA(#18961);
#18961 = FILL_AREA_STYLE('',(#18962));
#18962 = FILL_AREA_STYLE_COLOUR('',#17433);
#18963 = CURVE_STYLE('',#18964,POSITIVE_LENGTH_MEASURE(0.1),#17433);
#18964 = DRAUGHTING_PRE_DEFINED_CURVE_FONT('continuous');
#18965 = STYLED_ITEM('color',(#18966),#5523);
#18966 = PRESENTATION_STYLE_ASSIGNMENT((#18967,#18972));
#18967 = SURFACE_STYLE_USAGE(.BOTH.,#18968);
#18968 = SURFACE_SIDE_STYLE('',(#18969));
#18969 = SURFACE_STYLE_FILL_AREA(#18970);
#18970 = FILL_AREA_STYLE('',(#18971));
#18971 = FILL_AREA_STYLE_COLOUR('',#17433);
#18972 = CURVE_STYLE('',#18973,POSITIVE_LENGTH_MEASURE(0.1),#17433);
#18973 = DRAUGHTING_PRE_DEFINED_CURVE_FONT('continuous');
#18974 = STYLED_ITEM('color',(#18975),#5607);
#18975 = PRESENTATION_STYLE_ASSIGNMENT((#18976,#18981));
#18976 = SURFACE_STYLE_USAGE(.BOTH.,#18977);
#18977 = SURFACE_SIDE_STYLE('',(#18978));
#18978 = SURFACE_STYLE_FILL_AREA(#18979);
#18979 = FILL_AREA_STYLE('',(#18980));
#18980 = FILL_AREA_STYLE_COLOUR('',#18179);
#18981 = CURVE_STYLE('',#18982,POSITIVE_LENGTH_MEASURE(0.1),#18179);
#18982 = DRAUGHTING_PRE_DEFINED_CURVE_FONT('continuous');
#18983 = STYLED_ITEM('color',(#18984),#5629);
#18984 = PRESENTATION_STYLE_ASSIGNMENT((#18985,#18990));
#18985 = SURFACE_STYLE_USAGE(.BOTH.,#18986);
#18986 = SURFACE_SIDE_STYLE('',(#18987));
#18987 = SURFACE_STYLE_FILL_AREA(#18988);
#18988 = FILL_AREA_STYLE('',(#18989));
#18989 = FILL_AREA_STYLE_COLOUR('',#17433);
#18990 = CURVE_STYLE('',#18991,POSITIVE_LENGTH_MEASURE(0.1),#17433);
#18991 = DRAUGHTING_PRE_DEFINED_CURVE_FONT('continuous');
#18992 = STYLED_ITEM('color',(#18993),#5721);
#18993 = PRESENTATION_STYLE_ASSIGNMENT((#18994,#18999));
#18994 = SURFACE_STYLE_USAGE(.BOTH.,#18995);
#18995 = SURFACE_SIDE_STYLE('',(#18996));
#18996 = SURFACE_STYLE_FILL_AREA(#18997);
#18997 = FILL_AREA_STYLE('',(#18998));
#18998 = FILL_AREA_STYLE_COLOUR('',#17433);
#18999 = CURVE_STYLE('',#19000,POSITIVE_LENGTH_MEASURE(0.1),#17433);
#19000 = DRAUGHTING_PRE_DEFINED_CURVE_FONT('continuous');
#19001 = STYLED_ITEM('color',(#19002),#5746);
#19002 = PRESENTATION_STYLE_ASSIGNMENT((#19003,#19008));
#19003 = SURFACE_STYLE_USAGE(.BOTH.,#19004);
#19004 = SURFACE_SIDE_STYLE('',(#19005));
#19005 = SURFACE_STYLE_FILL_AREA(#19006);
#19006 = FILL_AREA_STYLE('',(#19007));
#19007 = FILL_AREA_STYLE_COLOUR('',#17433);
#19008 = CURVE_STYLE('',#19009,POSITIVE_LENGTH_MEASURE(0.1),#17433);
#19009 = DRAUGHTING_PRE_DEFINED_CURVE_FONT('continuous');
#19010 = STYLED_ITEM('color',(#19011),#5830);
#19011 = PRESENTATION_STYLE_ASSIGNMENT((#19012,#19017));
#19012 = SURFACE_STYLE_USAGE(.BOTH.,#19013);
#19013 = SURFACE_SIDE_STYLE('',(#19014));
#19014 = SURFACE_STYLE_FILL_AREA(#19015);
#19015 = FILL_AREA_STYLE('',(#19016));
#19016 = FILL_AREA_STYLE_COLOUR('',#18179);
#19017 = CURVE_STYLE('',#19018,POSITIVE_LENGTH_MEASURE(0.1),#18179);
#19018 = DRAUGHTING_PRE_DEFINED_CURVE_FONT('continuous');
#19019 = STYLED_ITEM('color',(#19020),#5852);
#19020 = PRESENTATION_STYLE_ASSIGNMENT((#19021,#19026));
#19021 = SURFACE_STYLE_USAGE(.BOTH.,#19022);
#19022 = SURFACE_SIDE_STYLE('',(#19023));
#19023 = SURFACE_STYLE_FILL_AREA(#19024);
#19024 = FILL_AREA_STYLE('',(#19025));
#19025 = FILL_AREA_STYLE_COLOUR('',#17433);
#19026 = CURVE_STYLE('',#19027,POSITIVE_LENGTH_MEASURE(0.1),#17433);
#19027 = DRAUGHTING_PRE_DEFINED_CURVE_FONT('continuous');
#19028 = STYLED_ITEM('color',(#19029),#5944);
#19029 = PRESENTATION_STYLE_ASSIGNMENT((#19030,#19035));
#19030 = SURFACE_STYLE_USAGE(.BOTH.,#19031);
#19031 = SURFACE_SIDE_STYLE('',(#19032));
#19032 = SURFACE_STYLE_FILL_AREA(#19033);
#19033 = FILL_AREA_STYLE('',(#19034));
#19034 = FILL_AREA_STYLE_COLOUR('',#17433);
#19035 = CURVE_STYLE('',#19036,POSITIVE_LENGTH_MEASURE(0.1),#17433);
#19036 = DRAUGHTING_PRE_DEFINED_CURVE_FONT('continuous');
#19037 = STYLED_ITEM('color',(#19038),#5969);
#19038 = PRESENTATION_STYLE_ASSIGNMENT((#19039,#19044));
#19039 = SURFACE_STYLE_USAGE(.BOTH.,#19040);
#19040 = SURFACE_SIDE_STYLE('',(#19041));
#19041 = SURFACE_STYLE_FILL_AREA(#19042);
#19042 = FILL_AREA_STYLE('',(#19043));
#19043 = FILL_AREA_STYLE_COLOUR('',#17433);
#19044 = CURVE_STYLE('',#19045,POSITIVE_LENGTH_MEASURE(0.1),#17433);
#19045 = DRAUGHTING_PRE_DEFINED_CURVE_FONT('continuous');
#19046 = STYLED_ITEM('color',(#19047),#6053);
#19047 = PRESENTATION_STYLE_ASSIGNMENT((#19048,#19053));
#19048 = SURFACE_STYLE_USAGE(.BOTH.,#19049);
#19049 = SURFACE_SIDE_STYLE('',(#19050));
#19050 = SURFACE_STYLE_FILL_AREA(#19051);
#19051 = FILL_AREA_STYLE('',(#19052));
#19052 = FILL_AREA_STYLE_COLOUR('',#18179);
#19053 = CURVE_STYLE('',#19054,POSITIVE_LENGTH_MEASURE(0.1),#18179);
#19054 = DRAUGHTING_PRE_DEFINED_CURVE_FONT('continuous');
#19055 = STYLED_ITEM('color',(#19056),#6075);
#19056 = PRESENTATION_STYLE_ASSIGNMENT((#19057,#19062));
#19057 = SURFACE_STYLE_USAGE(.BOTH.,#19058);
#19058 = SURFACE_SIDE_STYLE('',(#19059));
#19059 = SURFACE_STYLE_FILL_AREA(#19060);
#19060 = FILL_AREA_STYLE('',(#19061));
#19061 = FILL_AREA_STYLE_COLOUR('',#17433);
#19062 = CURVE_STYLE('',#19063,POSITIVE_LENGTH_MEASURE(0.1),#17433);
#19063 = DRAUGHTING_PRE_DEFINED_CURVE_FONT('continuous');
#19064 = STYLED_ITEM('color',(#19065),#6167);
#19065 = PRESENTATION_STYLE_ASSIGNMENT((#19066,#19071));
#19066 = SURFACE_STYLE_USAGE(.BOTH.,#19067);
#19067 = SURFACE_SIDE_STYLE('',(#19068));
#19068 = SURFACE_STYLE_FILL_AREA(#19069);
#19069 = FILL_AREA_STYLE('',(#19070));
#19070 = FILL_AREA_STYLE_COLOUR('',#17433);
#19071 = CURVE_STYLE('',#19072,POSITIVE_LENGTH_MEASURE(0.1),#17433);
#19072 = DRAUGHTING_PRE_DEFINED_CURVE_FONT('continuous');
#19073 = STYLED_ITEM('color',(#19074),#6192);
#19074 = PRESENTATION_STYLE_ASSIGNMENT((#19075,#19080));
#19075 = SURFACE_STYLE_USAGE(.BOTH.,#19076);
#19076 = SURFACE_SIDE_STYLE('',(#19077));
#19077 = SURFACE_STYLE_FILL_AREA(#19078);
#19078 = FILL_AREA_STYLE('',(#19079));
#19079 = FILL_AREA_STYLE_COLOUR('',#17433);
#19080 = CURVE_STYLE('',#19081,POSITIVE_LENGTH_MEASURE(0.1),#17433);
#19081 = DRAUGHTING_PRE_DEFINED_CURVE_FONT('continuous');
#19082 = STYLED_ITEM('color',(#19083),#6276);
#19083 = PRESENTATION_STYLE_ASSIGNMENT((#19084,#19089));
#19084 = SURFACE_STYLE_USAGE(.BOTH.,#19085);
#19085 = SURFACE_SIDE_STYLE('',(#19086));
#19086 = SURFACE_STYLE_FILL_AREA(#19087);
#19087 = FILL_AREA_STYLE('',(#19088));
#19088 = FILL_AREA_STYLE_COLOUR('',#18179);
#19089 = CURVE_STYLE('',#19090,POSITIVE_LENGTH_MEASURE(0.1),#18179);
#19090 = DRAUGHTING_PRE_DEFINED_CURVE_FONT('continuous');
#19091 = STYLED_ITEM('color',(#19092),#6298);
#19092 = PRESENTATION_STYLE_ASSIGNMENT((#19093,#19098));
#19093 = SURFACE_STYLE_USAGE(.BOTH.,#19094);
#19094 = SURFACE_SIDE_STYLE('',(#19095));
#19095 = SURFACE_STYLE_FILL_AREA(#19096);
#19096 = FILL_AREA_STYLE('',(#19097));
#19097 = FILL_AREA_STYLE_COLOUR('',#17433);
#19098 = CURVE_STYLE('',#19099,POSITIVE_LENGTH_MEASURE(0.1),#17433);
#19099 = DRAUGHTING_PRE_DEFINED_CURVE_FONT('continuous');
#19100 = STYLED_ITEM('color',(#19101),#6390);
#19101 = PRESENTATION_STYLE_ASSIGNMENT((#19102,#19107));
#19102 = SURFACE_STYLE_USAGE(.BOTH.,#19103);
#19103 = SURFACE_SIDE_STYLE('',(#19104));
#19104 = SURFACE_STYLE_FILL_AREA(#19105);
#19105 = FILL_AREA_STYLE('',(#19106));
#19106 = FILL_AREA_STYLE_COLOUR('',#17433);
#19107 = CURVE_STYLE('',#19108,POSITIVE_LENGTH_MEASURE(0.1),#17433);
#19108 = DRAUGHTING_PRE_DEFINED_CURVE_FONT('continuous');
#19109 = STYLED_ITEM('color',(#19110),#6415);
#19110 = PRESENTATION_STYLE_ASSIGNMENT((#19111,#19116));
#19111 = SURFACE_STYLE_USAGE(.BOTH.,#19112);
#19112 = SURFACE_SIDE_STYLE('',(#19113));
#19113 = SURFACE_STYLE_FILL_AREA(#19114);
#19114 = FILL_AREA_STYLE('',(#19115));
#19115 = FILL_AREA_STYLE_COLOUR('',#17433);
#19116 = CURVE_STYLE('',#19117,POSITIVE_LENGTH_MEASURE(0.1),#17433);
#19117 = DRAUGHTING_PRE_DEFINED_CURVE_FONT('continuous');
#19118 = STYLED_ITEM('color',(#19119),#6499);
#19119 = PRESENTATION_STYLE_ASSIGNMENT((#19120,#19125));
#19120 = SURFACE_STYLE_USAGE(.BOTH.,#19121);
#19121 = SURFACE_SIDE_STYLE('',(#19122));
#19122 = SURFACE_STYLE_FILL_AREA(#19123);
#19123 = FILL_AREA_STYLE('',(#19124));
#19124 = FILL_AREA_STYLE_COLOUR('',#18179);
#19125 = CURVE_STYLE('',#19126,POSITIVE_LENGTH_MEASURE(0.1),#18179);
#19126 = DRAUGHTING_PRE_DEFINED_CURVE_FONT('continuous');
#19127 = STYLED_ITEM('color',(#19128),#6521);
#19128 = PRESENTATION_STYLE_ASSIGNMENT((#19129,#19134));
#19129 = SURFACE_STYLE_USAGE(.BOTH.,#19130);
#19130 = SURFACE_SIDE_STYLE('',(#19131));
#19131 = SURFACE_STYLE_FILL_AREA(#19132);
#19132 = FILL_AREA_STYLE('',(#19133));
#19133 = FILL_AREA_STYLE_COLOUR('',#17433);
#19134 = CURVE_STYLE('',#19135,POSITIVE_LENGTH_MEASURE(0.1),#17433);
#19135 = DRAUGHTING_PRE_DEFINED_CURVE_FONT('continuous');
#19136 = STYLED_ITEM('color',(#19137),#6613);
#19137 = PRESENTATION_STYLE_ASSIGNMENT((#19138,#19143));
#19138 = SURFACE_STYLE_USAGE(.BOTH.,#19139);
#19139 = SURFACE_SIDE_STYLE('',(#19140));
#19140 = SURFACE_STYLE_FILL_AREA(#19141);
#19141 = FILL_AREA_STYLE('',(#19142));
#19142 = FILL_AREA_STYLE_COLOUR('',#17433);
#19143 = CURVE_STYLE('',#19144,POSITIVE_LENGTH_MEASURE(0.1),#17433);
#19144 = DRAUGHTING_PRE_DEFINED_CURVE_FONT('continuous');
#19145 = STYLED_ITEM('color',(#19146),#6638);
#19146 = PRESENTATION_STYLE_ASSIGNMENT((#19147,#19152));
#19147 = SURFACE_STYLE_USAGE(.BOTH.,#19148);
#19148 = SURFACE_SIDE_STYLE('',(#19149));
#19149 = SURFACE_STYLE_FILL_AREA(#19150);
#19150 = FILL_AREA_STYLE('',(#19151));
#19151 = FILL_AREA_STYLE_COLOUR('',#17433);
#19152 = CURVE_STYLE('',#19153,POSITIVE_LENGTH_MEASURE(0.1),#17433);
#19153 = DRAUGHTING_PRE_DEFINED_CURVE_FONT('continuous');
#19154 = STYLED_ITEM('color',(#19155),#6722);
#19155 = PRESENTATION_STYLE_ASSIGNMENT((#19156,#19161));
#19156 = SURFACE_STYLE_USAGE(.BOTH.,#19157);
#19157 = SURFACE_SIDE_STYLE('',(#19158));
#19158 = SURFACE_STYLE_FILL_AREA(#19159);
#19159 = FILL_AREA_STYLE('',(#19160));
#19160 = FILL_AREA_STYLE_COLOUR('',#18179);
#19161 = CURVE_STYLE('',#19162,POSITIVE_LENGTH_MEASURE(0.1),#18179);
#19162 = DRAUGHTING_PRE_DEFINED_CURVE_FONT('continuous');
#19163 = STYLED_ITEM('color',(#19164),#6744);
#19164 = PRESENTATION_STYLE_ASSIGNMENT((#19165,#19170));
#19165 = SURFACE_STYLE_USAGE(.BOTH.,#19166);
#19166 = SURFACE_SIDE_STYLE('',(#19167));
#19167 = SURFACE_STYLE_FILL_AREA(#19168);
#19168 = FILL_AREA_STYLE('',(#19169));
#19169 = FILL_AREA_STYLE_COLOUR('',#17433);
#19170 = CURVE_STYLE('',#19171,POSITIVE_LENGTH_MEASURE(0.1),#17433);
#19171 = DRAUGHTING_PRE_DEFINED_CURVE_FONT('continuous');
#19172 = STYLED_ITEM('color',(#19173),#6836);
#19173 = PRESENTATION_STYLE_ASSIGNMENT((#19174,#19179));
#19174 = SURFACE_STYLE_USAGE(.BOTH.,#19175);
#19175 = SURFACE_SIDE_STYLE('',(#19176));
#19176 = SURFACE_STYLE_FILL_AREA(#19177);
#19177 = FILL_AREA_STYLE('',(#19178));
#19178 = FILL_AREA_STYLE_COLOUR('',#17433);
#19179 = CURVE_STYLE('',#19180,POSITIVE_LENGTH_MEASURE(0.1),#17433);
#19180 = DRAUGHTING_PRE_DEFINED_CURVE_FONT('continuous');
#19181 = STYLED_ITEM('color',(#19182),#6861);
#19182 = PRESENTATION_STYLE_ASSIGNMENT((#19183,#19188));
#19183 = SURFACE_STYLE_USAGE(.BOTH.,#19184);
#19184 = SURFACE_SIDE_STYLE('',(#19185));
#19185 = SURFACE_STYLE_FILL_AREA(#19186);
#19186 = FILL_AREA_STYLE('',(#19187));
#19187 = FILL_AREA_STYLE_COLOUR('',#17433);
#19188 = CURVE_STYLE('',#19189,POSITIVE_LENGTH_MEASURE(0.1),#17433);
#19189 = DRAUGHTING_PRE_DEFINED_CURVE_FONT('continuous');
#19190 = STYLED_ITEM('color',(#19191),#6945);
#19191 = PRESENTATION_STYLE_ASSIGNMENT((#19192,#19197));
#19192 = SURFACE_STYLE_USAGE(.BOTH.,#19193);
#19193 = SURFACE_SIDE_STYLE('',(#19194));
#19194 = SURFACE_STYLE_FILL_AREA(#19195);
#19195 = FILL_AREA_STYLE('',(#19196));
#19196 = FILL_AREA_STYLE_COLOUR('',#18179);
#19197 = CURVE_STYLE('',#19198,POSITIVE_LENGTH_MEASURE(0.1),#18179);
#19198 = DRAUGHTING_PRE_DEFINED_CURVE_FONT('continuous');
#19199 = STYLED_ITEM('color',(#19200),#6967);
#19200 = PRESENTATION_STYLE_ASSIGNMENT((#19201,#19206));
#19201 = SURFACE_STYLE_USAGE(.BOTH.,#19202);
#19202 = SURFACE_SIDE_STYLE('',(#19203));
#19203 = SURFACE_STYLE_FILL_AREA(#19204);
#19204 = FILL_AREA_STYLE('',(#19205));
#19205 = FILL_AREA_STYLE_COLOUR('',#17433);
#19206 = CURVE_STYLE('',#19207,POSITIVE_LENGTH_MEASURE(0.1),#17433);
#19207 = DRAUGHTING_PRE_DEFINED_CURVE_FONT('continuous');
#19208 = STYLED_ITEM('color',(#19209),#7059);
#19209 = PRESENTATION_STYLE_ASSIGNMENT((#19210,#19215));
#19210 = SURFACE_STYLE_USAGE(.BOTH.,#19211);
#19211 = SURFACE_SIDE_STYLE('',(#19212));
#19212 = SURFACE_STYLE_FILL_AREA(#19213);
#19213 = FILL_AREA_STYLE('',(#19214));
#19214 = FILL_AREA_STYLE_COLOUR('',#17433);
#19215 = CURVE_STYLE('',#19216,POSITIVE_LENGTH_MEASURE(0.1),#17433);
#19216 = DRAUGHTING_PRE_DEFINED_CURVE_FONT('continuous');
#19217 = STYLED_ITEM('color',(#19218),#7084);
#19218 = PRESENTATION_STYLE_ASSIGNMENT((#19219,#19224));
#19219 = SURFACE_STYLE_USAGE(.BOTH.,#19220);
#19220 = SURFACE_SIDE_STYLE('',(#19221));
#19221 = SURFACE_STYLE_FILL_AREA(#19222);
#19222 = FILL_AREA_STYLE('',(#19223));
#19223 = FILL_AREA_STYLE_COLOUR('',#17433);
#19224 = CURVE_STYLE('',#19225,POSITIVE_LENGTH_MEASURE(0.1),#17433);
#19225 = DRAUGHTING_PRE_DEFINED_CURVE_FONT('continuous');
#19226 = STYLED_ITEM('color',(#19227),#7168);
#19227 = PRESENTATION_STYLE_ASSIGNMENT((#19228,#19233));
#19228 = SURFACE_STYLE_USAGE(.BOTH.,#19229);
#19229 = SURFACE_SIDE_STYLE('',(#19230));
#19230 = SURFACE_STYLE_FILL_AREA(#19231);
#19231 = FILL_AREA_STYLE('',(#19232));
#19232 = FILL_AREA_STYLE_COLOUR('',#18179);
#19233 = CURVE_STYLE('',#19234,POSITIVE_LENGTH_MEASURE(0.1),#18179);
#19234 = DRAUGHTING_PRE_DEFINED_CURVE_FONT('continuous');
#19235 = STYLED_ITEM('color',(#19236),#7185);
#19236 = PRESENTATION_STYLE_ASSIGNMENT((#19237,#19242));
#19237 = SURFACE_STYLE_USAGE(.BOTH.,#19238);
#19238 = SURFACE_SIDE_STYLE('',(#19239));
#19239 = SURFACE_STYLE_FILL_AREA(#19240);
#19240 = FILL_AREA_STYLE('',(#19241));
#19241 = FILL_AREA_STYLE_COLOUR('',#17433);
#19242 = CURVE_STYLE('',#19243,POSITIVE_LENGTH_MEASURE(0.1),#17433);
#19243 = DRAUGHTING_PRE_DEFINED_CURVE_FONT('continuous');
#19244 = STYLED_ITEM('color',(#19245),#7270);
#19245 = PRESENTATION_STYLE_ASSIGNMENT((#19246,#19251));
#19246 = SURFACE_STYLE_USAGE(.BOTH.,#19247);
#19247 = SURFACE_SIDE_STYLE('',(#19248));
#19248 = SURFACE_STYLE_FILL_AREA(#19249);
#19249 = FILL_AREA_STYLE('',(#19250));
#19250 = FILL_AREA_STYLE_COLOUR('',#17433);
#19251 = CURVE_STYLE('',#19252,POSITIVE_LENGTH_MEASURE(0.1),#17433);
#19252 = DRAUGHTING_PRE_DEFINED_CURVE_FONT('continuous');
#19253 = STYLED_ITEM('color',(#19254),#7295);
#19254 = PRESENTATION_STYLE_ASSIGNMENT((#19255,#19260));
#19255 = SURFACE_STYLE_USAGE(.BOTH.,#19256);
#19256 = SURFACE_SIDE_STYLE('',(#19257));
#19257 = SURFACE_STYLE_FILL_AREA(#19258);
#19258 = FILL_AREA_STYLE('',(#19259));
#19259 = FILL_AREA_STYLE_COLOUR('',#17433);
#19260 = CURVE_STYLE('',#19261,POSITIVE_LENGTH_MEASURE(0.1),#17433);
#19261 = DRAUGHTING_PRE_DEFINED_CURVE_FONT('continuous');
#19262 = STYLED_ITEM('color',(#19263),#7372);
#19263 = PRESENTATION_STYLE_ASSIGNMENT((#19264,#19269));
#19264 = SURFACE_STYLE_USAGE(.BOTH.,#19265);
#19265 = SURFACE_SIDE_STYLE('',(#19266));
#19266 = SURFACE_STYLE_FILL_AREA(#19267);
#19267 = FILL_AREA_STYLE('',(#19268));
#19268 = FILL_AREA_STYLE_COLOUR('',#17433);
#19269 = CURVE_STYLE('',#19270,POSITIVE_LENGTH_MEASURE(0.1),#17433);
#19270 = DRAUGHTING_PRE_DEFINED_CURVE_FONT('continuous');
#19271 = STYLED_ITEM('color',(#19272),#7457);
#19272 = PRESENTATION_STYLE_ASSIGNMENT((#19273,#19278));
#19273 = SURFACE_STYLE_USAGE(.BOTH.,#19274);
#19274 = SURFACE_SIDE_STYLE('',(#19275));
#19275 = SURFACE_STYLE_FILL_AREA(#19276);
#19276 = FILL_AREA_STYLE('',(#19277));
#19277 = FILL_AREA_STYLE_COLOUR('',#17433);
#19278 = CURVE_STYLE('',#19279,POSITIVE_LENGTH_MEASURE(0.1),#17433);
#19279 = DRAUGHTING_PRE_DEFINED_CURVE_FONT('continuous');
#19280 = STYLED_ITEM('color',(#19281),#7482);
#19281 = PRESENTATION_STYLE_ASSIGNMENT((#19282,#19287));
#19282 = SURFACE_STYLE_USAGE(.BOTH.,#19283);
#19283 = SURFACE_SIDE_STYLE('',(#19284));
#19284 = SURFACE_STYLE_FILL_AREA(#19285);
#19285 = FILL_AREA_STYLE('',(#19286));
#19286 = FILL_AREA_STYLE_COLOUR('',#17433);
#19287 = CURVE_STYLE('',#19288,POSITIVE_LENGTH_MEASURE(0.1),#17433);
#19288 = DRAUGHTING_PRE_DEFINED_CURVE_FONT('continuous');
#19289 = STYLED_ITEM('color',(#19290),#7559);
#19290 = PRESENTATION_STYLE_ASSIGNMENT((#19291,#19296));
#19291 = SURFACE_STYLE_USAGE(.BOTH.,#19292);
#19292 = SURFACE_SIDE_STYLE('',(#19293));
#19293 = SURFACE_STYLE_FILL_AREA(#19294);
#19294 = FILL_AREA_STYLE('',(#19295));
#19295 = FILL_AREA_STYLE_COLOUR('',#18179);
#19296 = CURVE_STYLE('',#19297,POSITIVE_LENGTH_MEASURE(0.1),#18179);
#19297 = DRAUGHTING_PRE_DEFINED_CURVE_FONT('continuous');
#19298 = STYLED_ITEM('color',(#19299),#7576);
#19299 = PRESENTATION_STYLE_ASSIGNMENT((#19300,#19305));
#19300 = SURFACE_STYLE_USAGE(.BOTH.,#19301);
#19301 = SURFACE_SIDE_STYLE('',(#19302));
#19302 = SURFACE_STYLE_FILL_AREA(#19303);
#19303 = FILL_AREA_STYLE('',(#19304));
#19304 = FILL_AREA_STYLE_COLOUR('',#17433);
#19305 = CURVE_STYLE('',#19306,POSITIVE_LENGTH_MEASURE(0.1),#17433);
#19306 = DRAUGHTING_PRE_DEFINED_CURVE_FONT('continuous');
#19307 = STYLED_ITEM('color',(#19308),#7668);
#19308 = PRESENTATION_STYLE_ASSIGNMENT((#19309,#19314));
#19309 = SURFACE_STYLE_USAGE(.BOTH.,#19310);
#19310 = SURFACE_SIDE_STYLE('',(#19311));
#19311 = SURFACE_STYLE_FILL_AREA(#19312);
#19312 = FILL_AREA_STYLE('',(#19313));
#19313 = FILL_AREA_STYLE_COLOUR('',#17433);
#19314 = CURVE_STYLE('',#19315,POSITIVE_LENGTH_MEASURE(0.1),#17433);
#19315 = DRAUGHTING_PRE_DEFINED_CURVE_FONT('continuous');
#19316 = STYLED_ITEM('color',(#19317),#7693);
#19317 = PRESENTATION_STYLE_ASSIGNMENT((#19318,#19323));
#19318 = SURFACE_STYLE_USAGE(.BOTH.,#19319);
#19319 = SURFACE_SIDE_STYLE('',(#19320));
#19320 = SURFACE_STYLE_FILL_AREA(#19321);
#19321 = FILL_AREA_STYLE('',(#19322));
#19322 = FILL_AREA_STYLE_COLOUR('',#17433);
#19323 = CURVE_STYLE('',#19324,POSITIVE_LENGTH_MEASURE(0.1),#17433);
#19324 = DRAUGHTING_PRE_DEFINED_CURVE_FONT('continuous');
#19325 = STYLED_ITEM('color',(#19326),#7777);
#19326 = PRESENTATION_STYLE_ASSIGNMENT((#19327,#19332));
#19327 = SURFACE_STYLE_USAGE(.BOTH.,#19328);
#19328 = SURFACE_SIDE_STYLE('',(#19329));
#19329 = SURFACE_STYLE_FILL_AREA(#19330);
#19330 = FILL_AREA_STYLE('',(#19331));
#19331 = FILL_AREA_STYLE_COLOUR('',#18179);
#19332 = CURVE_STYLE('',#19333,POSITIVE_LENGTH_MEASURE(0.1),#18179);
#19333 = DRAUGHTING_PRE_DEFINED_CURVE_FONT('continuous');
#19334 = STYLED_ITEM('color',(#19335),#7799);
#19335 = PRESENTATION_STYLE_ASSIGNMENT((#19336,#19341));
#19336 = SURFACE_STYLE_USAGE(.BOTH.,#19337);
#19337 = SURFACE_SIDE_STYLE('',(#19338));
#19338 = SURFACE_STYLE_FILL_AREA(#19339);
#19339 = FILL_AREA_STYLE('',(#19340));
#19340 = FILL_AREA_STYLE_COLOUR('',#17433);
#19341 = CURVE_STYLE('',#19342,POSITIVE_LENGTH_MEASURE(0.1),#17433);
#19342 = DRAUGHTING_PRE_DEFINED_CURVE_FONT('continuous');
#19343 = STYLED_ITEM('color',(#19344),#7891);
#19344 = PRESENTATION_STYLE_ASSIGNMENT((#19345,#19350));
#19345 = SURFACE_STYLE_USAGE(.BOTH.,#19346);
#19346 = SURFACE_SIDE_STYLE('',(#19347));
#19347 = SURFACE_STYLE_FILL_AREA(#19348);
#19348 = FILL_AREA_STYLE('',(#19349));
#19349 = FILL_AREA_STYLE_COLOUR('',#17433);
#19350 = CURVE_STYLE('',#19351,POSITIVE_LENGTH_MEASURE(0.1),#17433);
#19351 = DRAUGHTING_PRE_DEFINED_CURVE_FONT('continuous');
#19352 = STYLED_ITEM('color',(#19353),#7916);
#19353 = PRESENTATION_STYLE_ASSIGNMENT((#19354,#19359));
#19354 = SURFACE_STYLE_USAGE(.BOTH.,#19355);
#19355 = SURFACE_SIDE_STYLE('',(#19356));
#19356 = SURFACE_STYLE_FILL_AREA(#19357);
#19357 = FILL_AREA_STYLE('',(#19358));
#19358 = FILL_AREA_STYLE_COLOUR('',#17433);
#19359 = CURVE_STYLE('',#19360,POSITIVE_LENGTH_MEASURE(0.1),#17433);
#19360 = DRAUGHTING_PRE_DEFINED_CURVE_FONT('continuous');
#19361 = STYLED_ITEM('color',(#19362),#8000);
#19362 = PRESENTATION_STYLE_ASSIGNMENT((#19363,#19368));
#19363 = SURFACE_STYLE_USAGE(.BOTH.,#19364);
#19364 = SURFACE_SIDE_STYLE('',(#19365));
#19365 = SURFACE_STYLE_FILL_AREA(#19366);
#19366 = FILL_AREA_STYLE('',(#19367));
#19367 = FILL_AREA_STYLE_COLOUR('',#18179);
#19368 = CURVE_STYLE('',#19369,POSITIVE_LENGTH_MEASURE(0.1),#18179);
#19369 = DRAUGHTING_PRE_DEFINED_CURVE_FONT('continuous');
#19370 = STYLED_ITEM('color',(#19371),#8022);
#19371 = PRESENTATION_STYLE_ASSIGNMENT((#19372,#19377));
#19372 = SURFACE_STYLE_USAGE(.BOTH.,#19373);
#19373 = SURFACE_SIDE_STYLE('',(#19374));
#19374 = SURFACE_STYLE_FILL_AREA(#19375);
#19375 = FILL_AREA_STYLE('',(#19376));
#19376 = FILL_AREA_STYLE_COLOUR('',#17433);
#19377 = CURVE_STYLE('',#19378,POSITIVE_LENGTH_MEASURE(0.1),#17433);
#19378 = DRAUGHTING_PRE_DEFINED_CURVE_FONT('continuous');
#19379 = STYLED_ITEM('color',(#19380),#8114);
#19380 = PRESENTATION_STYLE_ASSIGNMENT((#19381,#19386));
#19381 = SURFACE_STYLE_USAGE(.BOTH.,#19382);
#19382 = SURFACE_SIDE_STYLE('',(#19383));
#19383 = SURFACE_STYLE_FILL_AREA(#19384);
#19384 = FILL_AREA_STYLE('',(#19385));
#19385 = FILL_AREA_STYLE_COLOUR('',#17433);
#19386 = CURVE_STYLE('',#19387,POSITIVE_LENGTH_MEASURE(0.1),#17433);
#19387 = DRAUGHTING_PRE_DEFINED_CURVE_FONT('continuous');
#19388 = STYLED_ITEM('color',(#19389),#8139);
#19389 = PRESENTATION_STYLE_ASSIGNMENT((#19390,#19395));
#19390 = SURFACE_STYLE_USAGE(.BOTH.,#19391);
#19391 = SURFACE_SIDE_STYLE('',(#19392));
#19392 = SURFACE_STYLE_FILL_AREA(#19393);
#19393 = FILL_AREA_STYLE('',(#19394));
#19394 = FILL_AREA_STYLE_COLOUR('',#17433);
#19395 = CURVE_STYLE('',#19396,POSITIVE_LENGTH_MEASURE(0.1),#17433);
#19396 = DRAUGHTING_PRE_DEFINED_CURVE_FONT('continuous');
#19397 = STYLED_ITEM('color',(#19398),#8223);
#19398 = PRESENTATION_STYLE_ASSIGNMENT((#19399,#19404));
#19399 = SURFACE_STYLE_USAGE(.BOTH.,#19400);
#19400 = SURFACE_SIDE_STYLE('',(#19401));
#19401 = SURFACE_STYLE_FILL_AREA(#19402);
#19402 = FILL_AREA_STYLE('',(#19403));
#19403 = FILL_AREA_STYLE_COLOUR('',#18179);
#19404 = CURVE_STYLE('',#19405,POSITIVE_LENGTH_MEASURE(0.1),#18179);
#19405 = DRAUGHTING_PRE_DEFINED_CURVE_FONT('continuous');
#19406 = STYLED_ITEM('color',(#19407),#8245);
#19407 = PRESENTATION_STYLE_ASSIGNMENT((#19408,#19413));
#19408 = SURFACE_STYLE_USAGE(.BOTH.,#19409);
#19409 = SURFACE_SIDE_STYLE('',(#19410));
#19410 = SURFACE_STYLE_FILL_AREA(#19411);
#19411 = FILL_AREA_STYLE('',(#19412));
#19412 = FILL_AREA_STYLE_COLOUR('',#17433);
#19413 = CURVE_STYLE('',#19414,POSITIVE_LENGTH_MEASURE(0.1),#17433);
#19414 = DRAUGHTING_PRE_DEFINED_CURVE_FONT('continuous');
#19415 = STYLED_ITEM('color',(#19416),#8337);
#19416 = PRESENTATION_STYLE_ASSIGNMENT((#19417,#19422));
#19417 = SURFACE_STYLE_USAGE(.BOTH.,#19418);
#19418 = SURFACE_SIDE_STYLE('',(#19419));
#19419 = SURFACE_STYLE_FILL_AREA(#19420);
#19420 = FILL_AREA_STYLE('',(#19421));
#19421 = FILL_AREA_STYLE_COLOUR('',#17433);
#19422 = CURVE_STYLE('',#19423,POSITIVE_LENGTH_MEASURE(0.1),#17433);
#19423 = DRAUGHTING_PRE_DEFINED_CURVE_FONT('continuous');
#19424 = STYLED_ITEM('color',(#19425),#8362);
#19425 = PRESENTATION_STYLE_ASSIGNMENT((#19426,#19431));
#19426 = SURFACE_STYLE_USAGE(.BOTH.,#19427);
#19427 = SURFACE_SIDE_STYLE('',(#19428));
#19428 = SURFACE_STYLE_FILL_AREA(#19429);
#19429 = FILL_AREA_STYLE('',(#19430));
#19430 = FILL_AREA_STYLE_COLOUR('',#17433);
#19431 = CURVE_STYLE('',#19432,POSITIVE_LENGTH_MEASURE(0.1),#17433);
#19432 = DRAUGHTING_PRE_DEFINED_CURVE_FONT('continuous');
#19433 = STYLED_ITEM('color',(#19434),#8446);
#19434 = PRESENTATION_STYLE_ASSIGNMENT((#19435,#19440));
#19435 = SURFACE_STYLE_USAGE(.BOTH.,#19436);
#19436 = SURFACE_SIDE_STYLE('',(#19437));
#19437 = SURFACE_STYLE_FILL_AREA(#19438);
#19438 = FILL_AREA_STYLE('',(#19439));
#19439 = FILL_AREA_STYLE_COLOUR('',#18179);
#19440 = CURVE_STYLE('',#19441,POSITIVE_LENGTH_MEASURE(0.1),#18179);
#19441 = DRAUGHTING_PRE_DEFINED_CURVE_FONT('continuous');
#19442 = STYLED_ITEM('color',(#19443),#8468);
#19443 = PRESENTATION_STYLE_ASSIGNMENT((#19444,#19449));
#19444 = SURFACE_STYLE_USAGE(.BOTH.,#19445);
#19445 = SURFACE_SIDE_STYLE('',(#19446));
#19446 = SURFACE_STYLE_FILL_AREA(#19447);
#19447 = FILL_AREA_STYLE('',(#19448));
#19448 = FILL_AREA_STYLE_COLOUR('',#17433);
#19449 = CURVE_STYLE('',#19450,POSITIVE_LENGTH_MEASURE(0.1),#17433);
#19450 = DRAUGHTING_PRE_DEFINED_CURVE_FONT('continuous');
#19451 = STYLED_ITEM('color',(#19452),#8560);
#19452 = PRESENTATION_STYLE_ASSIGNMENT((#19453,#19458));
#19453 = SURFACE_STYLE_USAGE(.BOTH.,#19454);
#19454 = SURFACE_SIDE_STYLE('',(#19455));
#19455 = SURFACE_STYLE_FILL_AREA(#19456);
#19456 = FILL_AREA_STYLE('',(#19457));
#19457 = FILL_AREA_STYLE_COLOUR('',#17433);
#19458 = CURVE_STYLE('',#19459,POSITIVE_LENGTH_MEASURE(0.1),#17433);
#19459 = DRAUGHTING_PRE_DEFINED_CURVE_FONT('continuous');
#19460 = STYLED_ITEM('color',(#19461),#8585);
#19461 = PRESENTATION_STYLE_ASSIGNMENT((#19462,#19467));
#19462 = SURFACE_STYLE_USAGE(.BOTH.,#19463);
#19463 = SURFACE_SIDE_STYLE('',(#19464));
#19464 = SURFACE_STYLE_FILL_AREA(#19465);
#19465 = FILL_AREA_STYLE('',(#19466));
#19466 = FILL_AREA_STYLE_COLOUR('',#17433);
#19467 = CURVE_STYLE('',#19468,POSITIVE_LENGTH_MEASURE(0.1),#17433);
#19468 = DRAUGHTING_PRE_DEFINED_CURVE_FONT('continuous');
#19469 = STYLED_ITEM('color',(#19470),#8669);
#19470 = PRESENTATION_STYLE_ASSIGNMENT((#19471,#19476));
#19471 = SURFACE_STYLE_USAGE(.BOTH.,#19472);
#19472 = SURFACE_SIDE_STYLE('',(#19473));
#19473 = SURFACE_STYLE_FILL_AREA(#19474);
#19474 = FILL_AREA_STYLE('',(#19475));
#19475 = FILL_AREA_STYLE_COLOUR('',#18179);
#19476 = CURVE_STYLE('',#19477,POSITIVE_LENGTH_MEASURE(0.1),#18179);
#19477 = DRAUGHTING_PRE_DEFINED_CURVE_FONT('continuous');
#19478 = STYLED_ITEM('color',(#19479),#8691);
#19479 = PRESENTATION_STYLE_ASSIGNMENT((#19480,#19485));
#19480 = SURFACE_STYLE_USAGE(.BOTH.,#19481);
#19481 = SURFACE_SIDE_STYLE('',(#19482));
#19482 = SURFACE_STYLE_FILL_AREA(#19483);
#19483 = FILL_AREA_STYLE('',(#19484));
#19484 = FILL_AREA_STYLE_COLOUR('',#17433);
#19485 = CURVE_STYLE('',#19486,POSITIVE_LENGTH_MEASURE(0.1),#17433);
#19486 = DRAUGHTING_PRE_DEFINED_CURVE_FONT('continuous');
#19487 = STYLED_ITEM('color',(#19488),#8783);
#19488 = PRESENTATION_STYLE_ASSIGNMENT((#19489,#19494));
#19489 = SURFACE_STYLE_USAGE(.BOTH.,#19490);
#19490 = SURFACE_SIDE_STYLE('',(#19491));
#19491 = SURFACE_STYLE_FILL_AREA(#19492);
#19492 = FILL_AREA_STYLE('',(#19493));
#19493 = FILL_AREA_STYLE_COLOUR('',#17433);
#19494 = CURVE_STYLE('',#19495,POSITIVE_LENGTH_MEASURE(0.1),#17433);
#19495 = DRAUGHTING_PRE_DEFINED_CURVE_FONT('continuous');
#19496 = STYLED_ITEM('color',(#19497),#8808);
#19497 = PRESENTATION_STYLE_ASSIGNMENT((#19498,#19503));
#19498 = SURFACE_STYLE_USAGE(.BOTH.,#19499);
#19499 = SURFACE_SIDE_STYLE('',(#19500));
#19500 = SURFACE_STYLE_FILL_AREA(#19501);
#19501 = FILL_AREA_STYLE('',(#19502));
#19502 = FILL_AREA_STYLE_COLOUR('',#17433);
#19503 = CURVE_STYLE('',#19504,POSITIVE_LENGTH_MEASURE(0.1),#17433);
#19504 = DRAUGHTING_PRE_DEFINED_CURVE_FONT('continuous');
#19505 = STYLED_ITEM('color',(#19506),#8892);
#19506 = PRESENTATION_STYLE_ASSIGNMENT((#19507,#19512));
#19507 = SURFACE_STYLE_USAGE(.BOTH.,#19508);
#19508 = SURFACE_SIDE_STYLE('',(#19509));
#19509 = SURFACE_STYLE_FILL_AREA(#19510);
#19510 = FILL_AREA_STYLE('',(#19511));
#19511 = FILL_AREA_STYLE_COLOUR('',#18179);
#19512 = CURVE_STYLE('',#19513,POSITIVE_LENGTH_MEASURE(0.1),#18179);
#19513 = DRAUGHTING_PRE_DEFINED_CURVE_FONT('continuous');
#19514 = STYLED_ITEM('color',(#19515),#8914);
#19515 = PRESENTATION_STYLE_ASSIGNMENT((#19516,#19521));
#19516 = SURFACE_STYLE_USAGE(.BOTH.,#19517);
#19517 = SURFACE_SIDE_STYLE('',(#19518));
#19518 = SURFACE_STYLE_FILL_AREA(#19519);
#19519 = FILL_AREA_STYLE('',(#19520));
#19520 = FILL_AREA_STYLE_COLOUR('',#17433);
#19521 = CURVE_STYLE('',#19522,POSITIVE_LENGTH_MEASURE(0.1),#17433);
#19522 = DRAUGHTING_PRE_DEFINED_CURVE_FONT('continuous');
#19523 = STYLED_ITEM('color',(#19524),#9006);
#19524 = PRESENTATION_STYLE_ASSIGNMENT((#19525,#19530));
#19525 = SURFACE_STYLE_USAGE(.BOTH.,#19526);
#19526 = SURFACE_SIDE_STYLE('',(#19527));
#19527 = SURFACE_STYLE_FILL_AREA(#19528);
#19528 = FILL_AREA_STYLE('',(#19529));
#19529 = FILL_AREA_STYLE_COLOUR('',#17433);
#19530 = CURVE_STYLE('',#19531,POSITIVE_LENGTH_MEASURE(0.1),#17433);
#19531 = DRAUGHTING_PRE_DEFINED_CURVE_FONT('continuous');
#19532 = STYLED_ITEM('color',(#19533),#9031);
#19533 = PRESENTATION_STYLE_ASSIGNMENT((#19534,#19539));
#19534 = SURFACE_STYLE_USAGE(.BOTH.,#19535);
#19535 = SURFACE_SIDE_STYLE('',(#19536));
#19536 = SURFACE_STYLE_FILL_AREA(#19537);
#19537 = FILL_AREA_STYLE('',(#19538));
#19538 = FILL_AREA_STYLE_COLOUR('',#17433);
#19539 = CURVE_STYLE('',#19540,POSITIVE_LENGTH_MEASURE(0.1),#17433);
#19540 = DRAUGHTING_PRE_DEFINED_CURVE_FONT('continuous');
#19541 = STYLED_ITEM('color',(#19542),#9115);
#19542 = PRESENTATION_STYLE_ASSIGNMENT((#19543,#19548));
#19543 = SURFACE_STYLE_USAGE(.BOTH.,#19544);
#19544 = SURFACE_SIDE_STYLE('',(#19545));
#19545 = SURFACE_STYLE_FILL_AREA(#19546);
#19546 = FILL_AREA_STYLE('',(#19547));
#19547 = FILL_AREA_STYLE_COLOUR('',#18179);
#19548 = CURVE_STYLE('',#19549,POSITIVE_LENGTH_MEASURE(0.1),#18179);
#19549 = DRAUGHTING_PRE_DEFINED_CURVE_FONT('continuous');
#19550 = STYLED_ITEM('color',(#19551),#9137);
#19551 = PRESENTATION_STYLE_ASSIGNMENT((#19552,#19557));
#19552 = SURFACE_STYLE_USAGE(.BOTH.,#19553);
#19553 = SURFACE_SIDE_STYLE('',(#19554));
#19554 = SURFACE_STYLE_FILL_AREA(#19555);
#19555 = FILL_AREA_STYLE('',(#19556));
#19556 = FILL_AREA_STYLE_COLOUR('',#17433);
#19557 = CURVE_STYLE('',#19558,POSITIVE_LENGTH_MEASURE(0.1),#17433);
#19558 = DRAUGHTING_PRE_DEFINED_CURVE_FONT('continuous');
#19559 = STYLED_ITEM('color',(#19560),#9229);
#19560 = PRESENTATION_STYLE_ASSIGNMENT((#19561,#19566));
#19561 = SURFACE_STYLE_USAGE(.BOTH.,#19562);
#19562 = SURFACE_SIDE_STYLE('',(#19563));
#19563 = SURFACE_STYLE_FILL_AREA(#19564);
#19564 = FILL_AREA_STYLE('',(#19565));
#19565 = FILL_AREA_STYLE_COLOUR('',#17433);
#19566 = CURVE_STYLE('',#19567,POSITIVE_LENGTH_MEASURE(0.1),#17433);
#19567 = DRAUGHTING_PRE_DEFINED_CURVE_FONT('continuous');
#19568 = STYLED_ITEM('color',(#19569),#9254);
#19569 = PRESENTATION_STYLE_ASSIGNMENT((#19570,#19575));
#19570 = SURFACE_STYLE_USAGE(.BOTH.,#19571);
#19571 = SURFACE_SIDE_STYLE('',(#19572));
#19572 = SURFACE_STYLE_FILL_AREA(#19573);
#19573 = FILL_AREA_STYLE('',(#19574));
#19574 = FILL_AREA_STYLE_COLOUR('',#17433);
#19575 = CURVE_STYLE('',#19576,POSITIVE_LENGTH_MEASURE(0.1),#17433);
#19576 = DRAUGHTING_PRE_DEFINED_CURVE_FONT('continuous');
#19577 = STYLED_ITEM('color',(#19578),#9338);
#19578 = PRESENTATION_STYLE_ASSIGNMENT((#19579,#19584));
#19579 = SURFACE_STYLE_USAGE(.BOTH.,#19580);
#19580 = SURFACE_SIDE_STYLE('',(#19581));
#19581 = SURFACE_STYLE_FILL_AREA(#19582);
#19582 = FILL_AREA_STYLE('',(#19583));
#19583 = FILL_AREA_STYLE_COLOUR('',#18179);
#19584 = CURVE_STYLE('',#19585,POSITIVE_LENGTH_MEASURE(0.1),#18179);
#19585 = DRAUGHTING_PRE_DEFINED_CURVE_FONT('continuous');
#19586 = STYLED_ITEM('color',(#19587),#9360);
#19587 = PRESENTATION_STYLE_ASSIGNMENT((#19588,#19593));
#19588 = SURFACE_STYLE_USAGE(.BOTH.,#19589);
#19589 = SURFACE_SIDE_STYLE('',(#19590));
#19590 = SURFACE_STYLE_FILL_AREA(#19591);
#19591 = FILL_AREA_STYLE('',(#19592));
#19592 = FILL_AREA_STYLE_COLOUR('',#17433);
#19593 = CURVE_STYLE('',#19594,POSITIVE_LENGTH_MEASURE(0.1),#17433);
#19594 = DRAUGHTING_PRE_DEFINED_CURVE_FONT('continuous');
#19595 = STYLED_ITEM('color',(#19596),#9452);
#19596 = PRESENTATION_STYLE_ASSIGNMENT((#19597,#19602));
#19597 = SURFACE_STYLE_USAGE(.BOTH.,#19598);
#19598 = SURFACE_SIDE_STYLE('',(#19599));
#19599 = SURFACE_STYLE_FILL_AREA(#19600);
#19600 = FILL_AREA_STYLE('',(#19601));
#19601 = FILL_AREA_STYLE_COLOUR('',#17433);
#19602 = CURVE_STYLE('',#19603,POSITIVE_LENGTH_MEASURE(0.1),#17433);
#19603 = DRAUGHTING_PRE_DEFINED_CURVE_FONT('continuous');
#19604 = STYLED_ITEM('color',(#19605),#9477);
#19605 = PRESENTATION_STYLE_ASSIGNMENT((#19606,#19611));
#19606 = SURFACE_STYLE_USAGE(.BOTH.,#19607);
#19607 = SURFACE_SIDE_STYLE('',(#19608));
#19608 = SURFACE_STYLE_FILL_AREA(#19609);
#19609 = FILL_AREA_STYLE('',(#19610));
#19610 = FILL_AREA_STYLE_COLOUR('',#17433);
#19611 = CURVE_STYLE('',#19612,POSITIVE_LENGTH_MEASURE(0.1),#17433);
#19612 = DRAUGHTING_PRE_DEFINED_CURVE_FONT('continuous');
#19613 = STYLED_ITEM('color',(#19614),#9561);
#19614 = PRESENTATION_STYLE_ASSIGNMENT((#19615,#19620));
#19615 = SURFACE_STYLE_USAGE(.BOTH.,#19616);
#19616 = SURFACE_SIDE_STYLE('',(#19617));
#19617 = SURFACE_STYLE_FILL_AREA(#19618);
#19618 = FILL_AREA_STYLE('',(#19619));
#19619 = FILL_AREA_STYLE_COLOUR('',#18179);
#19620 = CURVE_STYLE('',#19621,POSITIVE_LENGTH_MEASURE(0.1),#18179);
#19621 = DRAUGHTING_PRE_DEFINED_CURVE_FONT('continuous');
#19622 = STYLED_ITEM('color',(#19623),#9583);
#19623 = PRESENTATION_STYLE_ASSIGNMENT((#19624,#19629));
#19624 = SURFACE_STYLE_USAGE(.BOTH.,#19625);
#19625 = SURFACE_SIDE_STYLE('',(#19626));
#19626 = SURFACE_STYLE_FILL_AREA(#19627);
#19627 = FILL_AREA_STYLE('',(#19628));
#19628 = FILL_AREA_STYLE_COLOUR('',#17433);
#19629 = CURVE_STYLE('',#19630,POSITIVE_LENGTH_MEASURE(0.1),#17433);
#19630 = DRAUGHTING_PRE_DEFINED_CURVE_FONT('continuous');
#19631 = STYLED_ITEM('color',(#19632),#9675);
#19632 = PRESENTATION_STYLE_ASSIGNMENT((#19633,#19638));
#19633 = SURFACE_STYLE_USAGE(.BOTH.,#19634);
#19634 = SURFACE_SIDE_STYLE('',(#19635));
#19635 = SURFACE_STYLE_FILL_AREA(#19636);
#19636 = FILL_AREA_STYLE('',(#19637));
#19637 = FILL_AREA_STYLE_COLOUR('',#17433);
#19638 = CURVE_STYLE('',#19639,POSITIVE_LENGTH_MEASURE(0.1),#17433);
#19639 = DRAUGHTING_PRE_DEFINED_CURVE_FONT('continuous');
#19640 = STYLED_ITEM('color',(#19641),#9700);
#19641 = PRESENTATION_STYLE_ASSIGNMENT((#19642,#19647));
#19642 = SURFACE_STYLE_USAGE(.BOTH.,#19643);
#19643 = SURFACE_SIDE_STYLE('',(#19644));
#19644 = SURFACE_STYLE_FILL_AREA(#19645);
#19645 = FILL_AREA_STYLE('',(#19646));
#19646 = FILL_AREA_STYLE_COLOUR('',#17433);
#19647 = CURVE_STYLE('',#19648,POSITIVE_LENGTH_MEASURE(0.1),#17433);
#19648 = DRAUGHTING_PRE_DEFINED_CURVE_FONT('continuous');
#19649 = STYLED_ITEM('color',(#19650),#9784);
#19650 = PRESENTATION_STYLE_ASSIGNMENT((#19651,#19656));
#19651 = SURFACE_STYLE_USAGE(.BOTH.,#19652);
#19652 = SURFACE_SIDE_STYLE('',(#19653));
#19653 = SURFACE_STYLE_FILL_AREA(#19654);
#19654 = FILL_AREA_STYLE('',(#19655));
#19655 = FILL_AREA_STYLE_COLOUR('',#18179);
#19656 = CURVE_STYLE('',#19657,POSITIVE_LENGTH_MEASURE(0.1),#18179);
#19657 = DRAUGHTING_PRE_DEFINED_CURVE_FONT('continuous');
#19658 = STYLED_ITEM('color',(#19659),#9806);
#19659 = PRESENTATION_STYLE_ASSIGNMENT((#19660,#19665));
#19660 = SURFACE_STYLE_USAGE(.BOTH.,#19661);
#19661 = SURFACE_SIDE_STYLE('',(#19662));
#19662 = SURFACE_STYLE_FILL_AREA(#19663);
#19663 = FILL_AREA_STYLE('',(#19664));
#19664 = FILL_AREA_STYLE_COLOUR('',#17433);
#19665 = CURVE_STYLE('',#19666,POSITIVE_LENGTH_MEASURE(0.1),#17433);
#19666 = DRAUGHTING_PRE_DEFINED_CURVE_FONT('continuous');
#19667 = STYLED_ITEM('color',(#19668),#9898);
#19668 = PRESENTATION_STYLE_ASSIGNMENT((#19669,#19674));
#19669 = SURFACE_STYLE_USAGE(.BOTH.,#19670);
#19670 = SURFACE_SIDE_STYLE('',(#19671));
#19671 = SURFACE_STYLE_FILL_AREA(#19672);
#19672 = FILL_AREA_STYLE('',(#19673));
#19673 = FILL_AREA_STYLE_COLOUR('',#17433);
#19674 = CURVE_STYLE('',#19675,POSITIVE_LENGTH_MEASURE(0.1),#17433);
#19675 = DRAUGHTING_PRE_DEFINED_CURVE_FONT('continuous');
#19676 = STYLED_ITEM('color',(#19677),#9923);
#19677 = PRESENTATION_STYLE_ASSIGNMENT((#19678,#19683));
#19678 = SURFACE_STYLE_USAGE(.BOTH.,#19679);
#19679 = SURFACE_SIDE_STYLE('',(#19680));
#19680 = SURFACE_STYLE_FILL_AREA(#19681);
#19681 = FILL_AREA_STYLE('',(#19682));
#19682 = FILL_AREA_STYLE_COLOUR('',#17433);
#19683 = CURVE_STYLE('',#19684,POSITIVE_LENGTH_MEASURE(0.1),#17433);
#19684 = DRAUGHTING_PRE_DEFINED_CURVE_FONT('continuous');
#19685 = STYLED_ITEM('color',(#19686),#10007);
#19686 = PRESENTATION_STYLE_ASSIGNMENT((#19687,#19692));
#19687 = SURFACE_STYLE_USAGE(.BOTH.,#19688);
#19688 = SURFACE_SIDE_STYLE('',(#19689));
#19689 = SURFACE_STYLE_FILL_AREA(#19690);
#19690 = FILL_AREA_STYLE('',(#19691));
#19691 = FILL_AREA_STYLE_COLOUR('',#17433);
#19692 = CURVE_STYLE('',#19693,POSITIVE_LENGTH_MEASURE(0.1),#17433);
#19693 = DRAUGHTING_PRE_DEFINED_CURVE_FONT('continuous');
#19694 = STYLED_ITEM('color',(#19695),#10024);
#19695 = PRESENTATION_STYLE_ASSIGNMENT((#19696,#19701));
#19696 = SURFACE_STYLE_USAGE(.BOTH.,#19697);
#19697 = SURFACE_SIDE_STYLE('',(#19698));
#19698 = SURFACE_STYLE_FILL_AREA(#19699);
#19699 = FILL_AREA_STYLE('',(#19700));
#19700 = FILL_AREA_STYLE_COLOUR('',#17433);
#19701 = CURVE_STYLE('',#19702,POSITIVE_LENGTH_MEASURE(0.1),#17433);
#19702 = DRAUGHTING_PRE_DEFINED_CURVE_FONT('continuous');
#19703 = STYLED_ITEM('color',(#19704),#10043);
#19704 = PRESENTATION_STYLE_ASSIGNMENT((#19705,#19710));
#19705 = SURFACE_STYLE_USAGE(.BOTH.,#19706);
#19706 = SURFACE_SIDE_STYLE('',(#19707));
#19707 = SURFACE_STYLE_FILL_AREA(#19708);
#19708 = FILL_AREA_STYLE('',(#19709));
#19709 = FILL_AREA_STYLE_COLOUR('',#17433);
#19710 = CURVE_STYLE('',#19711,POSITIVE_LENGTH_MEASURE(0.1),#17433);
#19711 = DRAUGHTING_PRE_DEFINED_CURVE_FONT('continuous');
#19712 = STYLED_ITEM('color',(#19713),#10062);
#19713 = PRESENTATION_STYLE_ASSIGNMENT((#19714,#19719));
#19714 = SURFACE_STYLE_USAGE(.BOTH.,#19715);
#19715 = SURFACE_SIDE_STYLE('',(#19716));
#19716 = SURFACE_STYLE_FILL_AREA(#19717);
#19717 = FILL_AREA_STYLE('',(#19718));
#19718 = FILL_AREA_STYLE_COLOUR('',#17433);
#19719 = CURVE_STYLE('',#19720,POSITIVE_LENGTH_MEASURE(0.1),#17433);
#19720 = DRAUGHTING_PRE_DEFINED_CURVE_FONT('continuous');
#19721 = STYLED_ITEM('color',(#19722),#10081);
#19722 = PRESENTATION_STYLE_ASSIGNMENT((#19723,#19728));
#19723 = SURFACE_STYLE_USAGE(.BOTH.,#19724);
#19724 = SURFACE_SIDE_STYLE('',(#19725));
#19725 = SURFACE_STYLE_FILL_AREA(#19726);
#19726 = FILL_AREA_STYLE('',(#19727));
#19727 = FILL_AREA_STYLE_COLOUR('',#17433);
#19728 = CURVE_STYLE('',#19729,POSITIVE_LENGTH_MEASURE(0.1),#17433);
#19729 = DRAUGHTING_PRE_DEFINED_CURVE_FONT('continuous');
#19730 = STYLED_ITEM('color',(#19731),#10100);
#19731 = PRESENTATION_STYLE_ASSIGNMENT((#19732,#19737));
#19732 = SURFACE_STYLE_USAGE(.BOTH.,#19733);
#19733 = SURFACE_SIDE_STYLE('',(#19734));
#19734 = SURFACE_STYLE_FILL_AREA(#19735);
#19735 = FILL_AREA_STYLE('',(#19736));
#19736 = FILL_AREA_STYLE_COLOUR('',#17433);
#19737 = CURVE_STYLE('',#19738,POSITIVE_LENGTH_MEASURE(0.1),#17433);
#19738 = DRAUGHTING_PRE_DEFINED_CURVE_FONT('continuous');
#19739 = STYLED_ITEM('color',(#19740),#10119);
#19740 = PRESENTATION_STYLE_ASSIGNMENT((#19741,#19746));
#19741 = SURFACE_STYLE_USAGE(.BOTH.,#19742);
#19742 = SURFACE_SIDE_STYLE('',(#19743));
#19743 = SURFACE_STYLE_FILL_AREA(#19744);
#19744 = FILL_AREA_STYLE('',(#19745));
#19745 = FILL_AREA_STYLE_COLOUR('',#17433);
#19746 = CURVE_STYLE('',#19747,POSITIVE_LENGTH_MEASURE(0.1),#17433);
#19747 = DRAUGHTING_PRE_DEFINED_CURVE_FONT('continuous');
#19748 = STYLED_ITEM('color',(#19749),#10138);
#19749 = PRESENTATION_STYLE_ASSIGNMENT((#19750,#19755));
#19750 = SURFACE_STYLE_USAGE(.BOTH.,#19751);
#19751 = SURFACE_SIDE_STYLE('',(#19752));
#19752 = SURFACE_STYLE_FILL_AREA(#19753);
#19753 = FILL_AREA_STYLE('',(#19754));
#19754 = FILL_AREA_STYLE_COLOUR('',#17433);
#19755 = CURVE_STYLE('',#19756,POSITIVE_LENGTH_MEASURE(0.1),#17433);
#19756 = DRAUGHTING_PRE_DEFINED_CURVE_FONT('continuous');
#19757 = STYLED_ITEM('color',(#19758),#10157);
#19758 = PRESENTATION_STYLE_ASSIGNMENT((#19759,#19764));
#19759 = SURFACE_STYLE_USAGE(.BOTH.,#19760);
#19760 = SURFACE_SIDE_STYLE('',(#19761));
#19761 = SURFACE_STYLE_FILL_AREA(#19762);
#19762 = FILL_AREA_STYLE('',(#19763));
#19763 = FILL_AREA_STYLE_COLOUR('',#17433);
#19764 = CURVE_STYLE('',#19765,POSITIVE_LENGTH_MEASURE(0.1),#17433);
#19765 = DRAUGHTING_PRE_DEFINED_CURVE_FONT('continuous');
#19766 = STYLED_ITEM('color',(#19767),#10176);
#19767 = PRESENTATION_STYLE_ASSIGNMENT((#19768,#19773));
#19768 = SURFACE_STYLE_USAGE(.BOTH.,#19769);
#19769 = SURFACE_SIDE_STYLE('',(#19770));
#19770 = SURFACE_STYLE_FILL_AREA(#19771);
#19771 = FILL_AREA_STYLE('',(#19772));
#19772 = FILL_AREA_STYLE_COLOUR('',#17433);
#19773 = CURVE_STYLE('',#19774,POSITIVE_LENGTH_MEASURE(0.1),#17433);
#19774 = DRAUGHTING_PRE_DEFINED_CURVE_FONT('continuous');
#19775 = STYLED_ITEM('color',(#19776),#10195);
#19776 = PRESENTATION_STYLE_ASSIGNMENT((#19777,#19782));
#19777 = SURFACE_STYLE_USAGE(.BOTH.,#19778);
#19778 = SURFACE_SIDE_STYLE('',(#19779));
#19779 = SURFACE_STYLE_FILL_AREA(#19780);
#19780 = FILL_AREA_STYLE('',(#19781));
#19781 = FILL_AREA_STYLE_COLOUR('',#17433);
#19782 = CURVE_STYLE('',#19783,POSITIVE_LENGTH_MEASURE(0.1),#17433);
#19783 = DRAUGHTING_PRE_DEFINED_CURVE_FONT('continuous');
#19784 = STYLED_ITEM('color',(#19785),#10214);
#19785 = PRESENTATION_STYLE_ASSIGNMENT((#19786,#19791));
#19786 = SURFACE_STYLE_USAGE(.BOTH.,#19787);
#19787 = SURFACE_SIDE_STYLE('',(#19788));
#19788 = SURFACE_STYLE_FILL_AREA(#19789);
#19789 = FILL_AREA_STYLE('',(#19790));
#19790 = FILL_AREA_STYLE_COLOUR('',#17433);
#19791 = CURVE_STYLE('',#19792,POSITIVE_LENGTH_MEASURE(0.1),#17433);
#19792 = DRAUGHTING_PRE_DEFINED_CURVE_FONT('continuous');
#19793 = STYLED_ITEM('color',(#19794),#10233);
#19794 = PRESENTATION_STYLE_ASSIGNMENT((#19795,#19800));
#19795 = SURFACE_STYLE_USAGE(.BOTH.,#19796);
#19796 = SURFACE_SIDE_STYLE('',(#19797));
#19797 = SURFACE_STYLE_FILL_AREA(#19798);
#19798 = FILL_AREA_STYLE('',(#19799));
#19799 = FILL_AREA_STYLE_COLOUR('',#18179);
#19800 = CURVE_STYLE('',#19801,POSITIVE_LENGTH_MEASURE(0.1),#18179);
#19801 = DRAUGHTING_PRE_DEFINED_CURVE_FONT('continuous');
#19802 = STYLED_ITEM('color',(#19803),#10279);
#19803 = PRESENTATION_STYLE_ASSIGNMENT((#19804,#19809));
#19804 = SURFACE_STYLE_USAGE(.BOTH.,#19805);
#19805 = SURFACE_SIDE_STYLE('',(#19806));
#19806 = SURFACE_STYLE_FILL_AREA(#19807);
#19807 = FILL_AREA_STYLE('',(#19808));
#19808 = FILL_AREA_STYLE_COLOUR('',#18179);
#19809 = CURVE_STYLE('',#19810,POSITIVE_LENGTH_MEASURE(0.1),#18179);
#19810 = DRAUGHTING_PRE_DEFINED_CURVE_FONT('continuous');
#19811 = STYLED_ITEM('color',(#19812),#10295);
#19812 = PRESENTATION_STYLE_ASSIGNMENT((#19813,#19818));
#19813 = SURFACE_STYLE_USAGE(.BOTH.,#19814);
#19814 = SURFACE_SIDE_STYLE('',(#19815));
#19815 = SURFACE_STYLE_FILL_AREA(#19816);
#19816 = FILL_AREA_STYLE('',(#19817));
#19817 = FILL_AREA_STYLE_COLOUR('',#17433);
#19818 = CURVE_STYLE('',#19819,POSITIVE_LENGTH_MEASURE(0.1),#17433);
#19819 = DRAUGHTING_PRE_DEFINED_CURVE_FONT('continuous');
#19820 = STYLED_ITEM('color',(#19821),#10314);
#19821 = PRESENTATION_STYLE_ASSIGNMENT((#19822,#19827));
#19822 = SURFACE_STYLE_USAGE(.BOTH.,#19823);
#19823 = SURFACE_SIDE_STYLE('',(#19824));
#19824 = SURFACE_STYLE_FILL_AREA(#19825);
#19825 = FILL_AREA_STYLE('',(#19826));
#19826 = FILL_AREA_STYLE_COLOUR('',#17433);
#19827 = CURVE_STYLE('',#19828,POSITIVE_LENGTH_MEASURE(0.1),#17433);
#19828 = DRAUGHTING_PRE_DEFINED_CURVE_FONT('continuous');
#19829 = STYLED_ITEM('color',(#19830),#10333);
#19830 = PRESENTATION_STYLE_ASSIGNMENT((#19831,#19836));
#19831 = SURFACE_STYLE_USAGE(.BOTH.,#19832);
#19832 = SURFACE_SIDE_STYLE('',(#19833));
#19833 = SURFACE_STYLE_FILL_AREA(#19834);
#19834 = FILL_AREA_STYLE('',(#19835));
#19835 = FILL_AREA_STYLE_COLOUR('',#17433);
#19836 = CURVE_STYLE('',#19837,POSITIVE_LENGTH_MEASURE(0.1),#17433);
#19837 = DRAUGHTING_PRE_DEFINED_CURVE_FONT('continuous');
#19838 = STYLED_ITEM('color',(#19839),#10352);
#19839 = PRESENTATION_STYLE_ASSIGNMENT((#19840,#19845));
#19840 = SURFACE_STYLE_USAGE(.BOTH.,#19841);
#19841 = SURFACE_SIDE_STYLE('',(#19842));
#19842 = SURFACE_STYLE_FILL_AREA(#19843);
#19843 = FILL_AREA_STYLE('',(#19844));
#19844 = FILL_AREA_STYLE_COLOUR('',#17433);
#19845 = CURVE_STYLE('',#19846,POSITIVE_LENGTH_MEASURE(0.1),#17433);
#19846 = DRAUGHTING_PRE_DEFINED_CURVE_FONT('continuous');
#19847 = STYLED_ITEM('color',(#19848),#10371);
#19848 = PRESENTATION_STYLE_ASSIGNMENT((#19849,#19854));
#19849 = SURFACE_STYLE_USAGE(.BOTH.,#19850);
#19850 = SURFACE_SIDE_STYLE('',(#19851));
#19851 = SURFACE_STYLE_FILL_AREA(#19852);
#19852 = FILL_AREA_STYLE('',(#19853));
#19853 = FILL_AREA_STYLE_COLOUR('',#17433);
#19854 = CURVE_STYLE('',#19855,POSITIVE_LENGTH_MEASURE(0.1),#17433);
#19855 = DRAUGHTING_PRE_DEFINED_CURVE_FONT('continuous');
#19856 = STYLED_ITEM('color',(#19857),#10390);
#19857 = PRESENTATION_STYLE_ASSIGNMENT((#19858,#19863));
#19858 = SURFACE_STYLE_USAGE(.BOTH.,#19859);
#19859 = SURFACE_SIDE_STYLE('',(#19860));
#19860 = SURFACE_STYLE_FILL_AREA(#19861);
#19861 = FILL_AREA_STYLE('',(#19862));
#19862 = FILL_AREA_STYLE_COLOUR('',#17433);
#19863 = CURVE_STYLE('',#19864,POSITIVE_LENGTH_MEASURE(0.1),#17433);
#19864 = DRAUGHTING_PRE_DEFINED_CURVE_FONT('continuous');
#19865 = STYLED_ITEM('color',(#19866),#10409);
#19866 = PRESENTATION_STYLE_ASSIGNMENT((#19867,#19872));
#19867 = SURFACE_STYLE_USAGE(.BOTH.,#19868);
#19868 = SURFACE_SIDE_STYLE('',(#19869));
#19869 = SURFACE_STYLE_FILL_AREA(#19870);
#19870 = FILL_AREA_STYLE('',(#19871));
#19871 = FILL_AREA_STYLE_COLOUR('',#17433);
#19872 = CURVE_STYLE('',#19873,POSITIVE_LENGTH_MEASURE(0.1),#17433);
#19873 = DRAUGHTING_PRE_DEFINED_CURVE_FONT('continuous');
#19874 = STYLED_ITEM('color',(#19875),#10428);
#19875 = PRESENTATION_STYLE_ASSIGNMENT((#19876,#19881));
#19876 = SURFACE_STYLE_USAGE(.BOTH.,#19877);
#19877 = SURFACE_SIDE_STYLE('',(#19878));
#19878 = SURFACE_STYLE_FILL_AREA(#19879);
#19879 = FILL_AREA_STYLE('',(#19880));
#19880 = FILL_AREA_STYLE_COLOUR('',#17433);
#19881 = CURVE_STYLE('',#19882,POSITIVE_LENGTH_MEASURE(0.1),#17433);
#19882 = DRAUGHTING_PRE_DEFINED_CURVE_FONT('continuous');
#19883 = STYLED_ITEM('color',(#19884),#10447);
#19884 = PRESENTATION_STYLE_ASSIGNMENT((#19885,#19890));
#19885 = SURFACE_STYLE_USAGE(.BOTH.,#19886);
#19886 = SURFACE_SIDE_STYLE('',(#19887));
#19887 = SURFACE_STYLE_FILL_AREA(#19888);
#19888 = FILL_AREA_STYLE('',(#19889));
#19889 = FILL_AREA_STYLE_COLOUR('',#17433);
#19890 = CURVE_STYLE('',#19891,POSITIVE_LENGTH_MEASURE(0.1),#17433);
#19891 = DRAUGHTING_PRE_DEFINED_CURVE_FONT('continuous');
#19892 = STYLED_ITEM('color',(#19893),#10466);
#19893 = PRESENTATION_STYLE_ASSIGNMENT((#19894,#19899));
#19894 = SURFACE_STYLE_USAGE(.BOTH.,#19895);
#19895 = SURFACE_SIDE_STYLE('',(#19896));
#19896 = SURFACE_STYLE_FILL_AREA(#19897);
#19897 = FILL_AREA_STYLE('',(#19898));
#19898 = FILL_AREA_STYLE_COLOUR('',#17433);
#19899 = CURVE_STYLE('',#19900,POSITIVE_LENGTH_MEASURE(0.1),#17433);
#19900 = DRAUGHTING_PRE_DEFINED_CURVE_FONT('continuous');
#19901 = STYLED_ITEM('color',(#19902),#10485);
#19902 = PRESENTATION_STYLE_ASSIGNMENT((#19903,#19908));
#19903 = SURFACE_STYLE_USAGE(.BOTH.,#19904);
#19904 = SURFACE_SIDE_STYLE('',(#19905));
#19905 = SURFACE_STYLE_FILL_AREA(#19906);
#19906 = FILL_AREA_STYLE('',(#19907));
#19907 = FILL_AREA_STYLE_COLOUR('',#17433);
#19908 = CURVE_STYLE('',#19909,POSITIVE_LENGTH_MEASURE(0.1),#17433);
#19909 = DRAUGHTING_PRE_DEFINED_CURVE_FONT('continuous');
#19910 = STYLED_ITEM('color',(#19911),#10504);
#19911 = PRESENTATION_STYLE_ASSIGNMENT((#19912,#19917));
#19912 = SURFACE_STYLE_USAGE(.BOTH.,#19913);
#19913 = SURFACE_SIDE_STYLE('',(#19914));
#19914 = SURFACE_STYLE_FILL_AREA(#19915);
#19915 = FILL_AREA_STYLE('',(#19916));
#19916 = FILL_AREA_STYLE_COLOUR('',#18179);
#19917 = CURVE_STYLE('',#19918,POSITIVE_LENGTH_MEASURE(0.1),#18179);
#19918 = DRAUGHTING_PRE_DEFINED_CURVE_FONT('continuous');
#19919 = STYLED_ITEM('color',(#19920),#10520);
#19920 = PRESENTATION_STYLE_ASSIGNMENT((#19921,#19926));
#19921 = SURFACE_STYLE_USAGE(.BOTH.,#19922);
#19922 = SURFACE_SIDE_STYLE('',(#19923));
#19923 = SURFACE_STYLE_FILL_AREA(#19924);
#19924 = FILL_AREA_STYLE('',(#19925));
#19925 = FILL_AREA_STYLE_COLOUR('',#17433);
#19926 = CURVE_STYLE('',#19927,POSITIVE_LENGTH_MEASURE(0.1),#17433);
#19927 = DRAUGHTING_PRE_DEFINED_CURVE_FONT('continuous');
#19928 = STYLED_ITEM('color',(#19929),#10537);
#19929 = PRESENTATION_STYLE_ASSIGNMENT((#19930,#19935));
#19930 = SURFACE_STYLE_USAGE(.BOTH.,#19931);
#19931 = SURFACE_SIDE_STYLE('',(#19932));
#19932 = SURFACE_STYLE_FILL_AREA(#19933);
#19933 = FILL_AREA_STYLE('',(#19934));
#19934 = FILL_AREA_STYLE_COLOUR('',#18179);
#19935 = CURVE_STYLE('',#19936,POSITIVE_LENGTH_MEASURE(0.1),#18179);
#19936 = DRAUGHTING_PRE_DEFINED_CURVE_FONT('continuous');
#19937 = STYLED_ITEM('color',(#19938),#10549);
#19938 = PRESENTATION_STYLE_ASSIGNMENT((#19939,#19944));
#19939 = SURFACE_STYLE_USAGE(.BOTH.,#19940);
#19940 = SURFACE_SIDE_STYLE('',(#19941));
#19941 = SURFACE_STYLE_FILL_AREA(#19942);
#19942 = FILL_AREA_STYLE('',(#19943));
#19943 = FILL_AREA_STYLE_COLOUR('',#17433);
#19944 = CURVE_STYLE('',#19945,POSITIVE_LENGTH_MEASURE(0.1),#17433);
#19945 = DRAUGHTING_PRE_DEFINED_CURVE_FONT('continuous');
#19946 = STYLED_ITEM('color',(#19947),#10566);
#19947 = PRESENTATION_STYLE_ASSIGNMENT((#19948,#19953));
#19948 = SURFACE_STYLE_USAGE(.BOTH.,#19949);
#19949 = SURFACE_SIDE_STYLE('',(#19950));
#19950 = SURFACE_STYLE_FILL_AREA(#19951);
#19951 = FILL_AREA_STYLE('',(#19952));
#19952 = FILL_AREA_STYLE_COLOUR('',#17433);
#19953 = CURVE_STYLE('',#19954,POSITIVE_LENGTH_MEASURE(0.1),#17433);
#19954 = DRAUGHTING_PRE_DEFINED_CURVE_FONT('continuous');
#19955 = STYLED_ITEM('color',(#19956),#10583);
#19956 = PRESENTATION_STYLE_ASSIGNMENT((#19957,#19962));
#19957 = SURFACE_STYLE_USAGE(.BOTH.,#19958);
#19958 = SURFACE_SIDE_STYLE('',(#19959));
#19959 = SURFACE_STYLE_FILL_AREA(#19960);
#19960 = FILL_AREA_STYLE('',(#19961));
#19961 = FILL_AREA_STYLE_COLOUR('',#17433);
#19962 = CURVE_STYLE('',#19963,POSITIVE_LENGTH_MEASURE(0.1),#17433);
#19963 = DRAUGHTING_PRE_DEFINED_CURVE_FONT('continuous');
#19964 = STYLED_ITEM('color',(#19965),#10600);
#19965 = PRESENTATION_STYLE_ASSIGNMENT((#19966,#19971));
#19966 = SURFACE_STYLE_USAGE(.BOTH.,#19967);
#19967 = SURFACE_SIDE_STYLE('',(#19968));
#19968 = SURFACE_STYLE_FILL_AREA(#19969);
#19969 = FILL_AREA_STYLE('',(#19970));
#19970 = FILL_AREA_STYLE_COLOUR('',#17433);
#19971 = CURVE_STYLE('',#19972,POSITIVE_LENGTH_MEASURE(0.1),#17433);
#19972 = DRAUGHTING_PRE_DEFINED_CURVE_FONT('continuous');
#19973 = STYLED_ITEM('color',(#19974),#10617);
#19974 = PRESENTATION_STYLE_ASSIGNMENT((#19975,#19980));
#19975 = SURFACE_STYLE_USAGE(.BOTH.,#19976);
#19976 = SURFACE_SIDE_STYLE('',(#19977));
#19977 = SURFACE_STYLE_FILL_AREA(#19978);
#19978 = FILL_AREA_STYLE('',(#19979));
#19979 = FILL_AREA_STYLE_COLOUR('',#17433);
#19980 = CURVE_STYLE('',#19981,POSITIVE_LENGTH_MEASURE(0.1),#17433);
#19981 = DRAUGHTING_PRE_DEFINED_CURVE_FONT('continuous');
#19982 = STYLED_ITEM('color',(#19983),#10634);
#19983 = PRESENTATION_STYLE_ASSIGNMENT((#19984,#19989));
#19984 = SURFACE_STYLE_USAGE(.BOTH.,#19985);
#19985 = SURFACE_SIDE_STYLE('',(#19986));
#19986 = SURFACE_STYLE_FILL_AREA(#19987);
#19987 = FILL_AREA_STYLE('',(#19988));
#19988 = FILL_AREA_STYLE_COLOUR('',#17433);
#19989 = CURVE_STYLE('',#19990,POSITIVE_LENGTH_MEASURE(0.1),#17433);
#19990 = DRAUGHTING_PRE_DEFINED_CURVE_FONT('continuous');
#19991 = STYLED_ITEM('color',(#19992),#10651);
#19992 = PRESENTATION_STYLE_ASSIGNMENT((#19993,#19998));
#19993 = SURFACE_STYLE_USAGE(.BOTH.,#19994);
#19994 = SURFACE_SIDE_STYLE('',(#19995));
#19995 = SURFACE_STYLE_FILL_AREA(#19996);
#19996 = FILL_AREA_STYLE('',(#19997));
#19997 = FILL_AREA_STYLE_COLOUR('',#17433);
#19998 = CURVE_STYLE('',#19999,POSITIVE_LENGTH_MEASURE(0.1),#17433);
#19999 = DRAUGHTING_PRE_DEFINED_CURVE_FONT('continuous');
#20000 = STYLED_ITEM('color',(#20001),#10668);
#20001 = PRESENTATION_STYLE_ASSIGNMENT((#20002,#20007));
#20002 = SURFACE_STYLE_USAGE(.BOTH.,#20003);
#20003 = SURFACE_SIDE_STYLE('',(#20004));
#20004 = SURFACE_STYLE_FILL_AREA(#20005);
#20005 = FILL_AREA_STYLE('',(#20006));
#20006 = FILL_AREA_STYLE_COLOUR('',#17433);
#20007 = CURVE_STYLE('',#20008,POSITIVE_LENGTH_MEASURE(0.1),#17433);
#20008 = DRAUGHTING_PRE_DEFINED_CURVE_FONT('continuous');
#20009 = STYLED_ITEM('color',(#20010),#10680);
#20010 = PRESENTATION_STYLE_ASSIGNMENT((#20011,#20016));
#20011 = SURFACE_STYLE_USAGE(.BOTH.,#20012);
#20012 = SURFACE_SIDE_STYLE('',(#20013));
#20013 = SURFACE_STYLE_FILL_AREA(#20014);
#20014 = FILL_AREA_STYLE('',(#20015));
#20015 = FILL_AREA_STYLE_COLOUR('',#17433);
#20016 = CURVE_STYLE('',#20017,POSITIVE_LENGTH_MEASURE(0.1),#17433);
#20017 = DRAUGHTING_PRE_DEFINED_CURVE_FONT('continuous');
#20018 = STYLED_ITEM('color',(#20019),#10697);
#20019 = PRESENTATION_STYLE_ASSIGNMENT((#20020,#20025));
#20020 = SURFACE_STYLE_USAGE(.BOTH.,#20021);
#20021 = SURFACE_SIDE_STYLE('',(#20022));
#20022 = SURFACE_STYLE_FILL_AREA(#20023);
#20023 = FILL_AREA_STYLE('',(#20024));
#20024 = FILL_AREA_STYLE_COLOUR('',#17433);
#20025 = CURVE_STYLE('',#20026,POSITIVE_LENGTH_MEASURE(0.1),#17433);
#20026 = DRAUGHTING_PRE_DEFINED_CURVE_FONT('continuous');
#20027 = STYLED_ITEM('color',(#20028),#10714);
#20028 = PRESENTATION_STYLE_ASSIGNMENT((#20029,#20034));
#20029 = SURFACE_STYLE_USAGE(.BOTH.,#20030);
#20030 = SURFACE_SIDE_STYLE('',(#20031));
#20031 = SURFACE_STYLE_FILL_AREA(#20032);
#20032 = FILL_AREA_STYLE('',(#20033));
#20033 = FILL_AREA_STYLE_COLOUR('',#17433);
#20034 = CURVE_STYLE('',#20035,POSITIVE_LENGTH_MEASURE(0.1),#17433);
#20035 = DRAUGHTING_PRE_DEFINED_CURVE_FONT('continuous');
#20036 = STYLED_ITEM('color',(#20037),#10731);
#20037 = PRESENTATION_STYLE_ASSIGNMENT((#20038,#20043));
#20038 = SURFACE_STYLE_USAGE(.BOTH.,#20039);
#20039 = SURFACE_SIDE_STYLE('',(#20040));
#20040 = SURFACE_STYLE_FILL_AREA(#20041);
#20041 = FILL_AREA_STYLE('',(#20042));
#20042 = FILL_AREA_STYLE_COLOUR('',#17433);
#20043 = CURVE_STYLE('',#20044,POSITIVE_LENGTH_MEASURE(0.1),#17433);
#20044 = DRAUGHTING_PRE_DEFINED_CURVE_FONT('continuous');
#20045 = STYLED_ITEM('color',(#20046),#10748);
#20046 = PRESENTATION_STYLE_ASSIGNMENT((#20047,#20052));
#20047 = SURFACE_STYLE_USAGE(.BOTH.,#20048);
#20048 = SURFACE_SIDE_STYLE('',(#20049));
#20049 = SURFACE_STYLE_FILL_AREA(#20050);
#20050 = FILL_AREA_STYLE('',(#20051));
#20051 = FILL_AREA_STYLE_COLOUR('',#17433);
#20052 = CURVE_STYLE('',#20053,POSITIVE_LENGTH_MEASURE(0.1),#17433);
#20053 = DRAUGHTING_PRE_DEFINED_CURVE_FONT('continuous');
#20054 = STYLED_ITEM('color',(#20055),#10765);
#20055 = PRESENTATION_STYLE_ASSIGNMENT((#20056,#20061));
#20056 = SURFACE_STYLE_USAGE(.BOTH.,#20057);
#20057 = SURFACE_SIDE_STYLE('',(#20058));
#20058 = SURFACE_STYLE_FILL_AREA(#20059);
#20059 = FILL_AREA_STYLE('',(#20060));
#20060 = FILL_AREA_STYLE_COLOUR('',#17433);
#20061 = CURVE_STYLE('',#20062,POSITIVE_LENGTH_MEASURE(0.1),#17433);
#20062 = DRAUGHTING_PRE_DEFINED_CURVE_FONT('continuous');
#20063 = STYLED_ITEM('color',(#20064),#10782);
#20064 = PRESENTATION_STYLE_ASSIGNMENT((#20065,#20070));
#20065 = SURFACE_STYLE_USAGE(.BOTH.,#20066);
#20066 = SURFACE_SIDE_STYLE('',(#20067));
#20067 = SURFACE_STYLE_FILL_AREA(#20068);
#20068 = FILL_AREA_STYLE('',(#20069));
#20069 = FILL_AREA_STYLE_COLOUR('',#17433);
#20070 = CURVE_STYLE('',#20071,POSITIVE_LENGTH_MEASURE(0.1),#17433);
#20071 = DRAUGHTING_PRE_DEFINED_CURVE_FONT('continuous');
#20072 = STYLED_ITEM('color',(#20073),#10799);
#20073 = PRESENTATION_STYLE_ASSIGNMENT((#20074,#20079));
#20074 = SURFACE_STYLE_USAGE(.BOTH.,#20075);
#20075 = SURFACE_SIDE_STYLE('',(#20076));
#20076 = SURFACE_STYLE_FILL_AREA(#20077);
#20077 = FILL_AREA_STYLE('',(#20078));
#20078 = FILL_AREA_STYLE_COLOUR('',#17433);
#20079 = CURVE_STYLE('',#20080,POSITIVE_LENGTH_MEASURE(0.1),#17433);
#20080 = DRAUGHTING_PRE_DEFINED_CURVE_FONT('continuous');
#20081 = STYLED_ITEM('color',(#20082),#10811);
#20082 = PRESENTATION_STYLE_ASSIGNMENT((#20083,#20088));
#20083 = SURFACE_STYLE_USAGE(.BOTH.,#20084);
#20084 = SURFACE_SIDE_STYLE('',(#20085));
#20085 = SURFACE_STYLE_FILL_AREA(#20086);
#20086 = FILL_AREA_STYLE('',(#20087));
#20087 = FILL_AREA_STYLE_COLOUR('',#17433);
#20088 = CURVE_STYLE('',#20089,POSITIVE_LENGTH_MEASURE(0.1),#17433);
#20089 = DRAUGHTING_PRE_DEFINED_CURVE_FONT('continuous');
#20090 = STYLED_ITEM('color',(#20091),#10828);
#20091 = PRESENTATION_STYLE_ASSIGNMENT((#20092,#20097));
#20092 = SURFACE_STYLE_USAGE(.BOTH.,#20093);
#20093 = SURFACE_SIDE_STYLE('',(#20094));
#20094 = SURFACE_STYLE_FILL_AREA(#20095);
#20095 = FILL_AREA_STYLE('',(#20096));
#20096 = FILL_AREA_STYLE_COLOUR('',#17433);
#20097 = CURVE_STYLE('',#20098,POSITIVE_LENGTH_MEASURE(0.1),#17433);
#20098 = DRAUGHTING_PRE_DEFINED_CURVE_FONT('continuous');
#20099 = STYLED_ITEM('color',(#20100),#10845);
#20100 = PRESENTATION_STYLE_ASSIGNMENT((#20101,#20106));
#20101 = SURFACE_STYLE_USAGE(.BOTH.,#20102);
#20102 = SURFACE_SIDE_STYLE('',(#20103));
#20103 = SURFACE_STYLE_FILL_AREA(#20104);
#20104 = FILL_AREA_STYLE('',(#20105));
#20105 = FILL_AREA_STYLE_COLOUR('',#17433);
#20106 = CURVE_STYLE('',#20107,POSITIVE_LENGTH_MEASURE(0.1),#17433);
#20107 = DRAUGHTING_PRE_DEFINED_CURVE_FONT('continuous');
#20108 = STYLED_ITEM('color',(#20109),#10862);
#20109 = PRESENTATION_STYLE_ASSIGNMENT((#20110,#20115));
#20110 = SURFACE_STYLE_USAGE(.BOTH.,#20111);
#20111 = SURFACE_SIDE_STYLE('',(#20112));
#20112 = SURFACE_STYLE_FILL_AREA(#20113);
#20113 = FILL_AREA_STYLE('',(#20114));
#20114 = FILL_AREA_STYLE_COLOUR('',#17433);
#20115 = CURVE_STYLE('',#20116,POSITIVE_LENGTH_MEASURE(0.1),#17433);
#20116 = DRAUGHTING_PRE_DEFINED_CURVE_FONT('continuous');
#20117 = STYLED_ITEM('color',(#20118),#10879);
#20118 = PRESENTATION_STYLE_ASSIGNMENT((#20119,#20124));
#20119 = SURFACE_STYLE_USAGE(.BOTH.,#20120);
#20120 = SURFACE_SIDE_STYLE('',(#20121));
#20121 = SURFACE_STYLE_FILL_AREA(#20122);
#20122 = FILL_AREA_STYLE('',(#20123));
#20123 = FILL_AREA_STYLE_COLOUR('',#17433);
#20124 = CURVE_STYLE('',#20125,POSITIVE_LENGTH_MEASURE(0.1),#17433);
#20125 = DRAUGHTING_PRE_DEFINED_CURVE_FONT('continuous');
#20126 = STYLED_ITEM('color',(#20127),#10896);
#20127 = PRESENTATION_STYLE_ASSIGNMENT((#20128,#20133));
#20128 = SURFACE_STYLE_USAGE(.BOTH.,#20129);
#20129 = SURFACE_SIDE_STYLE('',(#20130));
#20130 = SURFACE_STYLE_FILL_AREA(#20131);
#20131 = FILL_AREA_STYLE('',(#20132));
#20132 = FILL_AREA_STYLE_COLOUR('',#17433);
#20133 = CURVE_STYLE('',#20134,POSITIVE_LENGTH_MEASURE(0.1),#17433);
#20134 = DRAUGHTING_PRE_DEFINED_CURVE_FONT('continuous');
#20135 = STYLED_ITEM('color',(#20136),#10913);
#20136 = PRESENTATION_STYLE_ASSIGNMENT((#20137,#20142));
#20137 = SURFACE_STYLE_USAGE(.BOTH.,#20138);
#20138 = SURFACE_SIDE_STYLE('',(#20139));
#20139 = SURFACE_STYLE_FILL_AREA(#20140);
#20140 = FILL_AREA_STYLE('',(#20141));
#20141 = FILL_AREA_STYLE_COLOUR('',#17433);
#20142 = CURVE_STYLE('',#20143,POSITIVE_LENGTH_MEASURE(0.1),#17433);
#20143 = DRAUGHTING_PRE_DEFINED_CURVE_FONT('continuous');
#20144 = STYLED_ITEM('color',(#20145),#10930);
#20145 = PRESENTATION_STYLE_ASSIGNMENT((#20146,#20151));
#20146 = SURFACE_STYLE_USAGE(.BOTH.,#20147);
#20147 = SURFACE_SIDE_STYLE('',(#20148));
#20148 = SURFACE_STYLE_FILL_AREA(#20149);
#20149 = FILL_AREA_STYLE('',(#20150));
#20150 = FILL_AREA_STYLE_COLOUR('',#17433);
#20151 = CURVE_STYLE('',#20152,POSITIVE_LENGTH_MEASURE(0.1),#17433);
#20152 = DRAUGHTING_PRE_DEFINED_CURVE_FONT('continuous');
#20153 = STYLED_ITEM('color',(#20154),#10942);
#20154 = PRESENTATION_STYLE_ASSIGNMENT((#20155,#20160));
#20155 = SURFACE_STYLE_USAGE(.BOTH.,#20156);
#20156 = SURFACE_SIDE_STYLE('',(#20157));
#20157 = SURFACE_STYLE_FILL_AREA(#20158);
#20158 = FILL_AREA_STYLE('',(#20159));
#20159 = FILL_AREA_STYLE_COLOUR('',#17433);
#20160 = CURVE_STYLE('',#20161,POSITIVE_LENGTH_MEASURE(0.1),#17433);
#20161 = DRAUGHTING_PRE_DEFINED_CURVE_FONT('continuous');
#20162 = STYLED_ITEM('color',(#20163),#10959);
#20163 = PRESENTATION_STYLE_ASSIGNMENT((#20164,#20169));
#20164 = SURFACE_STYLE_USAGE(.BOTH.,#20165);
#20165 = SURFACE_SIDE_STYLE('',(#20166));
#20166 = SURFACE_STYLE_FILL_AREA(#20167);
#20167 = FILL_AREA_STYLE('',(#20168));
#20168 = FILL_AREA_STYLE_COLOUR('',#17433);
#20169 = CURVE_STYLE('',#20170,POSITIVE_LENGTH_MEASURE(0.1),#17433);
#20170 = DRAUGHTING_PRE_DEFINED_CURVE_FONT('continuous');
#20171 = STYLED_ITEM('color',(#20172),#10976);
#20172 = PRESENTATION_STYLE_ASSIGNMENT((#20173,#20178));
#20173 = SURFACE_STYLE_USAGE(.BOTH.,#20174);
#20174 = SURFACE_SIDE_STYLE('',(#20175));
#20175 = SURFACE_STYLE_FILL_AREA(#20176);
#20176 = FILL_AREA_STYLE('',(#20177));
#20177 = FILL_AREA_STYLE_COLOUR('',#17433);
#20178 = CURVE_STYLE('',#20179,POSITIVE_LENGTH_MEASURE(0.1),#17433);
#20179 = DRAUGHTING_PRE_DEFINED_CURVE_FONT('continuous');
#20180 = STYLED_ITEM('color',(#20181),#10993);
#20181 = PRESENTATION_STYLE_ASSIGNMENT((#20182,#20187));
#20182 = SURFACE_STYLE_USAGE(.BOTH.,#20183);
#20183 = SURFACE_SIDE_STYLE('',(#20184));
#20184 = SURFACE_STYLE_FILL_AREA(#20185);
#20185 = FILL_AREA_STYLE('',(#20186));
#20186 = FILL_AREA_STYLE_COLOUR('',#17433);
#20187 = CURVE_STYLE('',#20188,POSITIVE_LENGTH_MEASURE(0.1),#17433);
#20188 = DRAUGHTING_PRE_DEFINED_CURVE_FONT('continuous');
#20189 = STYLED_ITEM('color',(#20190),#11010);
#20190 = PRESENTATION_STYLE_ASSIGNMENT((#20191,#20196));
#20191 = SURFACE_STYLE_USAGE(.BOTH.,#20192);
#20192 = SURFACE_SIDE_STYLE('',(#20193));
#20193 = SURFACE_STYLE_FILL_AREA(#20194);
#20194 = FILL_AREA_STYLE('',(#20195));
#20195 = FILL_AREA_STYLE_COLOUR('',#17433);
#20196 = CURVE_STYLE('',#20197,POSITIVE_LENGTH_MEASURE(0.1),#17433);
#20197 = DRAUGHTING_PRE_DEFINED_CURVE_FONT('continuous');
#20198 = STYLED_ITEM('color',(#20199),#11027);
#20199 = PRESENTATION_STYLE_ASSIGNMENT((#20200,#20205));
#20200 = SURFACE_STYLE_USAGE(.BOTH.,#20201);
#20201 = SURFACE_SIDE_STYLE('',(#20202));
#20202 = SURFACE_STYLE_FILL_AREA(#20203);
#20203 = FILL_AREA_STYLE('',(#20204));
#20204 = FILL_AREA_STYLE_COLOUR('',#17433);
#20205 = CURVE_STYLE('',#20206,POSITIVE_LENGTH_MEASURE(0.1),#17433);
#20206 = DRAUGHTING_PRE_DEFINED_CURVE_FONT('continuous');
#20207 = STYLED_ITEM('color',(#20208),#11044);
#20208 = PRESENTATION_STYLE_ASSIGNMENT((#20209,#20214));
#20209 = SURFACE_STYLE_USAGE(.BOTH.,#20210);
#20210 = SURFACE_SIDE_STYLE('',(#20211));
#20211 = SURFACE_STYLE_FILL_AREA(#20212);
#20212 = FILL_AREA_STYLE('',(#20213));
#20213 = FILL_AREA_STYLE_COLOUR('',#17433);
#20214 = CURVE_STYLE('',#20215,POSITIVE_LENGTH_MEASURE(0.1),#17433);
#20215 = DRAUGHTING_PRE_DEFINED_CURVE_FONT('continuous');
#20216 = STYLED_ITEM('color',(#20217),#11061);
#20217 = PRESENTATION_STYLE_ASSIGNMENT((#20218,#20223));
#20218 = SURFACE_STYLE_USAGE(.BOTH.,#20219);
#20219 = SURFACE_SIDE_STYLE('',(#20220));
#20220 = SURFACE_STYLE_FILL_AREA(#20221);
#20221 = FILL_AREA_STYLE('',(#20222));
#20222 = FILL_AREA_STYLE_COLOUR('',#17433);
#20223 = CURVE_STYLE('',#20224,POSITIVE_LENGTH_MEASURE(0.1),#17433);
#20224 = DRAUGHTING_PRE_DEFINED_CURVE_FONT('continuous');
#20225 = STYLED_ITEM('color',(#20226),#11073);
#20226 = PRESENTATION_STYLE_ASSIGNMENT((#20227,#20232));
#20227 = SURFACE_STYLE_USAGE(.BOTH.,#20228);
#20228 = SURFACE_SIDE_STYLE('',(#20229));
#20229 = SURFACE_STYLE_FILL_AREA(#20230);
#20230 = FILL_AREA_STYLE('',(#20231));
#20231 = FILL_AREA_STYLE_COLOUR('',#17433);
#20232 = CURVE_STYLE('',#20233,POSITIVE_LENGTH_MEASURE(0.1),#17433);
#20233 = DRAUGHTING_PRE_DEFINED_CURVE_FONT('continuous');
#20234 = STYLED_ITEM('color',(#20235),#11090);
#20235 = PRESENTATION_STYLE_ASSIGNMENT((#20236,#20241));
#20236 = SURFACE_STYLE_USAGE(.BOTH.,#20237);
#20237 = SURFACE_SIDE_STYLE('',(#20238));
#20238 = SURFACE_STYLE_FILL_AREA(#20239);
#20239 = FILL_AREA_STYLE('',(#20240));
#20240 = FILL_AREA_STYLE_COLOUR('',#17433);
#20241 = CURVE_STYLE('',#20242,POSITIVE_LENGTH_MEASURE(0.1),#17433);
#20242 = DRAUGHTING_PRE_DEFINED_CURVE_FONT('continuous');
#20243 = STYLED_ITEM('color',(#20244),#11107);
#20244 = PRESENTATION_STYLE_ASSIGNMENT((#20245,#20250));
#20245 = SURFACE_STYLE_USAGE(.BOTH.,#20246);
#20246 = SURFACE_SIDE_STYLE('',(#20247));
#20247 = SURFACE_STYLE_FILL_AREA(#20248);
#20248 = FILL_AREA_STYLE('',(#20249));
#20249 = FILL_AREA_STYLE_COLOUR('',#17433);
#20250 = CURVE_STYLE('',#20251,POSITIVE_LENGTH_MEASURE(0.1),#17433);
#20251 = DRAUGHTING_PRE_DEFINED_CURVE_FONT('continuous');
#20252 = STYLED_ITEM('color',(#20253),#11124);
#20253 = PRESENTATION_STYLE_ASSIGNMENT((#20254,#20259));
#20254 = SURFACE_STYLE_USAGE(.BOTH.,#20255);
#20255 = SURFACE_SIDE_STYLE('',(#20256));
#20256 = SURFACE_STYLE_FILL_AREA(#20257);
#20257 = FILL_AREA_STYLE('',(#20258));
#20258 = FILL_AREA_STYLE_COLOUR('',#17433);
#20259 = CURVE_STYLE('',#20260,POSITIVE_LENGTH_MEASURE(0.1),#17433);
#20260 = DRAUGHTING_PRE_DEFINED_CURVE_FONT('continuous');
#20261 = STYLED_ITEM('color',(#20262),#11141);
#20262 = PRESENTATION_STYLE_ASSIGNMENT((#20263,#20268));
#20263 = SURFACE_STYLE_USAGE(.BOTH.,#20264);
#20264 = SURFACE_SIDE_STYLE('',(#20265));
#20265 = SURFACE_STYLE_FILL_AREA(#20266);
#20266 = FILL_AREA_STYLE('',(#20267));
#20267 = FILL_AREA_STYLE_COLOUR('',#17433);
#20268 = CURVE_STYLE('',#20269,POSITIVE_LENGTH_MEASURE(0.1),#17433);
#20269 = DRAUGHTING_PRE_DEFINED_CURVE_FONT('continuous');
#20270 = STYLED_ITEM('color',(#20271),#11158);
#20271 = PRESENTATION_STYLE_ASSIGNMENT((#20272,#20277));
#20272 = SURFACE_STYLE_USAGE(.BOTH.,#20273);
#20273 = SURFACE_SIDE_STYLE('',(#20274));
#20274 = SURFACE_STYLE_FILL_AREA(#20275);
#20275 = FILL_AREA_STYLE('',(#20276));
#20276 = FILL_AREA_STYLE_COLOUR('',#17433);
#20277 = CURVE_STYLE('',#20278,POSITIVE_LENGTH_MEASURE(0.1),#17433);
#20278 = DRAUGHTING_PRE_DEFINED_CURVE_FONT('continuous');
#20279 = STYLED_ITEM('color',(#20280),#11175);
#20280 = PRESENTATION_STYLE_ASSIGNMENT((#20281,#20286));
#20281 = SURFACE_STYLE_USAGE(.BOTH.,#20282);
#20282 = SURFACE_SIDE_STYLE('',(#20283));
#20283 = SURFACE_STYLE_FILL_AREA(#20284);
#20284 = FILL_AREA_STYLE('',(#20285));
#20285 = FILL_AREA_STYLE_COLOUR('',#17433);
#20286 = CURVE_STYLE('',#20287,POSITIVE_LENGTH_MEASURE(0.1),#17433);
#20287 = DRAUGHTING_PRE_DEFINED_CURVE_FONT('continuous');
#20288 = STYLED_ITEM('color',(#20289),#11192);
#20289 = PRESENTATION_STYLE_ASSIGNMENT((#20290,#20295));
#20290 = SURFACE_STYLE_USAGE(.BOTH.,#20291);
#20291 = SURFACE_SIDE_STYLE('',(#20292));
#20292 = SURFACE_STYLE_FILL_AREA(#20293);
#20293 = FILL_AREA_STYLE('',(#20294));
#20294 = FILL_AREA_STYLE_COLOUR('',#17433);
#20295 = CURVE_STYLE('',#20296,POSITIVE_LENGTH_MEASURE(0.1),#17433);
#20296 = DRAUGHTING_PRE_DEFINED_CURVE_FONT('continuous');
#20297 = STYLED_ITEM('color',(#20298),#11204);
#20298 = PRESENTATION_STYLE_ASSIGNMENT((#20299,#20304));
#20299 = SURFACE_STYLE_USAGE(.BOTH.,#20300);
#20300 = SURFACE_SIDE_STYLE('',(#20301));
#20301 = SURFACE_STYLE_FILL_AREA(#20302);
#20302 = FILL_AREA_STYLE('',(#20303));
#20303 = FILL_AREA_STYLE_COLOUR('',#17433);
#20304 = CURVE_STYLE('',#20305,POSITIVE_LENGTH_MEASURE(0.1),#17433);
#20305 = DRAUGHTING_PRE_DEFINED_CURVE_FONT('continuous');
#20306 = STYLED_ITEM('color',(#20307),#11221);
#20307 = PRESENTATION_STYLE_ASSIGNMENT((#20308,#20313));
#20308 = SURFACE_STYLE_USAGE(.BOTH.,#20309);
#20309 = SURFACE_SIDE_STYLE('',(#20310));
#20310 = SURFACE_STYLE_FILL_AREA(#20311);
#20311 = FILL_AREA_STYLE('',(#20312));
#20312 = FILL_AREA_STYLE_COLOUR('',#17433);
#20313 = CURVE_STYLE('',#20314,POSITIVE_LENGTH_MEASURE(0.1),#17433);
#20314 = DRAUGHTING_PRE_DEFINED_CURVE_FONT('continuous');
#20315 = STYLED_ITEM('color',(#20316),#11238);
#20316 = PRESENTATION_STYLE_ASSIGNMENT((#20317,#20322));
#20317 = SURFACE_STYLE_USAGE(.BOTH.,#20318);
#20318 = SURFACE_SIDE_STYLE('',(#20319));
#20319 = SURFACE_STYLE_FILL_AREA(#20320);
#20320 = FILL_AREA_STYLE('',(#20321));
#20321 = FILL_AREA_STYLE_COLOUR('',#17433);
#20322 = CURVE_STYLE('',#20323,POSITIVE_LENGTH_MEASURE(0.1),#17433);
#20323 = DRAUGHTING_PRE_DEFINED_CURVE_FONT('continuous');
#20324 = STYLED_ITEM('color',(#20325),#11255);
#20325 = PRESENTATION_STYLE_ASSIGNMENT((#20326,#20331));
#20326 = SURFACE_STYLE_USAGE(.BOTH.,#20327);
#20327 = SURFACE_SIDE_STYLE('',(#20328));
#20328 = SURFACE_STYLE_FILL_AREA(#20329);
#20329 = FILL_AREA_STYLE('',(#20330));
#20330 = FILL_AREA_STYLE_COLOUR('',#17433);
#20331 = CURVE_STYLE('',#20332,POSITIVE_LENGTH_MEASURE(0.1),#17433);
#20332 = DRAUGHTING_PRE_DEFINED_CURVE_FONT('continuous');
#20333 = STYLED_ITEM('color',(#20334),#11272);
#20334 = PRESENTATION_STYLE_ASSIGNMENT((#20335,#20340));
#20335 = SURFACE_STYLE_USAGE(.BOTH.,#20336);
#20336 = SURFACE_SIDE_STYLE('',(#20337));
#20337 = SURFACE_STYLE_FILL_AREA(#20338);
#20338 = FILL_AREA_STYLE('',(#20339));
#20339 = FILL_AREA_STYLE_COLOUR('',#17433);
#20340 = CURVE_STYLE('',#20341,POSITIVE_LENGTH_MEASURE(0.1),#17433);
#20341 = DRAUGHTING_PRE_DEFINED_CURVE_FONT('continuous');
#20342 = STYLED_ITEM('color',(#20343),#11289);
#20343 = PRESENTATION_STYLE_ASSIGNMENT((#20344,#20349));
#20344 = SURFACE_STYLE_USAGE(.BOTH.,#20345);
#20345 = SURFACE_SIDE_STYLE('',(#20346));
#20346 = SURFACE_STYLE_FILL_AREA(#20347);
#20347 = FILL_AREA_STYLE('',(#20348));
#20348 = FILL_AREA_STYLE_COLOUR('',#17433);
#20349 = CURVE_STYLE('',#20350,POSITIVE_LENGTH_MEASURE(0.1),#17433);
#20350 = DRAUGHTING_PRE_DEFINED_CURVE_FONT('continuous');
#20351 = STYLED_ITEM('color',(#20352),#11306);
#20352 = PRESENTATION_STYLE_ASSIGNMENT((#20353,#20358));
#20353 = SURFACE_STYLE_USAGE(.BOTH.,#20354);
#20354 = SURFACE_SIDE_STYLE('',(#20355));
#20355 = SURFACE_STYLE_FILL_AREA(#20356);
#20356 = FILL_AREA_STYLE('',(#20357));
#20357 = FILL_AREA_STYLE_COLOUR('',#17433);
#20358 = CURVE_STYLE('',#20359,POSITIVE_LENGTH_MEASURE(0.1),#17433);
#20359 = DRAUGHTING_PRE_DEFINED_CURVE_FONT('continuous');
#20360 = STYLED_ITEM('color',(#20361),#11323);
#20361 = PRESENTATION_STYLE_ASSIGNMENT((#20362,#20367));
#20362 = SURFACE_STYLE_USAGE(.BOTH.,#20363);
#20363 = SURFACE_SIDE_STYLE('',(#20364));
#20364 = SURFACE_STYLE_FILL_AREA(#20365);
#20365 = FILL_AREA_STYLE('',(#20366));
#20366 = FILL_AREA_STYLE_COLOUR('',#17433);
#20367 = CURVE_STYLE('',#20368,POSITIVE_LENGTH_MEASURE(0.1),#17433);
#20368 = DRAUGHTING_PRE_DEFINED_CURVE_FONT('continuous');
#20369 = STYLED_ITEM('color',(#20370),#11335);
#20370 = PRESENTATION_STYLE_ASSIGNMENT((#20371,#20376));
#20371 = SURFACE_STYLE_USAGE(.BOTH.,#20372);
#20372 = SURFACE_SIDE_STYLE('',(#20373));
#20373 = SURFACE_STYLE_FILL_AREA(#20374);
#20374 = FILL_AREA_STYLE('',(#20375));
#20375 = FILL_AREA_STYLE_COLOUR('',#17433);
#20376 = CURVE_STYLE('',#20377,POSITIVE_LENGTH_MEASURE(0.1),#17433);
#20377 = DRAUGHTING_PRE_DEFINED_CURVE_FONT('continuous');
#20378 = STYLED_ITEM('color',(#20379),#11352);
#20379 = PRESENTATION_STYLE_ASSIGNMENT((#20380,#20385));
#20380 = SURFACE_STYLE_USAGE(.BOTH.,#20381);
#20381 = SURFACE_SIDE_STYLE('',(#20382));
#20382 = SURFACE_STYLE_FILL_AREA(#20383);
#20383 = FILL_AREA_STYLE('',(#20384));
#20384 = FILL_AREA_STYLE_COLOUR('',#17433);
#20385 = CURVE_STYLE('',#20386,POSITIVE_LENGTH_MEASURE(0.1),#17433);
#20386 = DRAUGHTING_PRE_DEFINED_CURVE_FONT('continuous');
#20387 = STYLED_ITEM('color',(#20388),#11369);
#20388 = PRESENTATION_STYLE_ASSIGNMENT((#20389,#20394));
#20389 = SURFACE_STYLE_USAGE(.BOTH.,#20390);
#20390 = SURFACE_SIDE_STYLE('',(#20391));
#20391 = SURFACE_STYLE_FILL_AREA(#20392);
#20392 = FILL_AREA_STYLE('',(#20393));
#20393 = FILL_AREA_STYLE_COLOUR('',#17433);
#20394 = CURVE_STYLE('',#20395,POSITIVE_LENGTH_MEASURE(0.1),#17433);
#20395 = DRAUGHTING_PRE_DEFINED_CURVE_FONT('continuous');
#20396 = STYLED_ITEM('color',(#20397),#11386);
#20397 = PRESENTATION_STYLE_ASSIGNMENT((#20398,#20403));
#20398 = SURFACE_STYLE_USAGE(.BOTH.,#20399);
#20399 = SURFACE_SIDE_STYLE('',(#20400));
#20400 = SURFACE_STYLE_FILL_AREA(#20401);
#20401 = FILL_AREA_STYLE('',(#20402));
#20402 = FILL_AREA_STYLE_COLOUR('',#17433);
#20403 = CURVE_STYLE('',#20404,POSITIVE_LENGTH_MEASURE(0.1),#17433);
#20404 = DRAUGHTING_PRE_DEFINED_CURVE_FONT('continuous');
#20405 = STYLED_ITEM('color',(#20406),#11403);
#20406 = PRESENTATION_STYLE_ASSIGNMENT((#20407,#20412));
#20407 = SURFACE_STYLE_USAGE(.BOTH.,#20408);
#20408 = SURFACE_SIDE_STYLE('',(#20409));
#20409 = SURFACE_STYLE_FILL_AREA(#20410);
#20410 = FILL_AREA_STYLE('',(#20411));
#20411 = FILL_AREA_STYLE_COLOUR('',#17433);
#20412 = CURVE_STYLE('',#20413,POSITIVE_LENGTH_MEASURE(0.1),#17433);
#20413 = DRAUGHTING_PRE_DEFINED_CURVE_FONT('continuous');
#20414 = STYLED_ITEM('color',(#20415),#11420);
#20415 = PRESENTATION_STYLE_ASSIGNMENT((#20416,#20421));
#20416 = SURFACE_STYLE_USAGE(.BOTH.,#20417);
#20417 = SURFACE_SIDE_STYLE('',(#20418));
#20418 = SURFACE_STYLE_FILL_AREA(#20419);
#20419 = FILL_AREA_STYLE('',(#20420));
#20420 = FILL_AREA_STYLE_COLOUR('',#17433);
#20421 = CURVE_STYLE('',#20422,POSITIVE_LENGTH_MEASURE(0.1),#17433);
#20422 = DRAUGHTING_PRE_DEFINED_CURVE_FONT('continuous');
#20423 = STYLED_ITEM('color',(#20424),#11437);
#20424 = PRESENTATION_STYLE_ASSIGNMENT((#20425,#20430));
#20425 = SURFACE_STYLE_USAGE(.BOTH.,#20426);
#20426 = SURFACE_SIDE_STYLE('',(#20427));
#20427 = SURFACE_STYLE_FILL_AREA(#20428);
#20428 = FILL_AREA_STYLE('',(#20429));
#20429 = FILL_AREA_STYLE_COLOUR('',#17433);
#20430 = CURVE_STYLE('',#20431,POSITIVE_LENGTH_MEASURE(0.1),#17433);
#20431 = DRAUGHTING_PRE_DEFINED_CURVE_FONT('continuous');
#20432 = STYLED_ITEM('color',(#20433),#11454);
#20433 = PRESENTATION_STYLE_ASSIGNMENT((#20434,#20439));
#20434 = SURFACE_STYLE_USAGE(.BOTH.,#20435);
#20435 = SURFACE_SIDE_STYLE('',(#20436));
#20436 = SURFACE_STYLE_FILL_AREA(#20437);
#20437 = FILL_AREA_STYLE('',(#20438));
#20438 = FILL_AREA_STYLE_COLOUR('',#17433);
#20439 = CURVE_STYLE('',#20440,POSITIVE_LENGTH_MEASURE(0.1),#17433);
#20440 = DRAUGHTING_PRE_DEFINED_CURVE_FONT('continuous');
#20441 = STYLED_ITEM('color',(#20442),#11466);
#20442 = PRESENTATION_STYLE_ASSIGNMENT((#20443,#20448));
#20443 = SURFACE_STYLE_USAGE(.BOTH.,#20444);
#20444 = SURFACE_SIDE_STYLE('',(#20445));
#20445 = SURFACE_STYLE_FILL_AREA(#20446);
#20446 = FILL_AREA_STYLE('',(#20447));
#20447 = FILL_AREA_STYLE_COLOUR('',#17433);
#20448 = CURVE_STYLE('',#20449,POSITIVE_LENGTH_MEASURE(0.1),#17433);
#20449 = DRAUGHTING_PRE_DEFINED_CURVE_FONT('continuous');
#20450 = STYLED_ITEM('color',(#20451),#11483);
#20451 = PRESENTATION_STYLE_ASSIGNMENT((#20452,#20457));
#20452 = SURFACE_STYLE_USAGE(.BOTH.,#20453);
#20453 = SURFACE_SIDE_STYLE('',(#20454));
#20454 = SURFACE_STYLE_FILL_AREA(#20455);
#20455 = FILL_AREA_STYLE('',(#20456));
#20456 = FILL_AREA_STYLE_COLOUR('',#17433);
#20457 = CURVE_STYLE('',#20458,POSITIVE_LENGTH_MEASURE(0.1),#17433);
#20458 = DRAUGHTING_PRE_DEFINED_CURVE_FONT('continuous');
#20459 = STYLED_ITEM('color',(#20460),#11500);
#20460 = PRESENTATION_STYLE_ASSIGNMENT((#20461,#20466));
#20461 = SURFACE_STYLE_USAGE(.BOTH.,#20462);
#20462 = SURFACE_SIDE_STYLE('',(#20463));
#20463 = SURFACE_STYLE_FILL_AREA(#20464);
#20464 = FILL_AREA_STYLE('',(#20465));
#20465 = FILL_AREA_STYLE_COLOUR('',#17433);
#20466 = CURVE_STYLE('',#20467,POSITIVE_LENGTH_MEASURE(0.1),#17433);
#20467 = DRAUGHTING_PRE_DEFINED_CURVE_FONT('continuous');
#20468 = STYLED_ITEM('color',(#20469),#11517);
#20469 = PRESENTATION_STYLE_ASSIGNMENT((#20470,#20475));
#20470 = SURFACE_STYLE_USAGE(.BOTH.,#20471);
#20471 = SURFACE_SIDE_STYLE('',(#20472));
#20472 = SURFACE_STYLE_FILL_AREA(#20473);
#20473 = FILL_AREA_STYLE('',(#20474));
#20474 = FILL_AREA_STYLE_COLOUR('',#17433);
#20475 = CURVE_STYLE('',#20476,POSITIVE_LENGTH_MEASURE(0.1),#17433);
#20476 = DRAUGHTING_PRE_DEFINED_CURVE_FONT('continuous');
#20477 = STYLED_ITEM('color',(#20478),#11534);
#20478 = PRESENTATION_STYLE_ASSIGNMENT((#20479,#20484));
#20479 = SURFACE_STYLE_USAGE(.BOTH.,#20480);
#20480 = SURFACE_SIDE_STYLE('',(#20481));
#20481 = SURFACE_STYLE_FILL_AREA(#20482);
#20482 = FILL_AREA_STYLE('',(#20483));
#20483 = FILL_AREA_STYLE_COLOUR('',#17433);
#20484 = CURVE_STYLE('',#20485,POSITIVE_LENGTH_MEASURE(0.1),#17433);
#20485 = DRAUGHTING_PRE_DEFINED_CURVE_FONT('continuous');
#20486 = STYLED_ITEM('color',(#20487),#11551);
#20487 = PRESENTATION_STYLE_ASSIGNMENT((#20488,#20493));
#20488 = SURFACE_STYLE_USAGE(.BOTH.,#20489);
#20489 = SURFACE_SIDE_STYLE('',(#20490));
#20490 = SURFACE_STYLE_FILL_AREA(#20491);
#20491 = FILL_AREA_STYLE('',(#20492));
#20492 = FILL_AREA_STYLE_COLOUR('',#17433);
#20493 = CURVE_STYLE('',#20494,POSITIVE_LENGTH_MEASURE(0.1),#17433);
#20494 = DRAUGHTING_PRE_DEFINED_CURVE_FONT('continuous');
#20495 = STYLED_ITEM('color',(#20496),#11568);
#20496 = PRESENTATION_STYLE_ASSIGNMENT((#20497,#20502));
#20497 = SURFACE_STYLE_USAGE(.BOTH.,#20498);
#20498 = SURFACE_SIDE_STYLE('',(#20499));
#20499 = SURFACE_STYLE_FILL_AREA(#20500);
#20500 = FILL_AREA_STYLE('',(#20501));
#20501 = FILL_AREA_STYLE_COLOUR('',#17433);
#20502 = CURVE_STYLE('',#20503,POSITIVE_LENGTH_MEASURE(0.1),#17433);
#20503 = DRAUGHTING_PRE_DEFINED_CURVE_FONT('continuous');
#20504 = STYLED_ITEM('color',(#20505),#11585);
#20505 = PRESENTATION_STYLE_ASSIGNMENT((#20506,#20511));
#20506 = SURFACE_STYLE_USAGE(.BOTH.,#20507);
#20507 = SURFACE_SIDE_STYLE('',(#20508));
#20508 = SURFACE_STYLE_FILL_AREA(#20509);
#20509 = FILL_AREA_STYLE('',(#20510));
#20510 = FILL_AREA_STYLE_COLOUR('',#17433);
#20511 = CURVE_STYLE('',#20512,POSITIVE_LENGTH_MEASURE(0.1),#17433);
#20512 = DRAUGHTING_PRE_DEFINED_CURVE_FONT('continuous');
#20513 = STYLED_ITEM('color',(#20514),#11597);
#20514 = PRESENTATION_STYLE_ASSIGNMENT((#20515,#20520));
#20515 = SURFACE_STYLE_USAGE(.BOTH.,#20516);
#20516 = SURFACE_SIDE_STYLE('',(#20517));
#20517 = SURFACE_STYLE_FILL_AREA(#20518);
#20518 = FILL_AREA_STYLE('',(#20519));
#20519 = FILL_AREA_STYLE_COLOUR('',#17433);
#20520 = CURVE_STYLE('',#20521,POSITIVE_LENGTH_MEASURE(0.1),#17433);
#20521 = DRAUGHTING_PRE_DEFINED_CURVE_FONT('continuous');
#20522 = STYLED_ITEM('color',(#20523),#11614);
#20523 = PRESENTATION_STYLE_ASSIGNMENT((#20524,#20529));
#20524 = SURFACE_STYLE_USAGE(.BOTH.,#20525);
#20525 = SURFACE_SIDE_STYLE('',(#20526));
#20526 = SURFACE_STYLE_FILL_AREA(#20527);
#20527 = FILL_AREA_STYLE('',(#20528));
#20528 = FILL_AREA_STYLE_COLOUR('',#17433);
#20529 = CURVE_STYLE('',#20530,POSITIVE_LENGTH_MEASURE(0.1),#17433);
#20530 = DRAUGHTING_PRE_DEFINED_CURVE_FONT('continuous');
#20531 = STYLED_ITEM('color',(#20532),#11631);
#20532 = PRESENTATION_STYLE_ASSIGNMENT((#20533,#20538));
#20533 = SURFACE_STYLE_USAGE(.BOTH.,#20534);
#20534 = SURFACE_SIDE_STYLE('',(#20535));
#20535 = SURFACE_STYLE_FILL_AREA(#20536);
#20536 = FILL_AREA_STYLE('',(#20537));
#20537 = FILL_AREA_STYLE_COLOUR('',#17433);
#20538 = CURVE_STYLE('',#20539,POSITIVE_LENGTH_MEASURE(0.1),#17433);
#20539 = DRAUGHTING_PRE_DEFINED_CURVE_FONT('continuous');
#20540 = STYLED_ITEM('color',(#20541),#11648);
#20541 = PRESENTATION_STYLE_ASSIGNMENT((#20542,#20547));
#20542 = SURFACE_STYLE_USAGE(.BOTH.,#20543);
#20543 = SURFACE_SIDE_STYLE('',(#20544));
#20544 = SURFACE_STYLE_FILL_AREA(#20545);
#20545 = FILL_AREA_STYLE('',(#20546));
#20546 = FILL_AREA_STYLE_COLOUR('',#17433);
#20547 = CURVE_STYLE('',#20548,POSITIVE_LENGTH_MEASURE(0.1),#17433);
#20548 = DRAUGHTING_PRE_DEFINED_CURVE_FONT('continuous');
#20549 = STYLED_ITEM('color',(#20550),#11665);
#20550 = PRESENTATION_STYLE_ASSIGNMENT((#20551,#20556));
#20551 = SURFACE_STYLE_USAGE(.BOTH.,#20552);
#20552 = SURFACE_SIDE_STYLE('',(#20553));
#20553 = SURFACE_STYLE_FILL_AREA(#20554);
#20554 = FILL_AREA_STYLE('',(#20555));
#20555 = FILL_AREA_STYLE_COLOUR('',#17433);
#20556 = CURVE_STYLE('',#20557,POSITIVE_LENGTH_MEASURE(0.1),#17433);
#20557 = DRAUGHTING_PRE_DEFINED_CURVE_FONT('continuous');
#20558 = STYLED_ITEM('color',(#20559),#11682);
#20559 = PRESENTATION_STYLE_ASSIGNMENT((#20560,#20565));
#20560 = SURFACE_STYLE_USAGE(.BOTH.,#20561);
#20561 = SURFACE_SIDE_STYLE('',(#20562));
#20562 = SURFACE_STYLE_FILL_AREA(#20563);
#20563 = FILL_AREA_STYLE('',(#20564));
#20564 = FILL_AREA_STYLE_COLOUR('',#17433);
#20565 = CURVE_STYLE('',#20566,POSITIVE_LENGTH_MEASURE(0.1),#17433);
#20566 = DRAUGHTING_PRE_DEFINED_CURVE_FONT('continuous');
#20567 = STYLED_ITEM('color',(#20568),#11699);
#20568 = PRESENTATION_STYLE_ASSIGNMENT((#20569,#20574));
#20569 = SURFACE_STYLE_USAGE(.BOTH.,#20570);
#20570 = SURFACE_SIDE_STYLE('',(#20571));
#20571 = SURFACE_STYLE_FILL_AREA(#20572);
#20572 = FILL_AREA_STYLE('',(#20573));
#20573 = FILL_AREA_STYLE_COLOUR('',#17433);
#20574 = CURVE_STYLE('',#20575,POSITIVE_LENGTH_MEASURE(0.1),#17433);
#20575 = DRAUGHTING_PRE_DEFINED_CURVE_FONT('continuous');
#20576 = STYLED_ITEM('color',(#20577),#11716);
#20577 = PRESENTATION_STYLE_ASSIGNMENT((#20578,#20583));
#20578 = SURFACE_STYLE_USAGE(.BOTH.,#20579);
#20579 = SURFACE_SIDE_STYLE('',(#20580));
#20580 = SURFACE_STYLE_FILL_AREA(#20581);
#20581 = FILL_AREA_STYLE('',(#20582));
#20582 = FILL_AREA_STYLE_COLOUR('',#17433);
#20583 = CURVE_STYLE('',#20584,POSITIVE_LENGTH_MEASURE(0.1),#17433);
#20584 = DRAUGHTING_PRE_DEFINED_CURVE_FONT('continuous');
#20585 = STYLED_ITEM('color',(#20586),#11728);
#20586 = PRESENTATION_STYLE_ASSIGNMENT((#20587,#20592));
#20587 = SURFACE_STYLE_USAGE(.BOTH.,#20588);
#20588 = SURFACE_SIDE_STYLE('',(#20589));
#20589 = SURFACE_STYLE_FILL_AREA(#20590);
#20590 = FILL_AREA_STYLE('',(#20591));
#20591 = FILL_AREA_STYLE_COLOUR('',#17433);
#20592 = CURVE_STYLE('',#20593,POSITIVE_LENGTH_MEASURE(0.1),#17433);
#20593 = DRAUGHTING_PRE_DEFINED_CURVE_FONT('continuous');
#20594 = STYLED_ITEM('color',(#20595),#11745);
#20595 = PRESENTATION_STYLE_ASSIGNMENT((#20596,#20601));
#20596 = SURFACE_STYLE_USAGE(.BOTH.,#20597);
#20597 = SURFACE_SIDE_STYLE('',(#20598));
#20598 = SURFACE_STYLE_FILL_AREA(#20599);
#20599 = FILL_AREA_STYLE('',(#20600));
#20600 = FILL_AREA_STYLE_COLOUR('',#17433);
#20601 = CURVE_STYLE('',#20602,POSITIVE_LENGTH_MEASURE(0.1),#17433);
#20602 = DRAUGHTING_PRE_DEFINED_CURVE_FONT('continuous');
#20603 = STYLED_ITEM('color',(#20604),#11762);
#20604 = PRESENTATION_STYLE_ASSIGNMENT((#20605,#20610));
#20605 = SURFACE_STYLE_USAGE(.BOTH.,#20606);
#20606 = SURFACE_SIDE_STYLE('',(#20607));
#20607 = SURFACE_STYLE_FILL_AREA(#20608);
#20608 = FILL_AREA_STYLE('',(#20609));
#20609 = FILL_AREA_STYLE_COLOUR('',#17433);
#20610 = CURVE_STYLE('',#20611,POSITIVE_LENGTH_MEASURE(0.1),#17433);
#20611 = DRAUGHTING_PRE_DEFINED_CURVE_FONT('continuous');
#20612 = STYLED_ITEM('color',(#20613),#11779);
#20613 = PRESENTATION_STYLE_ASSIGNMENT((#20614,#20619));
#20614 = SURFACE_STYLE_USAGE(.BOTH.,#20615);
#20615 = SURFACE_SIDE_STYLE('',(#20616));
#20616 = SURFACE_STYLE_FILL_AREA(#20617);
#20617 = FILL_AREA_STYLE('',(#20618));
#20618 = FILL_AREA_STYLE_COLOUR('',#17433);
#20619 = CURVE_STYLE('',#20620,POSITIVE_LENGTH_MEASURE(0.1),#17433);
#20620 = DRAUGHTING_PRE_DEFINED_CURVE_FONT('continuous');
#20621 = STYLED_ITEM('color',(#20622),#11796);
#20622 = PRESENTATION_STYLE_ASSIGNMENT((#20623,#20628));
#20623 = SURFACE_STYLE_USAGE(.BOTH.,#20624);
#20624 = SURFACE_SIDE_STYLE('',(#20625));
#20625 = SURFACE_STYLE_FILL_AREA(#20626);
#20626 = FILL_AREA_STYLE('',(#20627));
#20627 = FILL_AREA_STYLE_COLOUR('',#17433);
#20628 = CURVE_STYLE('',#20629,POSITIVE_LENGTH_MEASURE(0.1),#17433);
#20629 = DRAUGHTING_PRE_DEFINED_CURVE_FONT('continuous');
#20630 = STYLED_ITEM('color',(#20631),#11813);
#20631 = PRESENTATION_STYLE_ASSIGNMENT((#20632,#20637));
#20632 = SURFACE_STYLE_USAGE(.BOTH.,#20633);
#20633 = SURFACE_SIDE_STYLE('',(#20634));
#20634 = SURFACE_STYLE_FILL_AREA(#20635);
#20635 = FILL_AREA_STYLE('',(#20636));
#20636 = FILL_AREA_STYLE_COLOUR('',#17433);
#20637 = CURVE_STYLE('',#20638,POSITIVE_LENGTH_MEASURE(0.1),#17433);
#20638 = DRAUGHTING_PRE_DEFINED_CURVE_FONT('continuous');
#20639 = STYLED_ITEM('color',(#20640),#11830);
#20640 = PRESENTATION_STYLE_ASSIGNMENT((#20641,#20646));
#20641 = SURFACE_STYLE_USAGE(.BOTH.,#20642);
#20642 = SURFACE_SIDE_STYLE('',(#20643));
#20643 = SURFACE_STYLE_FILL_AREA(#20644);
#20644 = FILL_AREA_STYLE('',(#20645));
#20645 = FILL_AREA_STYLE_COLOUR('',#17433);
#20646 = CURVE_STYLE('',#20647,POSITIVE_LENGTH_MEASURE(0.1),#17433);
#20647 = DRAUGHTING_PRE_DEFINED_CURVE_FONT('continuous');
#20648 = STYLED_ITEM('color',(#20649),#11847);
#20649 = PRESENTATION_STYLE_ASSIGNMENT((#20650,#20655));
#20650 = SURFACE_STYLE_USAGE(.BOTH.,#20651);
#20651 = SURFACE_SIDE_STYLE('',(#20652));
#20652 = SURFACE_STYLE_FILL_AREA(#20653);
#20653 = FILL_AREA_STYLE('',(#20654));
#20654 = FILL_AREA_STYLE_COLOUR('',#17433);
#20655 = CURVE_STYLE('',#20656,POSITIVE_LENGTH_MEASURE(0.1),#17433);
#20656 = DRAUGHTING_PRE_DEFINED_CURVE_FONT('continuous');
#20657 = STYLED_ITEM('color',(#20658),#11859);
#20658 = PRESENTATION_STYLE_ASSIGNMENT((#20659,#20664));
#20659 = SURFACE_STYLE_USAGE(.BOTH.,#20660);
#20660 = SURFACE_SIDE_STYLE('',(#20661));
#20661 = SURFACE_STYLE_FILL_AREA(#20662);
#20662 = FILL_AREA_STYLE('',(#20663));
#20663 = FILL_AREA_STYLE_COLOUR('',#17433);
#20664 = CURVE_STYLE('',#20665,POSITIVE_LENGTH_MEASURE(0.1),#17433);
#20665 = DRAUGHTING_PRE_DEFINED_CURVE_FONT('continuous');
#20666 = STYLED_ITEM('color',(#20667),#11876);
#20667 = PRESENTATION_STYLE_ASSIGNMENT((#20668,#20673));
#20668 = SURFACE_STYLE_USAGE(.BOTH.,#20669);
#20669 = SURFACE_SIDE_STYLE('',(#20670));
#20670 = SURFACE_STYLE_FILL_AREA(#20671);
#20671 = FILL_AREA_STYLE('',(#20672));
#20672 = FILL_AREA_STYLE_COLOUR('',#17433);
#20673 = CURVE_STYLE('',#20674,POSITIVE_LENGTH_MEASURE(0.1),#17433);
#20674 = DRAUGHTING_PRE_DEFINED_CURVE_FONT('continuous');
#20675 = STYLED_ITEM('color',(#20676),#11893);
#20676 = PRESENTATION_STYLE_ASSIGNMENT((#20677,#20682));
#20677 = SURFACE_STYLE_USAGE(.BOTH.,#20678);
#20678 = SURFACE_SIDE_STYLE('',(#20679));
#20679 = SURFACE_STYLE_FILL_AREA(#20680);
#20680 = FILL_AREA_STYLE('',(#20681));
#20681 = FILL_AREA_STYLE_COLOUR('',#17433);
#20682 = CURVE_STYLE('',#20683,POSITIVE_LENGTH_MEASURE(0.1),#17433);
#20683 = DRAUGHTING_PRE_DEFINED_CURVE_FONT('continuous');
#20684 = STYLED_ITEM('color',(#20685),#11910);
#20685 = PRESENTATION_STYLE_ASSIGNMENT((#20686,#20691));
#20686 = SURFACE_STYLE_USAGE(.BOTH.,#20687);
#20687 = SURFACE_SIDE_STYLE('',(#20688));
#20688 = SURFACE_STYLE_FILL_AREA(#20689);
#20689 = FILL_AREA_STYLE('',(#20690));
#20690 = FILL_AREA_STYLE_COLOUR('',#17433);
#20691 = CURVE_STYLE('',#20692,POSITIVE_LENGTH_MEASURE(0.1),#17433);
#20692 = DRAUGHTING_PRE_DEFINED_CURVE_FONT('continuous');
#20693 = STYLED_ITEM('color',(#20694),#11927);
#20694 = PRESENTATION_STYLE_ASSIGNMENT((#20695,#20700));
#20695 = SURFACE_STYLE_USAGE(.BOTH.,#20696);
#20696 = SURFACE_SIDE_STYLE('',(#20697));
#20697 = SURFACE_STYLE_FILL_AREA(#20698);
#20698 = FILL_AREA_STYLE('',(#20699));
#20699 = FILL_AREA_STYLE_COLOUR('',#17433);
#20700 = CURVE_STYLE('',#20701,POSITIVE_LENGTH_MEASURE(0.1),#17433);
#20701 = DRAUGHTING_PRE_DEFINED_CURVE_FONT('continuous');
#20702 = STYLED_ITEM('color',(#20703),#11944);
#20703 = PRESENTATION_STYLE_ASSIGNMENT((#20704,#20709));
#20704 = SURFACE_STYLE_USAGE(.BOTH.,#20705);
#20705 = SURFACE_SIDE_STYLE('',(#20706));
#20706 = SURFACE_STYLE_FILL_AREA(#20707);
#20707 = FILL_AREA_STYLE('',(#20708));
#20708 = FILL_AREA_STYLE_COLOUR('',#17433);
#20709 = CURVE_STYLE('',#20710,POSITIVE_LENGTH_MEASURE(0.1),#17433);
#20710 = DRAUGHTING_PRE_DEFINED_CURVE_FONT('continuous');
#20711 = STYLED_ITEM('color',(#20712),#11961);
#20712 = PRESENTATION_STYLE_ASSIGNMENT((#20713,#20718));
#20713 = SURFACE_STYLE_USAGE(.BOTH.,#20714);
#20714 = SURFACE_SIDE_STYLE('',(#20715));
#20715 = SURFACE_STYLE_FILL_AREA(#20716);
#20716 = FILL_AREA_STYLE('',(#20717));
#20717 = FILL_AREA_STYLE_COLOUR('',#17433);
#20718 = CURVE_STYLE('',#20719,POSITIVE_LENGTH_MEASURE(0.1),#17433);
#20719 = DRAUGHTING_PRE_DEFINED_CURVE_FONT('continuous');
#20720 = STYLED_ITEM('color',(#20721),#11978);
#20721 = PRESENTATION_STYLE_ASSIGNMENT((#20722,#20727));
#20722 = SURFACE_STYLE_USAGE(.BOTH.,#20723);
#20723 = SURFACE_SIDE_STYLE('',(#20724));
#20724 = SURFACE_STYLE_FILL_AREA(#20725);
#20725 = FILL_AREA_STYLE('',(#20726));
#20726 = FILL_AREA_STYLE_COLOUR('',#17433);
#20727 = CURVE_STYLE('',#20728,POSITIVE_LENGTH_MEASURE(0.1),#17433);
#20728 = DRAUGHTING_PRE_DEFINED_CURVE_FONT('continuous');
#20729 = STYLED_ITEM('color',(#20730),#11990);
#20730 = PRESENTATION_STYLE_ASSIGNMENT((#20731,#20736));
#20731 = SURFACE_STYLE_USAGE(.BOTH.,#20732);
#20732 = SURFACE_SIDE_STYLE('',(#20733));
#20733 = SURFACE_STYLE_FILL_AREA(#20734);
#20734 = FILL_AREA_STYLE('',(#20735));
#20735 = FILL_AREA_STYLE_COLOUR('',#17433);
#20736 = CURVE_STYLE('',#20737,POSITIVE_LENGTH_MEASURE(0.1),#17433);
#20737 = DRAUGHTING_PRE_DEFINED_CURVE_FONT('continuous');
#20738 = STYLED_ITEM('color',(#20739),#12007);
#20739 = PRESENTATION_STYLE_ASSIGNMENT((#20740,#20745));
#20740 = SURFACE_STYLE_USAGE(.BOTH.,#20741);
#20741 = SURFACE_SIDE_STYLE('',(#20742));
#20742 = SURFACE_STYLE_FILL_AREA(#20743);
#20743 = FILL_AREA_STYLE('',(#20744));
#20744 = FILL_AREA_STYLE_COLOUR('',#17433);
#20745 = CURVE_STYLE('',#20746,POSITIVE_LENGTH_MEASURE(0.1),#17433);
#20746 = DRAUGHTING_PRE_DEFINED_CURVE_FONT('continuous');
#20747 = STYLED_ITEM('color',(#20748),#12024);
#20748 = PRESENTATION_STYLE_ASSIGNMENT((#20749,#20754));
#20749 = SURFACE_STYLE_USAGE(.BOTH.,#20750);
#20750 = SURFACE_SIDE_STYLE('',(#20751));
#20751 = SURFACE_STYLE_FILL_AREA(#20752);
#20752 = FILL_AREA_STYLE('',(#20753));
#20753 = FILL_AREA_STYLE_COLOUR('',#17433);
#20754 = CURVE_STYLE('',#20755,POSITIVE_LENGTH_MEASURE(0.1),#17433);
#20755 = DRAUGHTING_PRE_DEFINED_CURVE_FONT('continuous');
#20756 = STYLED_ITEM('color',(#20757),#12041);
#20757 = PRESENTATION_STYLE_ASSIGNMENT((#20758,#20763));
#20758 = SURFACE_STYLE_USAGE(.BOTH.,#20759);
#20759 = SURFACE_SIDE_STYLE('',(#20760));
#20760 = SURFACE_STYLE_FILL_AREA(#20761);
#20761 = FILL_AREA_STYLE('',(#20762));
#20762 = FILL_AREA_STYLE_COLOUR('',#17433);
#20763 = CURVE_STYLE('',#20764,POSITIVE_LENGTH_MEASURE(0.1),#17433);
#20764 = DRAUGHTING_PRE_DEFINED_CURVE_FONT('continuous');
#20765 = STYLED_ITEM('color',(#20766),#12058);
#20766 = PRESENTATION_STYLE_ASSIGNMENT((#20767,#20772));
#20767 = SURFACE_STYLE_USAGE(.BOTH.,#20768);
#20768 = SURFACE_SIDE_STYLE('',(#20769));
#20769 = SURFACE_STYLE_FILL_AREA(#20770);
#20770 = FILL_AREA_STYLE('',(#20771));
#20771 = FILL_AREA_STYLE_COLOUR('',#17433);
#20772 = CURVE_STYLE('',#20773,POSITIVE_LENGTH_MEASURE(0.1),#17433);
#20773 = DRAUGHTING_PRE_DEFINED_CURVE_FONT('continuous');
#20774 = STYLED_ITEM('color',(#20775),#12075);
#20775 = PRESENTATION_STYLE_ASSIGNMENT((#20776,#20781));
#20776 = SURFACE_STYLE_USAGE(.BOTH.,#20777);
#20777 = SURFACE_SIDE_STYLE('',(#20778));
#20778 = SURFACE_STYLE_FILL_AREA(#20779);
#20779 = FILL_AREA_STYLE('',(#20780));
#20780 = FILL_AREA_STYLE_COLOUR('',#17433);
#20781 = CURVE_STYLE('',#20782,POSITIVE_LENGTH_MEASURE(0.1),#17433);
#20782 = DRAUGHTING_PRE_DEFINED_CURVE_FONT('continuous');
#20783 = STYLED_ITEM('color',(#20784),#12092);
#20784 = PRESENTATION_STYLE_ASSIGNMENT((#20785,#20790));
#20785 = SURFACE_STYLE_USAGE(.BOTH.,#20786);
#20786 = SURFACE_SIDE_STYLE('',(#20787));
#20787 = SURFACE_STYLE_FILL_AREA(#20788);
#20788 = FILL_AREA_STYLE('',(#20789));
#20789 = FILL_AREA_STYLE_COLOUR('',#17433);
#20790 = CURVE_STYLE('',#20791,POSITIVE_LENGTH_MEASURE(0.1),#17433);
#20791 = DRAUGHTING_PRE_DEFINED_CURVE_FONT('continuous');
#20792 = STYLED_ITEM('color',(#20793),#12104);
#20793 = PRESENTATION_STYLE_ASSIGNMENT((#20794,#20799));
#20794 = SURFACE_STYLE_USAGE(.BOTH.,#20795);
#20795 = SURFACE_SIDE_STYLE('',(#20796));
#20796 = SURFACE_STYLE_FILL_AREA(#20797);
#20797 = FILL_AREA_STYLE('',(#20798));
#20798 = FILL_AREA_STYLE_COLOUR('',#17433);
#20799 = CURVE_STYLE('',#20800,POSITIVE_LENGTH_MEASURE(0.1),#17433);
#20800 = DRAUGHTING_PRE_DEFINED_CURVE_FONT('continuous');
#20801 = STYLED_ITEM('color',(#20802),#12121);
#20802 = PRESENTATION_STYLE_ASSIGNMENT((#20803,#20808));
#20803 = SURFACE_STYLE_USAGE(.BOTH.,#20804);
#20804 = SURFACE_SIDE_STYLE('',(#20805));
#20805 = SURFACE_STYLE_FILL_AREA(#20806);
#20806 = FILL_AREA_STYLE('',(#20807));
#20807 = FILL_AREA_STYLE_COLOUR('',#17433);
#20808 = CURVE_STYLE('',#20809,POSITIVE_LENGTH_MEASURE(0.1),#17433);
#20809 = DRAUGHTING_PRE_DEFINED_CURVE_FONT('continuous');
#20810 = STYLED_ITEM('color',(#20811),#12138);
#20811 = PRESENTATION_STYLE_ASSIGNMENT((#20812,#20817));
#20812 = SURFACE_STYLE_USAGE(.BOTH.,#20813);
#20813 = SURFACE_SIDE_STYLE('',(#20814));
#20814 = SURFACE_STYLE_FILL_AREA(#20815);
#20815 = FILL_AREA_STYLE('',(#20816));
#20816 = FILL_AREA_STYLE_COLOUR('',#17433);
#20817 = CURVE_STYLE('',#20818,POSITIVE_LENGTH_MEASURE(0.1),#17433);
#20818 = DRAUGHTING_PRE_DEFINED_CURVE_FONT('continuous');
#20819 = STYLED_ITEM('color',(#20820),#12155);
#20820 = PRESENTATION_STYLE_ASSIGNMENT((#20821,#20826));
#20821 = SURFACE_STYLE_USAGE(.BOTH.,#20822);
#20822 = SURFACE_SIDE_STYLE('',(#20823));
#20823 = SURFACE_STYLE_FILL_AREA(#20824);
#20824 = FILL_AREA_STYLE('',(#20825));
#20825 = FILL_AREA_STYLE_COLOUR('',#17433);
#20826 = CURVE_STYLE('',#20827,POSITIVE_LENGTH_MEASURE(0.1),#17433);
#20827 = DRAUGHTING_PRE_DEFINED_CURVE_FONT('continuous');
#20828 = STYLED_ITEM('color',(#20829),#12172);
#20829 = PRESENTATION_STYLE_ASSIGNMENT((#20830,#20835));
#20830 = SURFACE_STYLE_USAGE(.BOTH.,#20831);
#20831 = SURFACE_SIDE_STYLE('',(#20832));
#20832 = SURFACE_STYLE_FILL_AREA(#20833);
#20833 = FILL_AREA_STYLE('',(#20834));
#20834 = FILL_AREA_STYLE_COLOUR('',#17433);
#20835 = CURVE_STYLE('',#20836,POSITIVE_LENGTH_MEASURE(0.1),#17433);
#20836 = DRAUGHTING_PRE_DEFINED_CURVE_FONT('continuous');
#20837 = STYLED_ITEM('color',(#20838),#12189);
#20838 = PRESENTATION_STYLE_ASSIGNMENT((#20839,#20844));
#20839 = SURFACE_STYLE_USAGE(.BOTH.,#20840);
#20840 = SURFACE_SIDE_STYLE('',(#20841));
#20841 = SURFACE_STYLE_FILL_AREA(#20842);
#20842 = FILL_AREA_STYLE('',(#20843));
#20843 = FILL_AREA_STYLE_COLOUR('',#17433);
#20844 = CURVE_STYLE('',#20845,POSITIVE_LENGTH_MEASURE(0.1),#17433);
#20845 = DRAUGHTING_PRE_DEFINED_CURVE_FONT('continuous');
#20846 = STYLED_ITEM('color',(#20847),#12206);
#20847 = PRESENTATION_STYLE_ASSIGNMENT((#20848,#20853));
#20848 = SURFACE_STYLE_USAGE(.BOTH.,#20849);
#20849 = SURFACE_SIDE_STYLE('',(#20850));
#20850 = SURFACE_STYLE_FILL_AREA(#20851);
#20851 = FILL_AREA_STYLE('',(#20852));
#20852 = FILL_AREA_STYLE_COLOUR('',#17433);
#20853 = CURVE_STYLE('',#20854,POSITIVE_LENGTH_MEASURE(0.1),#17433);
#20854 = DRAUGHTING_PRE_DEFINED_CURVE_FONT('continuous');
#20855 = STYLED_ITEM('color',(#20856),#12218);
#20856 = PRESENTATION_STYLE_ASSIGNMENT((#20857,#20862));
#20857 = SURFACE_STYLE_USAGE(.BOTH.,#20858);
#20858 = SURFACE_SIDE_STYLE('',(#20859));
#20859 = SURFACE_STYLE_FILL_AREA(#20860);
#20860 = FILL_AREA_STYLE('',(#20861));
#20861 = FILL_AREA_STYLE_COLOUR('',#17433);
#20862 = CURVE_STYLE('',#20863,POSITIVE_LENGTH_MEASURE(0.1),#17433);
#20863 = DRAUGHTING_PRE_DEFINED_CURVE_FONT('continuous');
#20864 = STYLED_ITEM('color',(#20865),#12235);
#20865 = PRESENTATION_STYLE_ASSIGNMENT((#20866,#20871));
#20866 = SURFACE_STYLE_USAGE(.BOTH.,#20867);
#20867 = SURFACE_SIDE_STYLE('',(#20868));
#20868 = SURFACE_STYLE_FILL_AREA(#20869);
#20869 = FILL_AREA_STYLE('',(#20870));
#20870 = FILL_AREA_STYLE_COLOUR('',#17433);
#20871 = CURVE_STYLE('',#20872,POSITIVE_LENGTH_MEASURE(0.1),#17433);
#20872 = DRAUGHTING_PRE_DEFINED_CURVE_FONT('continuous');
#20873 = STYLED_ITEM('color',(#20874),#12252);
#20874 = PRESENTATION_STYLE_ASSIGNMENT((#20875,#20880));
#20875 = SURFACE_STYLE_USAGE(.BOTH.,#20876);
#20876 = SURFACE_SIDE_STYLE('',(#20877));
#20877 = SURFACE_STYLE_FILL_AREA(#20878);
#20878 = FILL_AREA_STYLE('',(#20879));
#20879 = FILL_AREA_STYLE_COLOUR('',#17433);
#20880 = CURVE_STYLE('',#20881,POSITIVE_LENGTH_MEASURE(0.1),#17433);
#20881 = DRAUGHTING_PRE_DEFINED_CURVE_FONT('continuous');
#20882 = STYLED_ITEM('color',(#20883),#12269);
#20883 = PRESENTATION_STYLE_ASSIGNMENT((#20884,#20889));
#20884 = SURFACE_STYLE_USAGE(.BOTH.,#20885);
#20885 = SURFACE_SIDE_STYLE('',(#20886));
#20886 = SURFACE_STYLE_FILL_AREA(#20887);
#20887 = FILL_AREA_STYLE('',(#20888));
#20888 = FILL_AREA_STYLE_COLOUR('',#17433);
#20889 = CURVE_STYLE('',#20890,POSITIVE_LENGTH_MEASURE(0.1),#17433);
#20890 = DRAUGHTING_PRE_DEFINED_CURVE_FONT('continuous');
#20891 = STYLED_ITEM('color',(#20892),#12286);
#20892 = PRESENTATION_STYLE_ASSIGNMENT((#20893,#20898));
#20893 = SURFACE_STYLE_USAGE(.BOTH.,#20894);
#20894 = SURFACE_SIDE_STYLE('',(#20895));
#20895 = SURFACE_STYLE_FILL_AREA(#20896);
#20896 = FILL_AREA_STYLE('',(#20897));
#20897 = FILL_AREA_STYLE_COLOUR('',#17433);
#20898 = CURVE_STYLE('',#20899,POSITIVE_LENGTH_MEASURE(0.1),#17433);
#20899 = DRAUGHTING_PRE_DEFINED_CURVE_FONT('continuous');
#20900 = STYLED_ITEM('color',(#20901),#12303);
#20901 = PRESENTATION_STYLE_ASSIGNMENT((#20902,#20907));
#20902 = SURFACE_STYLE_USAGE(.BOTH.,#20903);
#20903 = SURFACE_SIDE_STYLE('',(#20904));
#20904 = SURFACE_STYLE_FILL_AREA(#20905);
#20905 = FILL_AREA_STYLE('',(#20906));
#20906 = FILL_AREA_STYLE_COLOUR('',#17433);
#20907 = CURVE_STYLE('',#20908,POSITIVE_LENGTH_MEASURE(0.1),#17433);
#20908 = DRAUGHTING_PRE_DEFINED_CURVE_FONT('continuous');
#20909 = STYLED_ITEM('color',(#20910),#12320);
#20910 = PRESENTATION_STYLE_ASSIGNMENT((#20911,#20916));
#20911 = SURFACE_STYLE_USAGE(.BOTH.,#20912);
#20912 = SURFACE_SIDE_STYLE('',(#20913));
#20913 = SURFACE_STYLE_FILL_AREA(#20914);
#20914 = FILL_AREA_STYLE('',(#20915));
#20915 = FILL_AREA_STYLE_COLOUR('',#17433);
#20916 = CURVE_STYLE('',#20917,POSITIVE_LENGTH_MEASURE(0.1),#17433);
#20917 = DRAUGHTING_PRE_DEFINED_CURVE_FONT('continuous');
#20918 = STYLED_ITEM('color',(#20919),#12337);
#20919 = PRESENTATION_STYLE_ASSIGNMENT((#20920,#20925));
#20920 = SURFACE_STYLE_USAGE(.BOTH.,#20921);
#20921 = SURFACE_SIDE_STYLE('',(#20922));
#20922 = SURFACE_STYLE_FILL_AREA(#20923);
#20923 = FILL_AREA_STYLE('',(#20924));
#20924 = FILL_AREA_STYLE_COLOUR('',#17433);
#20925 = CURVE_STYLE('',#20926,POSITIVE_LENGTH_MEASURE(0.1),#17433);
#20926 = DRAUGHTING_PRE_DEFINED_CURVE_FONT('continuous');
#20927 = STYLED_ITEM('color',(#20928),#12349);
#20928 = PRESENTATION_STYLE_ASSIGNMENT((#20929,#20934));
#20929 = SURFACE_STYLE_USAGE(.BOTH.,#20930);
#20930 = SURFACE_SIDE_STYLE('',(#20931));
#20931 = SURFACE_STYLE_FILL_AREA(#20932);
#20932 = FILL_AREA_STYLE('',(#20933));
#20933 = FILL_AREA_STYLE_COLOUR('',#17433);
#20934 = CURVE_STYLE('',#20935,POSITIVE_LENGTH_MEASURE(0.1),#17433);
#20935 = DRAUGHTING_PRE_DEFINED_CURVE_FONT('continuous');
#20936 = STYLED_ITEM('color',(#20937),#12366);
#20937 = PRESENTATION_STYLE_ASSIGNMENT((#20938,#20943));
#20938 = SURFACE_STYLE_USAGE(.BOTH.,#20939);
#20939 = SURFACE_SIDE_STYLE('',(#20940));
#20940 = SURFACE_STYLE_FILL_AREA(#20941);
#20941 = FILL_AREA_STYLE('',(#20942));
#20942 = FILL_AREA_STYLE_COLOUR('',#17433);
#20943 = CURVE_STYLE('',#20944,POSITIVE_LENGTH_MEASURE(0.1),#17433);
#20944 = DRAUGHTING_PRE_DEFINED_CURVE_FONT('continuous');
#20945 = STYLED_ITEM('color',(#20946),#12383);
#20946 = PRESENTATION_STYLE_ASSIGNMENT((#20947,#20952));
#20947 = SURFACE_STYLE_USAGE(.BOTH.,#20948);
#20948 = SURFACE_SIDE_STYLE('',(#20949));
#20949 = SURFACE_STYLE_FILL_AREA(#20950);
#20950 = FILL_AREA_STYLE('',(#20951));
#20951 = FILL_AREA_STYLE_COLOUR('',#17433);
#20952 = CURVE_STYLE('',#20953,POSITIVE_LENGTH_MEASURE(0.1),#17433);
#20953 = DRAUGHTING_PRE_DEFINED_CURVE_FONT('continuous');
#20954 = STYLED_ITEM('color',(#20955),#12400);
#20955 = PRESENTATION_STYLE_ASSIGNMENT((#20956,#20961));
#20956 = SURFACE_STYLE_USAGE(.BOTH.,#20957);
#20957 = SURFACE_SIDE_STYLE('',(#20958));
#20958 = SURFACE_STYLE_FILL_AREA(#20959);
#20959 = FILL_AREA_STYLE('',(#20960));
#20960 = FILL_AREA_STYLE_COLOUR('',#17433);
#20961 = CURVE_STYLE('',#20962,POSITIVE_LENGTH_MEASURE(0.1),#17433);
#20962 = DRAUGHTING_PRE_DEFINED_CURVE_FONT('continuous');
#20963 = STYLED_ITEM('color',(#20964),#12417);
#20964 = PRESENTATION_STYLE_ASSIGNMENT((#20965,#20970));
#20965 = SURFACE_STYLE_USAGE(.BOTH.,#20966);
#20966 = SURFACE_SIDE_STYLE('',(#20967));
#20967 = SURFACE_STYLE_FILL_AREA(#20968);
#20968 = FILL_AREA_STYLE('',(#20969));
#20969 = FILL_AREA_STYLE_COLOUR('',#17433);
#20970 = CURVE_STYLE('',#20971,POSITIVE_LENGTH_MEASURE(0.1),#17433);
#20971 = DRAUGHTING_PRE_DEFINED_CURVE_FONT('continuous');
#20972 = STYLED_ITEM('color',(#20973),#12434);
#20973 = PRESENTATION_STYLE_ASSIGNMENT((#20974,#20979));
#20974 = SURFACE_STYLE_USAGE(.BOTH.,#20975);
#20975 = SURFACE_SIDE_STYLE('',(#20976));
#20976 = SURFACE_STYLE_FILL_AREA(#20977);
#20977 = FILL_AREA_STYLE('',(#20978));
#20978 = FILL_AREA_STYLE_COLOUR('',#17433);
#20979 = CURVE_STYLE('',#20980,POSITIVE_LENGTH_MEASURE(0.1),#17433);
#20980 = DRAUGHTING_PRE_DEFINED_CURVE_FONT('continuous');
#20981 = STYLED_ITEM('color',(#20982),#12451);
#20982 = PRESENTATION_STYLE_ASSIGNMENT((#20983,#20988));
#20983 = SURFACE_STYLE_USAGE(.BOTH.,#20984);
#20984 = SURFACE_SIDE_STYLE('',(#20985));
#20985 = SURFACE_STYLE_FILL_AREA(#20986);
#20986 = FILL_AREA_STYLE('',(#20987));
#20987 = FILL_AREA_STYLE_COLOUR('',#17433);
#20988 = CURVE_STYLE('',#20989,POSITIVE_LENGTH_MEASURE(0.1),#17433);
#20989 = DRAUGHTING_PRE_DEFINED_CURVE_FONT('continuous');
#20990 = STYLED_ITEM('color',(#20991),#12468);
#20991 = PRESENTATION_STYLE_ASSIGNMENT((#20992,#20997));
#20992 = SURFACE_STYLE_USAGE(.BOTH.,#20993);
#20993 = SURFACE_SIDE_STYLE('',(#20994));
#20994 = SURFACE_STYLE_FILL_AREA(#20995);
#20995 = FILL_AREA_STYLE('',(#20996));
#20996 = FILL_AREA_STYLE_COLOUR('',#17433);
#20997 = CURVE_STYLE('',#20998,POSITIVE_LENGTH_MEASURE(0.1),#17433);
#20998 = DRAUGHTING_PRE_DEFINED_CURVE_FONT('continuous');
#20999 = STYLED_ITEM('color',(#21000),#12480);
#21000 = PRESENTATION_STYLE_ASSIGNMENT((#21001,#21006));
#21001 = SURFACE_STYLE_USAGE(.BOTH.,#21002);
#21002 = SURFACE_SIDE_STYLE('',(#21003));
#21003 = SURFACE_STYLE_FILL_AREA(#21004);
#21004 = FILL_AREA_STYLE('',(#21005));
#21005 = FILL_AREA_STYLE_COLOUR('',#17433);
#21006 = CURVE_STYLE('',#21007,POSITIVE_LENGTH_MEASURE(0.1),#17433);
#21007 = DRAUGHTING_PRE_DEFINED_CURVE_FONT('continuous');
#21008 = STYLED_ITEM('color',(#21009),#12497);
#21009 = PRESENTATION_STYLE_ASSIGNMENT((#21010,#21015));
#21010 = SURFACE_STYLE_USAGE(.BOTH.,#21011);
#21011 = SURFACE_SIDE_STYLE('',(#21012));
#21012 = SURFACE_STYLE_FILL_AREA(#21013);
#21013 = FILL_AREA_STYLE('',(#21014));
#21014 = FILL_AREA_STYLE_COLOUR('',#17433);
#21015 = CURVE_STYLE('',#21016,POSITIVE_LENGTH_MEASURE(0.1),#17433);
#21016 = DRAUGHTING_PRE_DEFINED_CURVE_FONT('continuous');
#21017 = STYLED_ITEM('color',(#21018),#12514);
#21018 = PRESENTATION_STYLE_ASSIGNMENT((#21019,#21024));
#21019 = SURFACE_STYLE_USAGE(.BOTH.,#21020);
#21020 = SURFACE_SIDE_STYLE('',(#21021));
#21021 = SURFACE_STYLE_FILL_AREA(#21022);
#21022 = FILL_AREA_STYLE('',(#21023));
#21023 = FILL_AREA_STYLE_COLOUR('',#17433);
#21024 = CURVE_STYLE('',#21025,POSITIVE_LENGTH_MEASURE(0.1),#17433);
#21025 = DRAUGHTING_PRE_DEFINED_CURVE_FONT('continuous');
#21026 = STYLED_ITEM('color',(#21027),#12531);
#21027 = PRESENTATION_STYLE_ASSIGNMENT((#21028,#21033));
#21028 = SURFACE_STYLE_USAGE(.BOTH.,#21029);
#21029 = SURFACE_SIDE_STYLE('',(#21030));
#21030 = SURFACE_STYLE_FILL_AREA(#21031);
#21031 = FILL_AREA_STYLE('',(#21032));
#21032 = FILL_AREA_STYLE_COLOUR('',#17433);
#21033 = CURVE_STYLE('',#21034,POSITIVE_LENGTH_MEASURE(0.1),#17433);
#21034 = DRAUGHTING_PRE_DEFINED_CURVE_FONT('continuous');
#21035 = STYLED_ITEM('color',(#21036),#12548);
#21036 = PRESENTATION_STYLE_ASSIGNMENT((#21037,#21042));
#21037 = SURFACE_STYLE_USAGE(.BOTH.,#21038);
#21038 = SURFACE_SIDE_STYLE('',(#21039));
#21039 = SURFACE_STYLE_FILL_AREA(#21040);
#21040 = FILL_AREA_STYLE('',(#21041));
#21041 = FILL_AREA_STYLE_COLOUR('',#17433);
#21042 = CURVE_STYLE('',#21043,POSITIVE_LENGTH_MEASURE(0.1),#17433);
#21043 = DRAUGHTING_PRE_DEFINED_CURVE_FONT('continuous');
#21044 = STYLED_ITEM('color',(#21045),#12565);
#21045 = PRESENTATION_STYLE_ASSIGNMENT((#21046,#21051));
#21046 = SURFACE_STYLE_USAGE(.BOTH.,#21047);
#21047 = SURFACE_SIDE_STYLE('',(#21048));
#21048 = SURFACE_STYLE_FILL_AREA(#21049);
#21049 = FILL_AREA_STYLE('',(#21050));
#21050 = FILL_AREA_STYLE_COLOUR('',#17433);
#21051 = CURVE_STYLE('',#21052,POSITIVE_LENGTH_MEASURE(0.1),#17433);
#21052 = DRAUGHTING_PRE_DEFINED_CURVE_FONT('continuous');
#21053 = STYLED_ITEM('color',(#21054),#12582);
#21054 = PRESENTATION_STYLE_ASSIGNMENT((#21055,#21060));
#21055 = SURFACE_STYLE_USAGE(.BOTH.,#21056);
#21056 = SURFACE_SIDE_STYLE('',(#21057));
#21057 = SURFACE_STYLE_FILL_AREA(#21058);
#21058 = FILL_AREA_STYLE('',(#21059));
#21059 = FILL_AREA_STYLE_COLOUR('',#17433);
#21060 = CURVE_STYLE('',#21061,POSITIVE_LENGTH_MEASURE(0.1),#17433);
#21061 = DRAUGHTING_PRE_DEFINED_CURVE_FONT('continuous');
#21062 = STYLED_ITEM('color',(#21063),#12599);
#21063 = PRESENTATION_STYLE_ASSIGNMENT((#21064,#21069));
#21064 = SURFACE_STYLE_USAGE(.BOTH.,#21065);
#21065 = SURFACE_SIDE_STYLE('',(#21066));
#21066 = SURFACE_STYLE_FILL_AREA(#21067);
#21067 = FILL_AREA_STYLE('',(#21068));
#21068 = FILL_AREA_STYLE_COLOUR('',#17433);
#21069 = CURVE_STYLE('',#21070,POSITIVE_LENGTH_MEASURE(0.1),#17433);
#21070 = DRAUGHTING_PRE_DEFINED_CURVE_FONT('continuous');
#21071 = STYLED_ITEM('color',(#21072),#12611);
#21072 = PRESENTATION_STYLE_ASSIGNMENT((#21073,#21078));
#21073 = SURFACE_STYLE_USAGE(.BOTH.,#21074);
#21074 = SURFACE_SIDE_STYLE('',(#21075));
#21075 = SURFACE_STYLE_FILL_AREA(#21076);
#21076 = FILL_AREA_STYLE('',(#21077));
#21077 = FILL_AREA_STYLE_COLOUR('',#17433);
#21078 = CURVE_STYLE('',#21079,POSITIVE_LENGTH_MEASURE(0.1),#17433);
#21079 = DRAUGHTING_PRE_DEFINED_CURVE_FONT('continuous');
#21080 = STYLED_ITEM('color',(#21081),#12628);
#21081 = PRESENTATION_STYLE_ASSIGNMENT((#21082,#21087));
#21082 = SURFACE_STYLE_USAGE(.BOTH.,#21083);
#21083 = SURFACE_SIDE_STYLE('',(#21084));
#21084 = SURFACE_STYLE_FILL_AREA(#21085);
#21085 = FILL_AREA_STYLE('',(#21086));
#21086 = FILL_AREA_STYLE_COLOUR('',#17433);
#21087 = CURVE_STYLE('',#21088,POSITIVE_LENGTH_MEASURE(0.1),#17433);
#21088 = DRAUGHTING_PRE_DEFINED_CURVE_FONT('continuous');
#21089 = STYLED_ITEM('color',(#21090),#12645);
#21090 = PRESENTATION_STYLE_ASSIGNMENT((#21091,#21096));
#21091 = SURFACE_STYLE_USAGE(.BOTH.,#21092);
#21092 = SURFACE_SIDE_STYLE('',(#21093));
#21093 = SURFACE_STYLE_FILL_AREA(#21094);
#21094 = FILL_AREA_STYLE('',(#21095));
#21095 = FILL_AREA_STYLE_COLOUR('',#17433);
#21096 = CURVE_STYLE('',#21097,POSITIVE_LENGTH_MEASURE(0.1),#17433);
#21097 = DRAUGHTING_PRE_DEFINED_CURVE_FONT('continuous');
#21098 = STYLED_ITEM('color',(#21099),#12662);
#21099 = PRESENTATION_STYLE_ASSIGNMENT((#21100,#21105));
#21100 = SURFACE_STYLE_USAGE(.BOTH.,#21101);
#21101 = SURFACE_SIDE_STYLE('',(#21102));
#21102 = SURFACE_STYLE_FILL_AREA(#21103);
#21103 = FILL_AREA_STYLE('',(#21104));
#21104 = FILL_AREA_STYLE_COLOUR('',#17433);
#21105 = CURVE_STYLE('',#21106,POSITIVE_LENGTH_MEASURE(0.1),#17433);
#21106 = DRAUGHTING_PRE_DEFINED_CURVE_FONT('continuous');
#21107 = STYLED_ITEM('color',(#21108),#12679);
#21108 = PRESENTATION_STYLE_ASSIGNMENT((#21109,#21114));
#21109 = SURFACE_STYLE_USAGE(.BOTH.,#21110);
#21110 = SURFACE_SIDE_STYLE('',(#21111));
#21111 = SURFACE_STYLE_FILL_AREA(#21112);
#21112 = FILL_AREA_STYLE('',(#21113));
#21113 = FILL_AREA_STYLE_COLOUR('',#17433);
#21114 = CURVE_STYLE('',#21115,POSITIVE_LENGTH_MEASURE(0.1),#17433);
#21115 = DRAUGHTING_PRE_DEFINED_CURVE_FONT('continuous');
#21116 = STYLED_ITEM('color',(#21117),#12696);
#21117 = PRESENTATION_STYLE_ASSIGNMENT((#21118,#21123));
#21118 = SURFACE_STYLE_USAGE(.BOTH.,#21119);
#21119 = SURFACE_SIDE_STYLE('',(#21120));
#21120 = SURFACE_STYLE_FILL_AREA(#21121);
#21121 = FILL_AREA_STYLE('',(#21122));
#21122 = FILL_AREA_STYLE_COLOUR('',#17433);
#21123 = CURVE_STYLE('',#21124,POSITIVE_LENGTH_MEASURE(0.1),#17433);
#21124 = DRAUGHTING_PRE_DEFINED_CURVE_FONT('continuous');
#21125 = STYLED_ITEM('color',(#21126),#12713);
#21126 = PRESENTATION_STYLE_ASSIGNMENT((#21127,#21132));
#21127 = SURFACE_STYLE_USAGE(.BOTH.,#21128);
#21128 = SURFACE_SIDE_STYLE('',(#21129));
#21129 = SURFACE_STYLE_FILL_AREA(#21130);
#21130 = FILL_AREA_STYLE('',(#21131));
#21131 = FILL_AREA_STYLE_COLOUR('',#17433);
#21132 = CURVE_STYLE('',#21133,POSITIVE_LENGTH_MEASURE(0.1),#17433);
#21133 = DRAUGHTING_PRE_DEFINED_CURVE_FONT('continuous');
#21134 = STYLED_ITEM('color',(#21135),#12730);
#21135 = PRESENTATION_STYLE_ASSIGNMENT((#21136,#21141));
#21136 = SURFACE_STYLE_USAGE(.BOTH.,#21137);
#21137 = SURFACE_SIDE_STYLE('',(#21138));
#21138 = SURFACE_STYLE_FILL_AREA(#21139);
#21139 = FILL_AREA_STYLE('',(#21140));
#21140 = FILL_AREA_STYLE_COLOUR('',#17433);
#21141 = CURVE_STYLE('',#21142,POSITIVE_LENGTH_MEASURE(0.1),#17433);
#21142 = DRAUGHTING_PRE_DEFINED_CURVE_FONT('continuous');
#21143 = STYLED_ITEM('color',(#21144),#12742);
#21144 = PRESENTATION_STYLE_ASSIGNMENT((#21145,#21150));
#21145 = SURFACE_STYLE_USAGE(.BOTH.,#21146);
#21146 = SURFACE_SIDE_STYLE('',(#21147));
#21147 = SURFACE_STYLE_FILL_AREA(#21148);
#21148 = FILL_AREA_STYLE('',(#21149));
#21149 = FILL_AREA_STYLE_COLOUR('',#17433);
#21150 = CURVE_STYLE('',#21151,POSITIVE_LENGTH_MEASURE(0.1),#17433);
#21151 = DRAUGHTING_PRE_DEFINED_CURVE_FONT('continuous');
#21152 = STYLED_ITEM('color',(#21153),#12759);
#21153 = PRESENTATION_STYLE_ASSIGNMENT((#21154,#21159));
#21154 = SURFACE_STYLE_USAGE(.BOTH.,#21155);
#21155 = SURFACE_SIDE_STYLE('',(#21156));
#21156 = SURFACE_STYLE_FILL_AREA(#21157);
#21157 = FILL_AREA_STYLE('',(#21158));
#21158 = FILL_AREA_STYLE_COLOUR('',#17433);
#21159 = CURVE_STYLE('',#21160,POSITIVE_LENGTH_MEASURE(0.1),#17433);
#21160 = DRAUGHTING_PRE_DEFINED_CURVE_FONT('continuous');
#21161 = STYLED_ITEM('color',(#21162),#12776);
#21162 = PRESENTATION_STYLE_ASSIGNMENT((#21163,#21168));
#21163 = SURFACE_STYLE_USAGE(.BOTH.,#21164);
#21164 = SURFACE_SIDE_STYLE('',(#21165));
#21165 = SURFACE_STYLE_FILL_AREA(#21166);
#21166 = FILL_AREA_STYLE('',(#21167));
#21167 = FILL_AREA_STYLE_COLOUR('',#17433);
#21168 = CURVE_STYLE('',#21169,POSITIVE_LENGTH_MEASURE(0.1),#17433);
#21169 = DRAUGHTING_PRE_DEFINED_CURVE_FONT('continuous');
#21170 = STYLED_ITEM('color',(#21171),#12793);
#21171 = PRESENTATION_STYLE_ASSIGNMENT((#21172,#21177));
#21172 = SURFACE_STYLE_USAGE(.BOTH.,#21173);
#21173 = SURFACE_SIDE_STYLE('',(#21174));
#21174 = SURFACE_STYLE_FILL_AREA(#21175);
#21175 = FILL_AREA_STYLE('',(#21176));
#21176 = FILL_AREA_STYLE_COLOUR('',#17433);
#21177 = CURVE_STYLE('',#21178,POSITIVE_LENGTH_MEASURE(0.1),#17433);
#21178 = DRAUGHTING_PRE_DEFINED_CURVE_FONT('continuous');
#21179 = STYLED_ITEM('color',(#21180),#12810);
#21180 = PRESENTATION_STYLE_ASSIGNMENT((#21181,#21186));
#21181 = SURFACE_STYLE_USAGE(.BOTH.,#21182);
#21182 = SURFACE_SIDE_STYLE('',(#21183));
#21183 = SURFACE_STYLE_FILL_AREA(#21184);
#21184 = FILL_AREA_STYLE('',(#21185));
#21185 = FILL_AREA_STYLE_COLOUR('',#17433);
#21186 = CURVE_STYLE('',#21187,POSITIVE_LENGTH_MEASURE(0.1),#17433);
#21187 = DRAUGHTING_PRE_DEFINED_CURVE_FONT('continuous');
#21188 = STYLED_ITEM('color',(#21189),#12827);
#21189 = PRESENTATION_STYLE_ASSIGNMENT((#21190,#21195));
#21190 = SURFACE_STYLE_USAGE(.BOTH.,#21191);
#21191 = SURFACE_SIDE_STYLE('',(#21192));
#21192 = SURFACE_STYLE_FILL_AREA(#21193);
#21193 = FILL_AREA_STYLE('',(#21194));
#21194 = FILL_AREA_STYLE_COLOUR('',#17433);
#21195 = CURVE_STYLE('',#21196,POSITIVE_LENGTH_MEASURE(0.1),#17433);
#21196 = DRAUGHTING_PRE_DEFINED_CURVE_FONT('continuous');
#21197 = STYLED_ITEM('color',(#21198),#12844);
#21198 = PRESENTATION_STYLE_ASSIGNMENT((#21199,#21204));
#21199 = SURFACE_STYLE_USAGE(.BOTH.,#21200);
#21200 = SURFACE_SIDE_STYLE('',(#21201));
#21201 = SURFACE_STYLE_FILL_AREA(#21202);
#21202 = FILL_AREA_STYLE('',(#21203));
#21203 = FILL_AREA_STYLE_COLOUR('',#17433);
#21204 = CURVE_STYLE('',#21205,POSITIVE_LENGTH_MEASURE(0.1),#17433);
#21205 = DRAUGHTING_PRE_DEFINED_CURVE_FONT('continuous');
#21206 = STYLED_ITEM('color',(#21207),#12861);
#21207 = PRESENTATION_STYLE_ASSIGNMENT((#21208,#21213));
#21208 = SURFACE_STYLE_USAGE(.BOTH.,#21209);
#21209 = SURFACE_SIDE_STYLE('',(#21210));
#21210 = SURFACE_STYLE_FILL_AREA(#21211);
#21211 = FILL_AREA_STYLE('',(#21212));
#21212 = FILL_AREA_STYLE_COLOUR('',#17433);
#21213 = CURVE_STYLE('',#21214,POSITIVE_LENGTH_MEASURE(0.1),#17433);
#21214 = DRAUGHTING_PRE_DEFINED_CURVE_FONT('continuous');
#21215 = STYLED_ITEM('color',(#21216),#12873);
#21216 = PRESENTATION_STYLE_ASSIGNMENT((#21217,#21222));
#21217 = SURFACE_STYLE_USAGE(.BOTH.,#21218);
#21218 = SURFACE_SIDE_STYLE('',(#21219));
#21219 = SURFACE_STYLE_FILL_AREA(#21220);
#21220 = FILL_AREA_STYLE('',(#21221));
#21221 = FILL_AREA_STYLE_COLOUR('',#17433);
#21222 = CURVE_STYLE('',#21223,POSITIVE_LENGTH_MEASURE(0.1),#17433);
#21223 = DRAUGHTING_PRE_DEFINED_CURVE_FONT('continuous');
#21224 = STYLED_ITEM('color',(#21225),#12890);
#21225 = PRESENTATION_STYLE_ASSIGNMENT((#21226,#21231));
#21226 = SURFACE_STYLE_USAGE(.BOTH.,#21227);
#21227 = SURFACE_SIDE_STYLE('',(#21228));
#21228 = SURFACE_STYLE_FILL_AREA(#21229);
#21229 = FILL_AREA_STYLE('',(#21230));
#21230 = FILL_AREA_STYLE_COLOUR('',#17433);
#21231 = CURVE_STYLE('',#21232,POSITIVE_LENGTH_MEASURE(0.1),#17433);
#21232 = DRAUGHTING_PRE_DEFINED_CURVE_FONT('continuous');
#21233 = STYLED_ITEM('color',(#21234),#12907);
#21234 = PRESENTATION_STYLE_ASSIGNMENT((#21235,#21240));
#21235 = SURFACE_STYLE_USAGE(.BOTH.,#21236);
#21236 = SURFACE_SIDE_STYLE('',(#21237));
#21237 = SURFACE_STYLE_FILL_AREA(#21238);
#21238 = FILL_AREA_STYLE('',(#21239));
#21239 = FILL_AREA_STYLE_COLOUR('',#17433);
#21240 = CURVE_STYLE('',#21241,POSITIVE_LENGTH_MEASURE(0.1),#17433);
#21241 = DRAUGHTING_PRE_DEFINED_CURVE_FONT('continuous');
#21242 = STYLED_ITEM('color',(#21243),#12924);
#21243 = PRESENTATION_STYLE_ASSIGNMENT((#21244,#21249));
#21244 = SURFACE_STYLE_USAGE(.BOTH.,#21245);
#21245 = SURFACE_SIDE_STYLE('',(#21246));
#21246 = SURFACE_STYLE_FILL_AREA(#21247);
#21247 = FILL_AREA_STYLE('',(#21248));
#21248 = FILL_AREA_STYLE_COLOUR('',#17433);
#21249 = CURVE_STYLE('',#21250,POSITIVE_LENGTH_MEASURE(0.1),#17433);
#21250 = DRAUGHTING_PRE_DEFINED_CURVE_FONT('continuous');
#21251 = STYLED_ITEM('color',(#21252),#12941);
#21252 = PRESENTATION_STYLE_ASSIGNMENT((#21253,#21258));
#21253 = SURFACE_STYLE_USAGE(.BOTH.,#21254);
#21254 = SURFACE_SIDE_STYLE('',(#21255));
#21255 = SURFACE_STYLE_FILL_AREA(#21256);
#21256 = FILL_AREA_STYLE('',(#21257));
#21257 = FILL_AREA_STYLE_COLOUR('',#17433);
#21258 = CURVE_STYLE('',#21259,POSITIVE_LENGTH_MEASURE(0.1),#17433);
#21259 = DRAUGHTING_PRE_DEFINED_CURVE_FONT('continuous');
#21260 = STYLED_ITEM('color',(#21261),#12958);
#21261 = PRESENTATION_STYLE_ASSIGNMENT((#21262,#21267));
#21262 = SURFACE_STYLE_USAGE(.BOTH.,#21263);
#21263 = SURFACE_SIDE_STYLE('',(#21264));
#21264 = SURFACE_STYLE_FILL_AREA(#21265);
#21265 = FILL_AREA_STYLE('',(#21266));
#21266 = FILL_AREA_STYLE_COLOUR('',#17433);
#21267 = CURVE_STYLE('',#21268,POSITIVE_LENGTH_MEASURE(0.1),#17433);
#21268 = DRAUGHTING_PRE_DEFINED_CURVE_FONT('continuous');
#21269 = STYLED_ITEM('color',(#21270),#12975);
#21270 = PRESENTATION_STYLE_ASSIGNMENT((#21271,#21276));
#21271 = SURFACE_STYLE_USAGE(.BOTH.,#21272);
#21272 = SURFACE_SIDE_STYLE('',(#21273));
#21273 = SURFACE_STYLE_FILL_AREA(#21274);
#21274 = FILL_AREA_STYLE('',(#21275));
#21275 = FILL_AREA_STYLE_COLOUR('',#17433);
#21276 = CURVE_STYLE('',#21277,POSITIVE_LENGTH_MEASURE(0.1),#17433);
#21277 = DRAUGHTING_PRE_DEFINED_CURVE_FONT('continuous');
#21278 = STYLED_ITEM('color',(#21279),#12992);
#21279 = PRESENTATION_STYLE_ASSIGNMENT((#21280,#21285));
#21280 = SURFACE_STYLE_USAGE(.BOTH.,#21281);
#21281 = SURFACE_SIDE_STYLE('',(#21282));
#21282 = SURFACE_STYLE_FILL_AREA(#21283);
#21283 = FILL_AREA_STYLE('',(#21284));
#21284 = FILL_AREA_STYLE_COLOUR('',#17433);
#21285 = CURVE_STYLE('',#21286,POSITIVE_LENGTH_MEASURE(0.1),#17433);
#21286 = DRAUGHTING_PRE_DEFINED_CURVE_FONT('continuous');
#21287 = STYLED_ITEM('color',(#21288),#13004);
#21288 = PRESENTATION_STYLE_ASSIGNMENT((#21289,#21294));
#21289 = SURFACE_STYLE_USAGE(.BOTH.,#21290);
#21290 = SURFACE_SIDE_STYLE('',(#21291));
#21291 = SURFACE_STYLE_FILL_AREA(#21292);
#21292 = FILL_AREA_STYLE('',(#21293));
#21293 = FILL_AREA_STYLE_COLOUR('',#17433);
#21294 = CURVE_STYLE('',#21295,POSITIVE_LENGTH_MEASURE(0.1),#17433);
#21295 = DRAUGHTING_PRE_DEFINED_CURVE_FONT('continuous');
#21296 = STYLED_ITEM('color',(#21297),#13021);
#21297 = PRESENTATION_STYLE_ASSIGNMENT((#21298,#21303));
#21298 = SURFACE_STYLE_USAGE(.BOTH.,#21299);
#21299 = SURFACE_SIDE_STYLE('',(#21300));
#21300 = SURFACE_STYLE_FILL_AREA(#21301);
#21301 = FILL_AREA_STYLE('',(#21302));
#21302 = FILL_AREA_STYLE_COLOUR('',#17433);
#21303 = CURVE_STYLE('',#21304,POSITIVE_LENGTH_MEASURE(0.1),#17433);
#21304 = DRAUGHTING_PRE_DEFINED_CURVE_FONT('continuous');
#21305 = STYLED_ITEM('color',(#21306),#13038);
#21306 = PRESENTATION_STYLE_ASSIGNMENT((#21307,#21312));
#21307 = SURFACE_STYLE_USAGE(.BOTH.,#21308);
#21308 = SURFACE_SIDE_STYLE('',(#21309));
#21309 = SURFACE_STYLE_FILL_AREA(#21310);
#21310 = FILL_AREA_STYLE('',(#21311));
#21311 = FILL_AREA_STYLE_COLOUR('',#17433);
#21312 = CURVE_STYLE('',#21313,POSITIVE_LENGTH_MEASURE(0.1),#17433);
#21313 = DRAUGHTING_PRE_DEFINED_CURVE_FONT('continuous');
#21314 = STYLED_ITEM('color',(#21315),#13055);
#21315 = PRESENTATION_STYLE_ASSIGNMENT((#21316,#21321));
#21316 = SURFACE_STYLE_USAGE(.BOTH.,#21317);
#21317 = SURFACE_SIDE_STYLE('',(#21318));
#21318 = SURFACE_STYLE_FILL_AREA(#21319);
#21319 = FILL_AREA_STYLE('',(#21320));
#21320 = FILL_AREA_STYLE_COLOUR('',#17433);
#21321 = CURVE_STYLE('',#21322,POSITIVE_LENGTH_MEASURE(0.1),#17433);
#21322 = DRAUGHTING_PRE_DEFINED_CURVE_FONT('continuous');
#21323 = STYLED_ITEM('color',(#21324),#13072);
#21324 = PRESENTATION_STYLE_ASSIGNMENT((#21325,#21330));
#21325 = SURFACE_STYLE_USAGE(.BOTH.,#21326);
#21326 = SURFACE_SIDE_STYLE('',(#21327));
#21327 = SURFACE_STYLE_FILL_AREA(#21328);
#21328 = FILL_AREA_STYLE('',(#21329));
#21329 = FILL_AREA_STYLE_COLOUR('',#17433);
#21330 = CURVE_STYLE('',#21331,POSITIVE_LENGTH_MEASURE(0.1),#17433);
#21331 = DRAUGHTING_PRE_DEFINED_CURVE_FONT('continuous');
#21332 = STYLED_ITEM('color',(#21333),#13089);
#21333 = PRESENTATION_STYLE_ASSIGNMENT((#21334,#21339));
#21334 = SURFACE_STYLE_USAGE(.BOTH.,#21335);
#21335 = SURFACE_SIDE_STYLE('',(#21336));
#21336 = SURFACE_STYLE_FILL_AREA(#21337);
#21337 = FILL_AREA_STYLE('',(#21338));
#21338 = FILL_AREA_STYLE_COLOUR('',#17433);
#21339 = CURVE_STYLE('',#21340,POSITIVE_LENGTH_MEASURE(0.1),#17433);
#21340 = DRAUGHTING_PRE_DEFINED_CURVE_FONT('continuous');
#21341 = STYLED_ITEM('color',(#21342),#13106);
#21342 = PRESENTATION_STYLE_ASSIGNMENT((#21343,#21348));
#21343 = SURFACE_STYLE_USAGE(.BOTH.,#21344);
#21344 = SURFACE_SIDE_STYLE('',(#21345));
#21345 = SURFACE_STYLE_FILL_AREA(#21346);
#21346 = FILL_AREA_STYLE('',(#21347));
#21347 = FILL_AREA_STYLE_COLOUR('',#17433);
#21348 = CURVE_STYLE('',#21349,POSITIVE_LENGTH_MEASURE(0.1),#17433);
#21349 = DRAUGHTING_PRE_DEFINED_CURVE_FONT('continuous');
#21350 = STYLED_ITEM('color',(#21351),#13123);
#21351 = PRESENTATION_STYLE_ASSIGNMENT((#21352,#21357));
#21352 = SURFACE_STYLE_USAGE(.BOTH.,#21353);
#21353 = SURFACE_SIDE_STYLE('',(#21354));
#21354 = SURFACE_STYLE_FILL_AREA(#21355);
#21355 = FILL_AREA_STYLE('',(#21356));
#21356 = FILL_AREA_STYLE_COLOUR('',#17433);
#21357 = CURVE_STYLE('',#21358,POSITIVE_LENGTH_MEASURE(0.1),#17433);
#21358 = DRAUGHTING_PRE_DEFINED_CURVE_FONT('continuous');
#21359 = STYLED_ITEM('color',(#21360),#13135);
#21360 = PRESENTATION_STYLE_ASSIGNMENT((#21361,#21366));
#21361 = SURFACE_STYLE_USAGE(.BOTH.,#21362);
#21362 = SURFACE_SIDE_STYLE('',(#21363));
#21363 = SURFACE_STYLE_FILL_AREA(#21364);
#21364 = FILL_AREA_STYLE('',(#21365));
#21365 = FILL_AREA_STYLE_COLOUR('',#17433);
#21366 = CURVE_STYLE('',#21367,POSITIVE_LENGTH_MEASURE(0.1),#17433);
#21367 = DRAUGHTING_PRE_DEFINED_CURVE_FONT('continuous');
#21368 = STYLED_ITEM('color',(#21369),#13152);
#21369 = PRESENTATION_STYLE_ASSIGNMENT((#21370,#21375));
#21370 = SURFACE_STYLE_USAGE(.BOTH.,#21371);
#21371 = SURFACE_SIDE_STYLE('',(#21372));
#21372 = SURFACE_STYLE_FILL_AREA(#21373);
#21373 = FILL_AREA_STYLE('',(#21374));
#21374 = FILL_AREA_STYLE_COLOUR('',#17433);
#21375 = CURVE_STYLE('',#21376,POSITIVE_LENGTH_MEASURE(0.1),#17433);
#21376 = DRAUGHTING_PRE_DEFINED_CURVE_FONT('continuous');
#21377 = STYLED_ITEM('color',(#21378),#13169);
#21378 = PRESENTATION_STYLE_ASSIGNMENT((#21379,#21384));
#21379 = SURFACE_STYLE_USAGE(.BOTH.,#21380);
#21380 = SURFACE_SIDE_STYLE('',(#21381));
#21381 = SURFACE_STYLE_FILL_AREA(#21382);
#21382 = FILL_AREA_STYLE('',(#21383));
#21383 = FILL_AREA_STYLE_COLOUR('',#17433);
#21384 = CURVE_STYLE('',#21385,POSITIVE_LENGTH_MEASURE(0.1),#17433);
#21385 = DRAUGHTING_PRE_DEFINED_CURVE_FONT('continuous');
#21386 = STYLED_ITEM('color',(#21387),#13186);
#21387 = PRESENTATION_STYLE_ASSIGNMENT((#21388,#21393));
#21388 = SURFACE_STYLE_USAGE(.BOTH.,#21389);
#21389 = SURFACE_SIDE_STYLE('',(#21390));
#21390 = SURFACE_STYLE_FILL_AREA(#21391);
#21391 = FILL_AREA_STYLE('',(#21392));
#21392 = FILL_AREA_STYLE_COLOUR('',#17433);
#21393 = CURVE_STYLE('',#21394,POSITIVE_LENGTH_MEASURE(0.1),#17433);
#21394 = DRAUGHTING_PRE_DEFINED_CURVE_FONT('continuous');
#21395 = STYLED_ITEM('color',(#21396),#13203);
#21396 = PRESENTATION_STYLE_ASSIGNMENT((#21397,#21402));
#21397 = SURFACE_STYLE_USAGE(.BOTH.,#21398);
#21398 = SURFACE_SIDE_STYLE('',(#21399));
#21399 = SURFACE_STYLE_FILL_AREA(#21400);
#21400 = FILL_AREA_STYLE('',(#21401));
#21401 = FILL_AREA_STYLE_COLOUR('',#17433);
#21402 = CURVE_STYLE('',#21403,POSITIVE_LENGTH_MEASURE(0.1),#17433);
#21403 = DRAUGHTING_PRE_DEFINED_CURVE_FONT('continuous');
#21404 = STYLED_ITEM('color',(#21405),#13220);
#21405 = PRESENTATION_STYLE_ASSIGNMENT((#21406,#21411));
#21406 = SURFACE_STYLE_USAGE(.BOTH.,#21407);
#21407 = SURFACE_SIDE_STYLE('',(#21408));
#21408 = SURFACE_STYLE_FILL_AREA(#21409);
#21409 = FILL_AREA_STYLE('',(#21410));
#21410 = FILL_AREA_STYLE_COLOUR('',#17433);
#21411 = CURVE_STYLE('',#21412,POSITIVE_LENGTH_MEASURE(0.1),#17433);
#21412 = DRAUGHTING_PRE_DEFINED_CURVE_FONT('continuous');
#21413 = STYLED_ITEM('color',(#21414),#13237);
#21414 = PRESENTATION_STYLE_ASSIGNMENT((#21415,#21420));
#21415 = SURFACE_STYLE_USAGE(.BOTH.,#21416);
#21416 = SURFACE_SIDE_STYLE('',(#21417));
#21417 = SURFACE_STYLE_FILL_AREA(#21418);
#21418 = FILL_AREA_STYLE('',(#21419));
#21419 = FILL_AREA_STYLE_COLOUR('',#17433);
#21420 = CURVE_STYLE('',#21421,POSITIVE_LENGTH_MEASURE(0.1),#17433);
#21421 = DRAUGHTING_PRE_DEFINED_CURVE_FONT('continuous');
#21422 = STYLED_ITEM('color',(#21423),#13254);
#21423 = PRESENTATION_STYLE_ASSIGNMENT((#21424,#21429));
#21424 = SURFACE_STYLE_USAGE(.BOTH.,#21425);
#21425 = SURFACE_SIDE_STYLE('',(#21426));
#21426 = SURFACE_STYLE_FILL_AREA(#21427);
#21427 = FILL_AREA_STYLE('',(#21428));
#21428 = FILL_AREA_STYLE_COLOUR('',#17433);
#21429 = CURVE_STYLE('',#21430,POSITIVE_LENGTH_MEASURE(0.1),#17433);
#21430 = DRAUGHTING_PRE_DEFINED_CURVE_FONT('continuous');
#21431 = STYLED_ITEM('color',(#21432),#13266);
#21432 = PRESENTATION_STYLE_ASSIGNMENT((#21433,#21438));
#21433 = SURFACE_STYLE_USAGE(.BOTH.,#21434);
#21434 = SURFACE_SIDE_STYLE('',(#21435));
#21435 = SURFACE_STYLE_FILL_AREA(#21436);
#21436 = FILL_AREA_STYLE('',(#21437));
#21437 = FILL_AREA_STYLE_COLOUR('',#17433);
#21438 = CURVE_STYLE('',#21439,POSITIVE_LENGTH_MEASURE(0.1),#17433);
#21439 = DRAUGHTING_PRE_DEFINED_CURVE_FONT('continuous');
#21440 = STYLED_ITEM('color',(#21441),#13283);
#21441 = PRESENTATION_STYLE_ASSIGNMENT((#21442,#21447));
#21442 = SURFACE_STYLE_USAGE(.BOTH.,#21443);
#21443 = SURFACE_SIDE_STYLE('',(#21444));
#21444 = SURFACE_STYLE_FILL_AREA(#21445);
#21445 = FILL_AREA_STYLE('',(#21446));
#21446 = FILL_AREA_STYLE_COLOUR('',#17433);
#21447 = CURVE_STYLE('',#21448,POSITIVE_LENGTH_MEASURE(0.1),#17433);
#21448 = DRAUGHTING_PRE_DEFINED_CURVE_FONT('continuous');
#21449 = STYLED_ITEM('color',(#21450),#13300);
#21450 = PRESENTATION_STYLE_ASSIGNMENT((#21451,#21456));
#21451 = SURFACE_STYLE_USAGE(.BOTH.,#21452);
#21452 = SURFACE_SIDE_STYLE('',(#21453));
#21453 = SURFACE_STYLE_FILL_AREA(#21454);
#21454 = FILL_AREA_STYLE('',(#21455));
#21455 = FILL_AREA_STYLE_COLOUR('',#17433);
#21456 = CURVE_STYLE('',#21457,POSITIVE_LENGTH_MEASURE(0.1),#17433);
#21457 = DRAUGHTING_PRE_DEFINED_CURVE_FONT('continuous');
#21458 = STYLED_ITEM('color',(#21459),#13317);
#21459 = PRESENTATION_STYLE_ASSIGNMENT((#21460,#21465));
#21460 = SURFACE_STYLE_USAGE(.BOTH.,#21461);
#21461 = SURFACE_SIDE_STYLE('',(#21462));
#21462 = SURFACE_STYLE_FILL_AREA(#21463);
#21463 = FILL_AREA_STYLE('',(#21464));
#21464 = FILL_AREA_STYLE_COLOUR('',#17433);
#21465 = CURVE_STYLE('',#21466,POSITIVE_LENGTH_MEASURE(0.1),#17433);
#21466 = DRAUGHTING_PRE_DEFINED_CURVE_FONT('continuous');
#21467 = STYLED_ITEM('color',(#21468),#13334);
#21468 = PRESENTATION_STYLE_ASSIGNMENT((#21469,#21474));
#21469 = SURFACE_STYLE_USAGE(.BOTH.,#21470);
#21470 = SURFACE_SIDE_STYLE('',(#21471));
#21471 = SURFACE_STYLE_FILL_AREA(#21472);
#21472 = FILL_AREA_STYLE('',(#21473));
#21473 = FILL_AREA_STYLE_COLOUR('',#17433);
#21474 = CURVE_STYLE('',#21475,POSITIVE_LENGTH_MEASURE(0.1),#17433);
#21475 = DRAUGHTING_PRE_DEFINED_CURVE_FONT('continuous');
#21476 = STYLED_ITEM('color',(#21477),#13351);
#21477 = PRESENTATION_STYLE_ASSIGNMENT((#21478,#21483));
#21478 = SURFACE_STYLE_USAGE(.BOTH.,#21479);
#21479 = SURFACE_SIDE_STYLE('',(#21480));
#21480 = SURFACE_STYLE_FILL_AREA(#21481);
#21481 = FILL_AREA_STYLE('',(#21482));
#21482 = FILL_AREA_STYLE_COLOUR('',#17433);
#21483 = CURVE_STYLE('',#21484,POSITIVE_LENGTH_MEASURE(0.1),#17433);
#21484 = DRAUGHTING_PRE_DEFINED_CURVE_FONT('continuous');
#21485 = STYLED_ITEM('color',(#21486),#13368);
#21486 = PRESENTATION_STYLE_ASSIGNMENT((#21487,#21492));
#21487 = SURFACE_STYLE_USAGE(.BOTH.,#21488);
#21488 = SURFACE_SIDE_STYLE('',(#21489));
#21489 = SURFACE_STYLE_FILL_AREA(#21490);
#21490 = FILL_AREA_STYLE('',(#21491));
#21491 = FILL_AREA_STYLE_COLOUR('',#17433);
#21492 = CURVE_STYLE('',#21493,POSITIVE_LENGTH_MEASURE(0.1),#17433);
#21493 = DRAUGHTING_PRE_DEFINED_CURVE_FONT('continuous');
#21494 = STYLED_ITEM('color',(#21495),#13385);
#21495 = PRESENTATION_STYLE_ASSIGNMENT((#21496,#21501));
#21496 = SURFACE_STYLE_USAGE(.BOTH.,#21497);
#21497 = SURFACE_SIDE_STYLE('',(#21498));
#21498 = SURFACE_STYLE_FILL_AREA(#21499);
#21499 = FILL_AREA_STYLE('',(#21500));
#21500 = FILL_AREA_STYLE_COLOUR('',#17433);
#21501 = CURVE_STYLE('',#21502,POSITIVE_LENGTH_MEASURE(0.1),#17433);
#21502 = DRAUGHTING_PRE_DEFINED_CURVE_FONT('continuous');
#21503 = STYLED_ITEM('color',(#21504),#13397);
#21504 = PRESENTATION_STYLE_ASSIGNMENT((#21505,#21510));
#21505 = SURFACE_STYLE_USAGE(.BOTH.,#21506);
#21506 = SURFACE_SIDE_STYLE('',(#21507));
#21507 = SURFACE_STYLE_FILL_AREA(#21508);
#21508 = FILL_AREA_STYLE('',(#21509));
#21509 = FILL_AREA_STYLE_COLOUR('',#17433);
#21510 = CURVE_STYLE('',#21511,POSITIVE_LENGTH_MEASURE(0.1),#17433);
#21511 = DRAUGHTING_PRE_DEFINED_CURVE_FONT('continuous');
#21512 = STYLED_ITEM('color',(#21513),#13414);
#21513 = PRESENTATION_STYLE_ASSIGNMENT((#21514,#21519));
#21514 = SURFACE_STYLE_USAGE(.BOTH.,#21515);
#21515 = SURFACE_SIDE_STYLE('',(#21516));
#21516 = SURFACE_STYLE_FILL_AREA(#21517);
#21517 = FILL_AREA_STYLE('',(#21518));
#21518 = FILL_AREA_STYLE_COLOUR('',#17433);
#21519 = CURVE_STYLE('',#21520,POSITIVE_LENGTH_MEASURE(0.1),#17433);
#21520 = DRAUGHTING_PRE_DEFINED_CURVE_FONT('continuous');
#21521 = STYLED_ITEM('color',(#21522),#13431);
#21522 = PRESENTATION_STYLE_ASSIGNMENT((#21523,#21528));
#21523 = SURFACE_STYLE_USAGE(.BOTH.,#21524);
#21524 = SURFACE_SIDE_STYLE('',(#21525));
#21525 = SURFACE_STYLE_FILL_AREA(#21526);
#21526 = FILL_AREA_STYLE('',(#21527));
#21527 = FILL_AREA_STYLE_COLOUR('',#17433);
#21528 = CURVE_STYLE('',#21529,POSITIVE_LENGTH_MEASURE(0.1),#17433);
#21529 = DRAUGHTING_PRE_DEFINED_CURVE_FONT('continuous');
#21530 = STYLED_ITEM('color',(#21531),#13448);
#21531 = PRESENTATION_STYLE_ASSIGNMENT((#21532,#21537));
#21532 = SURFACE_STYLE_USAGE(.BOTH.,#21533);
#21533 = SURFACE_SIDE_STYLE('',(#21534));
#21534 = SURFACE_STYLE_FILL_AREA(#21535);
#21535 = FILL_AREA_STYLE('',(#21536));
#21536 = FILL_AREA_STYLE_COLOUR('',#17433);
#21537 = CURVE_STYLE('',#21538,POSITIVE_LENGTH_MEASURE(0.1),#17433);
#21538 = DRAUGHTING_PRE_DEFINED_CURVE_FONT('continuous');
#21539 = STYLED_ITEM('color',(#21540),#13465);
#21540 = PRESENTATION_STYLE_ASSIGNMENT((#21541,#21546));
#21541 = SURFACE_STYLE_USAGE(.BOTH.,#21542);
#21542 = SURFACE_SIDE_STYLE('',(#21543));
#21543 = SURFACE_STYLE_FILL_AREA(#21544);
#21544 = FILL_AREA_STYLE('',(#21545));
#21545 = FILL_AREA_STYLE_COLOUR('',#17433);
#21546 = CURVE_STYLE('',#21547,POSITIVE_LENGTH_MEASURE(0.1),#17433);
#21547 = DRAUGHTING_PRE_DEFINED_CURVE_FONT('continuous');
#21548 = STYLED_ITEM('color',(#21549),#13482);
#21549 = PRESENTATION_STYLE_ASSIGNMENT((#21550,#21555));
#21550 = SURFACE_STYLE_USAGE(.BOTH.,#21551);
#21551 = SURFACE_SIDE_STYLE('',(#21552));
#21552 = SURFACE_STYLE_FILL_AREA(#21553);
#21553 = FILL_AREA_STYLE('',(#21554));
#21554 = FILL_AREA_STYLE_COLOUR('',#17433);
#21555 = CURVE_STYLE('',#21556,POSITIVE_LENGTH_MEASURE(0.1),#17433);
#21556 = DRAUGHTING_PRE_DEFINED_CURVE_FONT('continuous');
#21557 = STYLED_ITEM('color',(#21558),#13499);
#21558 = PRESENTATION_STYLE_ASSIGNMENT((#21559,#21564));
#21559 = SURFACE_STYLE_USAGE(.BOTH.,#21560);
#21560 = SURFACE_SIDE_STYLE('',(#21561));
#21561 = SURFACE_STYLE_FILL_AREA(#21562);
#21562 = FILL_AREA_STYLE('',(#21563));
#21563 = FILL_AREA_STYLE_COLOUR('',#17433);
#21564 = CURVE_STYLE('',#21565,POSITIVE_LENGTH_MEASURE(0.1),#17433);
#21565 = DRAUGHTING_PRE_DEFINED_CURVE_FONT('continuous');
#21566 = STYLED_ITEM('color',(#21567),#13516);
#21567 = PRESENTATION_STYLE_ASSIGNMENT((#21568,#21573));
#21568 = SURFACE_STYLE_USAGE(.BOTH.,#21569);
#21569 = SURFACE_SIDE_STYLE('',(#21570));
#21570 = SURFACE_STYLE_FILL_AREA(#21571);
#21571 = FILL_AREA_STYLE('',(#21572));
#21572 = FILL_AREA_STYLE_COLOUR('',#17433);
#21573 = CURVE_STYLE('',#21574,POSITIVE_LENGTH_MEASURE(0.1),#17433);
#21574 = DRAUGHTING_PRE_DEFINED_CURVE_FONT('continuous');
#21575 = STYLED_ITEM('color',(#21576),#13528);
#21576 = PRESENTATION_STYLE_ASSIGNMENT((#21577,#21582));
#21577 = SURFACE_STYLE_USAGE(.BOTH.,#21578);
#21578 = SURFACE_SIDE_STYLE('',(#21579));
#21579 = SURFACE_STYLE_FILL_AREA(#21580);
#21580 = FILL_AREA_STYLE('',(#21581));
#21581 = FILL_AREA_STYLE_COLOUR('',#17433);
#21582 = CURVE_STYLE('',#21583,POSITIVE_LENGTH_MEASURE(0.1),#17433);
#21583 = DRAUGHTING_PRE_DEFINED_CURVE_FONT('continuous');
#21584 = STYLED_ITEM('color',(#21585),#13545);
#21585 = PRESENTATION_STYLE_ASSIGNMENT((#21586,#21591));
#21586 = SURFACE_STYLE_USAGE(.BOTH.,#21587);
#21587 = SURFACE_SIDE_STYLE('',(#21588));
#21588 = SURFACE_STYLE_FILL_AREA(#21589);
#21589 = FILL_AREA_STYLE('',(#21590));
#21590 = FILL_AREA_STYLE_COLOUR('',#17433);
#21591 = CURVE_STYLE('',#21592,POSITIVE_LENGTH_MEASURE(0.1),#17433);
#21592 = DRAUGHTING_PRE_DEFINED_CURVE_FONT('continuous');
#21593 = STYLED_ITEM('color',(#21594),#13562);
#21594 = PRESENTATION_STYLE_ASSIGNMENT((#21595,#21600));
#21595 = SURFACE_STYLE_USAGE(.BOTH.,#21596);
#21596 = SURFACE_SIDE_STYLE('',(#21597));
#21597 = SURFACE_STYLE_FILL_AREA(#21598);
#21598 = FILL_AREA_STYLE('',(#21599));
#21599 = FILL_AREA_STYLE_COLOUR('',#17433);
#21600 = CURVE_STYLE('',#21601,POSITIVE_LENGTH_MEASURE(0.1),#17433);
#21601 = DRAUGHTING_PRE_DEFINED_CURVE_FONT('continuous');
#21602 = STYLED_ITEM('color',(#21603),#13579);
#21603 = PRESENTATION_STYLE_ASSIGNMENT((#21604,#21609));
#21604 = SURFACE_STYLE_USAGE(.BOTH.,#21605);
#21605 = SURFACE_SIDE_STYLE('',(#21606));
#21606 = SURFACE_STYLE_FILL_AREA(#21607);
#21607 = FILL_AREA_STYLE('',(#21608));
#21608 = FILL_AREA_STYLE_COLOUR('',#17433);
#21609 = CURVE_STYLE('',#21610,POSITIVE_LENGTH_MEASURE(0.1),#17433);
#21610 = DRAUGHTING_PRE_DEFINED_CURVE_FONT('continuous');
#21611 = STYLED_ITEM('color',(#21612),#13596);
#21612 = PRESENTATION_STYLE_ASSIGNMENT((#21613,#21618));
#21613 = SURFACE_STYLE_USAGE(.BOTH.,#21614);
#21614 = SURFACE_SIDE_STYLE('',(#21615));
#21615 = SURFACE_STYLE_FILL_AREA(#21616);
#21616 = FILL_AREA_STYLE('',(#21617));
#21617 = FILL_AREA_STYLE_COLOUR('',#17433);
#21618 = CURVE_STYLE('',#21619,POSITIVE_LENGTH_MEASURE(0.1),#17433);
#21619 = DRAUGHTING_PRE_DEFINED_CURVE_FONT('continuous');
#21620 = STYLED_ITEM('color',(#21621),#13613);
#21621 = PRESENTATION_STYLE_ASSIGNMENT((#21622,#21627));
#21622 = SURFACE_STYLE_USAGE(.BOTH.,#21623);
#21623 = SURFACE_SIDE_STYLE('',(#21624));
#21624 = SURFACE_STYLE_FILL_AREA(#21625);
#21625 = FILL_AREA_STYLE('',(#21626));
#21626 = FILL_AREA_STYLE_COLOUR('',#17433);
#21627 = CURVE_STYLE('',#21628,POSITIVE_LENGTH_MEASURE(0.1),#17433);
#21628 = DRAUGHTING_PRE_DEFINED_CURVE_FONT('continuous');
#21629 = STYLED_ITEM('color',(#21630),#13630);
#21630 = PRESENTATION_STYLE_ASSIGNMENT((#21631,#21636));
#21631 = SURFACE_STYLE_USAGE(.BOTH.,#21632);
#21632 = SURFACE_SIDE_STYLE('',(#21633));
#21633 = SURFACE_STYLE_FILL_AREA(#21634);
#21634 = FILL_AREA_STYLE('',(#21635));
#21635 = FILL_AREA_STYLE_COLOUR('',#17433);
#21636 = CURVE_STYLE('',#21637,POSITIVE_LENGTH_MEASURE(0.1),#17433);
#21637 = DRAUGHTING_PRE_DEFINED_CURVE_FONT('continuous');
#21638 = STYLED_ITEM('color',(#21639),#13647);
#21639 = PRESENTATION_STYLE_ASSIGNMENT((#21640,#21645));
#21640 = SURFACE_STYLE_USAGE(.BOTH.,#21641);
#21641 = SURFACE_SIDE_STYLE('',(#21642));
#21642 = SURFACE_STYLE_FILL_AREA(#21643);
#21643 = FILL_AREA_STYLE('',(#21644));
#21644 = FILL_AREA_STYLE_COLOUR('',#17433);
#21645 = CURVE_STYLE('',#21646,POSITIVE_LENGTH_MEASURE(0.1),#17433);
#21646 = DRAUGHTING_PRE_DEFINED_CURVE_FONT('continuous');
#21647 = STYLED_ITEM('color',(#21648),#13659);
#21648 = PRESENTATION_STYLE_ASSIGNMENT((#21649,#21655));
#21649 = SURFACE_STYLE_USAGE(.BOTH.,#21650);
#21650 = SURFACE_SIDE_STYLE('',(#21651));
#21651 = SURFACE_STYLE_FILL_AREA(#21652);
#21652 = FILL_AREA_STYLE('',(#21653));
#21653 = FILL_AREA_STYLE_COLOUR('',#21654);
#21654 = COLOUR_RGB('',0.690999998585,0.664000007176,0.597999987832);
#21655 = CURVE_STYLE('',#21656,POSITIVE_LENGTH_MEASURE(0.1),#21654);
#21656 = DRAUGHTING_PRE_DEFINED_CURVE_FONT('continuous');
ENDSEC;
END-ISO-10303-21;
